#
# A fatal error has been detected by the Java Runtime Environment:
#
#  Internal Error (os_windows_x86.cpp:97), pid=22520, tid=18000
#  guarantee(result == EXCEPTION_CONTINUE_EXECUTION) failed: Unexpected result from topLevelExceptionFilter
#
# JRE version: OpenJDK Runtime Environment Microsoft-14670760 (25.0.4+7) (build 25.0.4+7-LTS)
# Java VM: OpenJDK 64-Bit Server VM Microsoft-14670760 (25.0.4+7-LTS, mixed mode, sharing, tiered, compressed oops, compressed class ptrs, g1 gc, windows-amd64)
# Problematic frame:
# V  [jvm.dll+0x7b5a95]
#
# No core dump will be written. Minidumps are not enabled by default on client versions of Windows
#
# If you would like to submit a bug report, please visit:
#   https://github.com/microsoft/openjdk/issues
# The crash happened outside the Java Virtual Machine in native code.
# See problematic frame for where to report the bug.
#

---------------  S U M M A R Y ------------

Command Line: --enable-native-access=org.lwjgl,org.lwjgl.opengl,org.lwjgl.stb -Dorg.lwjgl.system.allocator=system -Xcheck:jni -javaagent:C:\Program Files\JetBrains\IntelliJ IDEA 2026.2.0.1\lib\idea_rt.jar=60581 -Dfile.encoding=UTF-8 -Dsun.stdout.encoding=UTF-8 -Dsun.stderr.encoding=UTF-8 --module-path=C:\Users\canay\.m2\repository\org\lwjgl\lwjgl-opengl\3.4.2\lwjgl-opengl-3.4.2.jar;C:\Users\canay\.m2\repository\org\lwjgl\lwjgl-assimp\3.4.2\lwjgl-assimp-3.4.2.jar;C:\Users\canay\Documents\Java\LWJGLEngine\engine-editor\target\classes;C:\Users\canay\Documents\Java\LWJGLEngine\engine-core\target\classes;C:\Users\canay\.m2\repository\org\projectlombok\lombok\1.18.46\lombok-1.18.46.jar;C:\Users\canay\.m2\repository\io\github\spair\imgui-java-binding\1.89.0\imgui-java-binding-1.89.0.jar;C:\Users\canay\.m2\repository\org\lwjgl\lwjgl-glfw\3.4.2\lwjgl-glfw-3.4.2.jar;C:\Users\canay\.m2\repository\org\joml\joml\1.10.9\joml-1.10.9.jar;C:\Users\canay\.m2\repository\io\github\spair\imgui-java-lwjgl3\1.89.0\imgui-java-lwjgl3-1.89.0.jar;C:\Users\canay\.m2\repository\org\lwjgl\lwjgl\3.4.2\lwjgl-3.4.2.jar;C:\Users\canay\.m2\repository\org\lwjgl\lwjgl-stb\3.4.2\lwjgl-stb-3.4.2.jar -Djdk.module.main=engine.editor engine.editor/editor.Editor

Host: 11th Gen Intel(R) Core(TM) i7-11800H @ 2.30GHz, 16 cores, 15G,  Windows 11 , 64 bit Build 26100 (10.0.26100.9168)
Time: Thu Aug 27 15:07:17 2026 Hora de verano romance elapsed time: 81.076768 seconds (0d 0h 1m 21s)

---------------  T H R E A D  ---------------

Current thread (0x0000017bbf0310c0):  JavaThread "main"             [_thread_in_native, id=18000, stack(0x0000005eff700000,0x0000005eff800000) (1024K)]

Stack: [0x0000005eff700000,0x0000005eff800000],  sp=0x0000005eff7fdb40,  free space=1014k
Native frames: (J=compiled Java code, j=interpreted, Vv=VM code, C=native code)
V  [jvm.dll+0x7b5a95]  (no source info available)
C  [ntdll.dll+0x164abf]  (no source info available)
C  [ntdll.dll+0x45e97]  (no source info available)
C  [ntdll.dll+0x1643fe]  (no source info available)
C  [imgui-java64.dll+0x3ebc2]  (no source info available)
C  [imgui-java64.dll+0x191d42]  (no source info available)
C  [imgui-java64.dll+0x19456f]  (no source info available)
C  [imgui-java64.dll+0x66f72]  (no source info available)
C  0x0000017bcf80a0ff  (no source info available)

The last pc belongs to native nmethod (printed below).
Java frames: (J=compiled Java code, j=interpreted, Vv=VM code)
J 3412  imgui.ImGui.nShowMetricsWindow()V imgui.binding@1.89.0 (0 bytes) @ 0x0000017bcf80a0c6 [0x0000017bcf80a080+0x0000000000000046]
J 4021 c2 core.renderer.Renderer.beginFrame()V engine.core (46 bytes) @ 0x0000017bcf864ee8 [0x0000017bcf864820+0x00000000000006c8]
J 3928% c2 core.Engine.loop()V engine.core (245 bytes) @ 0x0000017bcf85b984 [0x0000017bcf85b520+0x0000000000000464]
j  core.Engine.run()V+5 engine.core
j  editor.Editor.main()V+8 engine.editor
v  ~StubRoutines::call_stub 0x0000017bcef912ed



Registers:
RAX=0x0000017bbe7f0000, RBX=0x0000005eff7fe7f0, RCX=0x00007ffdff9e6570, RDX=0x0000000000000061
RSP=0x0000005eff7fdb40, RBP=0x0000005eff7fe110, RSI=0x0000000000000000, RDI=0x0000000000000000
R8 =0x00007ffdff9e6530, R9 =0x00007ffdff9e6500, R10=0x00007ffdff5b5a50, R11=0x0000005eff7fdb80
R12=0x0000017bcf80a0ff, R13=0x0000017bcef90370, R14=0x0000005eff7fdc10, R15=0x0000005eff7fe300
RIP=0x00007ffdff5b5a95, EFLAGS=0x0000000000010213

XMM[0]=0x0000000000000000 0x0000000000000000
XMM[1]=0x0000000000000000 0x00026bf8007f4000
XMM[2]=0x0000000000000000 0x0000000044480000
XMM[3]=0x0000000000000000 0x0000000044160000
XMM[4]=0x0000000000000000 0x0000000043650000
XMM[5]=0x0000000000000000 0x0000000043520000
XMM[6]=0x0000000000000000 0x0000000042e00000
XMM[7]=0x0000000000000000 0x4352000043938000
XMM[8]=0x0000000000000000 0x0000000041980000
XMM[9]=0x0000000000000000 0x4352000043520000
XMM[10]=0x0000000000000000 0x4352000043938000
XMM[11]=0x4352000043520000 0x4352000043938000
XMM[12]=0x0000000000000000 0x00000000c018896b
XMM[13]=0x0000000000000000 0x0000000000000000
XMM[14]=0x0000000000000000 0x000000003f800000
XMM[15]=0x0000000000000000 0x00000000bf395ef0
  MXCSR=0x00001fa0


Register to memory mapping:

RAX=0x0000017bbe7f0000 points into unknown readable memory: 0x0000000000000058 | 58 00 00 00 00 00 00 00
RBX=0x0000005eff7fe7f0 is pointing into the stack for thread: 0x0000017bbf0310c0
RCX=0x00007ffdff9e6570 jvm.dll
RDX=0x0000000000000061 is an unknown value
RSP=0x0000005eff7fdb40 is pointing into the stack for thread: 0x0000017bbf0310c0
RBP=0x0000005eff7fe110 is pointing into the stack for thread: 0x0000017bbf0310c0
RSI=0x0 is null
RDI=0x0 is null
R8 =0x00007ffdff9e6530 jvm.dll
R9 =0x00007ffdff9e6500 jvm.dll
R10=0x00007ffdff5b5a50 jvm.dll
R11=0x0000005eff7fdb80 is pointing into the stack for thread: 0x0000017bbf0310c0
R12=0x0000017bcf80a0ff is at entry_point+127 in (nmethod*)0x0000017bcf809f88
Compiled method (n/a) 81127 3412     n 0       imgui.ImGui::nShowMetricsWindow (native)
 total in heap  [0x0000017bcf809f88,0x0000017bcf80a200] = 632
 main code      [0x0000017bcf80a080,0x0000017bcf80a1f5] = 373
 stub code      [0x0000017bcf80a1f5,0x0000017bcf80a1f8] = 3
 oops           [0x0000017bcf80a1f8,0x0000017bcf80a200] = 8
 mutable data [0x0000017bf07a0a00,0x0000017bf07a0a20] = 32
 relocation     [0x0000017bf07a0a00,0x0000017bf07a0a20] = 32
0x0000017bcf80a0af:   49 be e8 2b 8f 0a 07 00 00 00 4c 89 74 24 50 4c
0x0000017bcf80a0bf:   8d 74 24 50 49 8b d6 c5 f8 77 49 ba c6 a0 80 cf
0x0000017bcf80a0cf:   7b 01 00 00 4d 89 97 30 04 00 00 49 89 a7 28 04
0x0000017bcf80a0df:   00 00 49 8d 8f 48 04 00 00 41 c7 87 d4 04 00 00
0x0000017bcf80a0ef:   04 00 00 00 48 b8 a0 82 5a fc fd 7f 00 00 ff d0
0x0000017bcf80a0ff:   e8 e5 72 78 ff c5 f8 77 41 c7 87 d4 04 00 00 05
0x0000017bcf80a10f:   00 00 00 f0 83 44 24 c0 00 49 3b 6f 28 0f 87 0e
0x0000017bcf80a11f:   00 00 00 41 83 bf d0 04 00 00 00 0f 84 23 00 00
0x0000017bcf80a12f:   00 c5 f8 77 49 8b cf 4c 8b e4 48 83 ec 20 48 83
0x0000017bcf80a13f:   e4 f0 
R13=0x0000017bcef90370 is at code_begin+16 in 
[CodeBlob kind:2 (0x0000017bcef90308)]
Framesize: 0
BufferBlob (0x0000017bcef90308) used for CodeCache Exception Handler
R14=0x0000005eff7fdc10 is pointing into the stack for thread: 0x0000017bbf0310c0
R15=0x0000005eff7fe300 is pointing into the stack for thread: 0x0000017bbf0310c0

Top of Stack: (sp=0x0000005eff7fdb40)
0x0000005eff7fdb40:   0000017b00000004 0000005e00000004   ....{.......^...
0x0000005eff7fdb50:   0000005eff7fe7f0 00007ffdff9e6500   ....^....e......
0x0000005eff7fdb60:   0000005eff7fe7f0 0000005eff7fe300   ....^.......^...
0x0000005eff7fdb70:   0000005eff7fdc10 00007ffea2f64abf   ....^....J......
0x0000005eff7fdb80:   0000005eff7fe300 0000005eff7fdc10   ....^.......^...
0x0000005eff7fdb90:   0000017bcef90370 0000017bcf80a0ff   p...{.......{...
0x0000005eff7fdba0:   0000005eff7fe160 00007ffea2e45e97   `...^....^......
0x0000005eff7fdbb0:   0000005eff7fe7f0 0000017bc7b30000   ....^.......{...
0x0000005eff7fdbc0:   0000017bcf80a0ff 0000017bcef90370   ....{...p...{...
0x0000005eff7fdbd0:   0000005eff7fdc10 0000000000000000   ....^...........
0x0000005eff7fdbe0:   0000005eff7fe128 0000005eff7fe118   (...^.......^...
0x0000005eff7fdbf0:   0000005eff7fe120 0000005eff7fe1b8    ...^.......^...
0x0000005eff7fdc00:   0000005e00000001 0000005eff7febf4   ....^.......^...
0x0000005eff7fdc10:   00000000ffffffff 0000000000000000   ................
0x0000005eff7fdc20:   0000000000000003 0000005eff7fdce8   ............^...
0x0000005eff7fdc30:   0000005eff7fec20 0000005eff7fec24    ...^...$...^...
0x0000005eff7fdc40:   00001fa00010000f 0000017bbf030033   ........3...{...
0x0000005eff7fdc50:   00000246002bdcd8 0000000000000003   ..+.F...........
0x0000005eff7fdc60:   0000017be040c128 0000017be040c128   (.@.{...(.@.{...
0x0000005eff7fdc70:   0000000000000003 0000017bc80e4908   .........I..{...
0x0000005eff7fdc80:   0000005eff7fec00 0000005eff7fec04   ....^.......^...
0x0000005eff7fdc90:   0000017be040c128 0000005eff7fdd90   (.@.{.......^...
0x0000005eff7fdca0:   00000000e1502193 0000005eff7ff538   .!P.....8...^...
0x0000005eff7fdcb0:   0000005eff7ff590 00000007044a07a8   ....^.....J.....
0x0000005eff7fdcc0:   0000000000034001 0000005eff7febd4   .@..........^...
0x0000005eff7fdcd0:   0000017be040c128 0000017be040c128   (.@.{...(.@.{...
0x0000005eff7fdce0:   0000017bbf0310c0 0000000000000000   ....{...........
0x0000005eff7fdcf0:   00000000000002a8 0000005eff7ff580   ............^...
0x0000005eff7fdd00:   0000017bbf0310c0 0000017be4b57010   ....{....p..{...
0x0000005eff7fdd10:   000000000020027f 00000000fc7e9854   .. .....T.~.....
0x0000005eff7fdd20:   0000000000000000 0000ffff00001fa0   ................
0x0000005eff7fdd30:   0000000000000000 0000000000000000   ................

Instructions: (pc=0x00007ffdff5b5a95)
  0x00007ffdff5b5995:   e8 b6 1b 28 00 e8 e1 55 1b 00 b8 01 00 00 00 48
  0x00007ffdff5b59a5:   83 c4 28 c3 80 3d 61 4c 66 00 00 74 0b b9 01 00
  0x00007ffdff5b59b5:   00 00 ff 15 03 2c 2d 00 b8 01 00 00 00 48 83 c4
  0x00007ffdff5b59c5:   28 c3 cc cc cc cc cc cc cc cc cc 4c 89 44 24 18
  0x00007ffdff5b59d5:   4c 89 4c 24 20 53 55 56 57 48 83 ec 38 49 8b f0
  0x00007ffdff5b59e5:   48 8d 6c 24 78 48 8b da 48 8b f9 e8 7b ae 93 ff
  0x00007ffdff5b59f5:   48 89 6c 24 28 4c 8b ce 4c 8b c3 48 c7 44 24 20
  0x00007ffdff5b5a05:   00 00 00 00 48 8b d7 48 8b 08 48 83 c9 01 ff 15
  0x00007ffdff5b5a15:   37 2e 2d 00 85 c0 b9 ff ff ff ff 0f 48 c1 48 83
  0x00007ffdff5b5a25:   c4 38 5f 5e 5d 5b c3 cc cc cc cc 48 ff 25 61 27
  0x00007ffdff5b5a35:   2d 00 cc cc cc cc cc cc cc cc cc e9 fb 22 02 00
  0x00007ffdff5b5a45:   cc cc cc cc cc cc cc cc cc cc cc 48 83 ec 38 48
  0x00007ffdff5b5a55:   89 4c 24 20 48 8d 4c 24 20 4c 89 44 24 28 e8 f8
  0x00007ffdff5b5a65:   ec ff ff 83 f8 ff 75 07 33 c0 48 83 c4 38 c3 48
  0x00007ffdff5b5a75:   8b 05 f5 6a 5f 00 4c 8d 0d 7e 0a 43 00 4c 8d 05
  0x00007ffdff5b5a85:   a7 0a 43 00 ba 61 00 00 00 48 8d 0d db 0a 43 00
=>0x00007ffdff5b5a95:   c6 00 58 e8 d3 f9 b4 ff cc cc cc 40 53 48 83 ec
  0x00007ffdff5b5aa5:   50 48 8b 05 13 e2 61 00 48 33 c4 48 89 44 24 48
  0x00007ffdff5b5ab5:   33 db 4c 8d 44 24 38 48 8d 15 75 f1 42 00 48 89
  0x00007ffdff5b5ac5:   5c 24 40 48 c7 c1 02 00 00 80 ff 15 b3 25 2d 00
  0x00007ffdff5b5ad5:   85 c0 75 5a 48 8b 4c 24 38 48 8d 44 24 30 48 89
  0x00007ffdff5b5ae5:   44 24 28 48 8d 15 59 0d 43 00 48 8d 44 24 40 c7
  0x00007ffdff5b5af5:   44 24 30 08 00 00 00 45 33 c9 48 89 44 24 20 45
  0x00007ffdff5b5b05:   33 c0 ff 15 a3 25 2d 00 85 c0 75 17 8b 44 24 30
  0x00007ffdff5b5b15:   83 f8 04 75 06 8b 5c 24 40 eb 08 83 f8 08 0f 44
  0x00007ffdff5b5b25:   5c 24 44 48 8b 4c 24 38 ff 15 5d 25 2d 00 8b c3
  0x00007ffdff5b5b35:   48 8b 4c 24 48 48 33 cc e8 2e 06 2d 00 48 83 c4
  0x00007ffdff5b5b45:   50 5b c3 cc cc cc cc cc cc cc cc 33 c0 c7 41 20
  0x00007ffdff5b5b55:   02 00 00 00 48 89 41 08 48 89 01 48 89 41 30 48
  0x00007ffdff5b5b65:   89 41 28 48 89 41 10 48 89 41 18 88 41 24 48 8b
  0x00007ffdff5b5b75:   c1 c3 cc cc cc cc cc cc cc cc cc 48 8b 05 01 92
  0x00007ffdff5b5b85:   69 00 48 ff e0 cc cc cc cc cc cc e9 bb 9f 25 00


Stack slot to memory mapping:

stack at sp + 0 slots: 0x0000017b00000004 is an unknown value
stack at sp + 1 slots: 0x0000005e00000004 is an unknown value
stack at sp + 2 slots: 0x0000005eff7fe7f0 is pointing into the stack for thread: 0x0000017bbf0310c0
stack at sp + 3 slots: 0x00007ffdff9e6500 jvm.dll
stack at sp + 4 slots: 0x0000005eff7fe7f0 is pointing into the stack for thread: 0x0000017bbf0310c0
stack at sp + 5 slots: 0x0000005eff7fe300 is pointing into the stack for thread: 0x0000017bbf0310c0
stack at sp + 6 slots: 0x0000005eff7fdc10 is pointing into the stack for thread: 0x0000017bbf0310c0
stack at sp + 7 slots: 0x00007ffea2f64abf ntdll.dll

Lock stack of current Java thread (top to bottom):


Compiled method (n/a) 81137 3412     n 0       imgui.ImGui::nShowMetricsWindow (native)
 total in heap  [0x0000017bcf809f88,0x0000017bcf80a200] = 632
 main code      [0x0000017bcf80a080,0x0000017bcf80a1f5] = 373
 stub code      [0x0000017bcf80a1f5,0x0000017bcf80a1f8] = 3
 oops           [0x0000017bcf80a1f8,0x0000017bcf80a200] = 8
 mutable data [0x0000017bf07a0a00,0x0000017bf07a0a20] = 32
 relocation     [0x0000017bf07a0a00,0x0000017bf07a0a20] = 32

[Constant Pool (empty)]

[MachCode]
[Entry Point]
  # {method} {0x0000017be0b557e8} 'nShowMetricsWindow' '()V' in 'imgui/ImGui'
  #           [sp+0x70]  (sp of caller)
  0x0000017bcf80a080: 6690 448b | 5208 443b 

  0x0000017bcf80a088: ;   {runtime_call Shared Runtime ic_miss_blob}
  0x0000017bcf80a088: 5008 0f85 | 504c 7dff 
[Verified Entry Point]
  0x0000017bcf80a090: 8984 2400 | 80ff ff55 | 488b ec48 | 83ec 6090 | 4181 7f20 | 0100 0000 

  0x0000017bcf80a0a8: ;   {runtime_call Stub::method_entry_barrier}
  0x0000017bcf80a0a8: 7405 e831 

  0x0000017bcf80a0ac: ;   {oop(a 'java/lang/Class'{0x000000070a8f2be8} = 'imgui/ImGui')}
  0x0000017bcf80a0ac: c57b ff49 | bee8 2b8f | 0a07 0000 | 004c 8974 | 2450 4c8d | 7424 5049 | 8bd6 c5f8 

  0x0000017bcf80a0c8: ;   {internal_word}
  0x0000017bcf80a0c8: 7749 bac6 | a080 cf7b | 0100 004d | 8997 3004 | 0000 4989 | a728 0400 | 0049 8d8f | 4804 0000 
  0x0000017bcf80a0e8: 41c7 87d4 | 0400 0004 

  0x0000017bcf80a0f0: ;   {runtime_call}
  0x0000017bcf80a0f0: 0000 0048 | b8a0 825a | fcfd 7f00 

  0x0000017bcf80a0fc: ;   {runtime_call Stub::verify_mxcsr}
  0x0000017bcf80a0fc: 00ff d0e8 | e572 78ff | c5f8 7741 | c787 d404 | 0000 0500 | 0000 f083 | 4424 c000 | 493b 6f28 
  0x0000017bcf80a11c: 0f87 0e00 | 0000 4183 | bfd0 0400 | 0000 0f84 | 2300 0000 | c5f8 7749 | 8bcf 4c8b | e448 83ec 
  0x0000017bcf80a13c: 2048 83e4 

  0x0000017bcf80a140: ;   {runtime_call}
  0x0000017bcf80a140: f048 b880 | 6729 fffd | 7f00 00ff | d049 8be4 | 4d33 e441 | c787 d404 | 0000 0800 | 0000 4183 
  0x0000017bcf80a160: bf50 0500 | 0002 0f84 | 6400 0000 | 49c7 8728 | 0400 0000 | 0000 0049 | c787 3004 | 0000 0000 
  0x0000017bcf80a180: 0000 c5f8 | 7749 c787 | a805 0000 | 0000 0000 | 498b 8fb8 | 0400 00c7 | 8100 0100 | 0000 0000 
  0x0000017bcf80a1a0: ;   {poll_return}
  0x0000017bcf80a1a0: 00c9 41f6 | 4728 0174 

  0x0000017bcf80a1a8: ;   {internal_word}
  0x0000017bcf80a1a8: 1649 baa2 | a180 cf7b | 0100 004d | 8997 e004 

  0x0000017bcf80a1b8: ;   {runtime_call SafepointBlob}
  0x0000017bcf80a1b8: 0000 e9a1 | 807d ff49 | 837f 0800 | 0f85 0100 

  0x0000017bcf80a1c8: ;   {runtime_call Stub::forward_exception}
  0x0000017bcf80a1c8: 0000 c3e9 | 1070 78ff | c5f8 774c | 8be4 4883 | ec20 4883 

  0x0000017bcf80a1dc: ;   {runtime_call}
  0x0000017bcf80a1dc: e4f0 48b8 | 00ec 62ff | fd7f 0000 | ffd0 498b | e44d 33e4 | e977 ffff | fff4 f4f4 
[/MachCode]


Compiled method (c2) 81139 4021       4       core.renderer.Renderer::beginFrame (46 bytes)
 total in heap  [0x0000017bcf864708,0x0000017bcf869958] = 21072
 constants      [0x0000017bcf864800,0x0000017bcf864820] = 32
 main code      [0x0000017bcf864820,0x0000017bcf8695a0] = 19840
 stub code      [0x0000017bcf8695a0,0x0000017bcf869798] = 504
 oops           [0x0000017bcf869798,0x0000017bcf869958] = 448
 mutable data [0x0000017bf04994a0,0x0000017bf049a1a8] = 3336
 relocation     [0x0000017bf04994a0,0x0000017bf0499b38] = 1688
 metadata       [0x0000017bf0499b38,0x0000017bf049a1a8] = 1648
 immutable data [0x0000017be4606f80,0x0000017be460a258] = 13016
 dependencies   [0x0000017be4606f80,0x0000017be4607140] = 448
 nul chk table  [0x0000017be4607140,0x0000017be46072b8] = 376
 handler table  [0x0000017be46072b8,0x0000017be4607a08] = 1872
 scopes pcs     [0x0000017be4607a08,0x0000017be4608708] = 3328
 scopes data    [0x0000017be4608708,0x0000017be460a258] = 6992


[Constant Pool]
             Address          hex4                    hex8      
  0x0000017bcf864800:   0x00000000      0x41cdcd6500000000      
  0x0000017bcf864804:   0x41cdcd65                              
  0x0000017bcf864808:   0x00000000      0x0000000000000000      
  0x0000017bcf86480c:   0x00000000                              
  0x0000017bcf864810:   0xf4f4f4f4      0xf4f4f4f4f4f4f4f4      
  0x0000017bcf864814:   0xf4f4f4f4                              
  0x0000017bcf864818:   0xf4f4f4f4      0xf4f4f4f4f4f4f4f4      
  0x0000017bcf86481c:   0xf4f4f4f4                              

[MachCode]
[Instructions begin]
  0x0000017bcf864820: ;   {other}
  0x0000017bcf864820: 6690 448b | 5208 443b 

  0x0000017bcf864828: ;   {runtime_call Shared Runtime ic_miss_blob}
  0x0000017bcf864828: 5008 0f85 | b0a4 77ff 
[Verified Entry Point]
  0x0000017bcf864830: 8984 2400 | 80ff ff55 | 4881 ec90 | 0000 0090 | 4181 7f20 | 0100 0000 | 0f85 414d | 0000 488b 
  0x0000017bcf864850: ea44 8b52 | 0c47 8b54 | d414 478b | 44d4 0c41 | 83f8 030f | 869b 2e00 | 00c4 817a | 1044 d410 
  0x0000017bcf864870: c481 7a10 | 4cd4 14c4 | 817a 1054 | d418 c481 | 7a10 5cd4 | 1c66 6690 

  0x0000017bcf864888: ;   {static_call}
  0x0000017bcf864888: c5f8 77e8 

  0x0000017bcf86488c: ; ImmutableOopMap {rbp=Oop }
                      ;*invokestatic glClearColor {reexecute=0 rethrow=0 return_oop=0}
                      ; - org.lwjgl.opengl.GL11::glClearColor@4 (line 792)
                      ; - core.renderer.Renderer::beginFrame@20 (line 30)
  0x0000017bcf86488c: 002b faff 

  0x0000017bcf864890: ;   {post_call_nop}
  0x0000017bcf864890: 0f1f 8400 | 8801 0000 | ba00 4100 | 0066 6690 

  0x0000017bcf8648a0: ;   {static_call}
  0x0000017bcf8648a0: c5f8 77e8 

  0x0000017bcf8648a4: ; ImmutableOopMap {rbp=Oop }
                      ;*invokestatic glClear {reexecute=0 rethrow=0 return_oop=0}
                      ; - org.lwjgl.opengl.GL11::glClear@1 (line 780)
                      ; - core.renderer.Renderer::beginFrame@26 (line 31)
  0x0000017bcf8648a4: e82d faff 

  0x0000017bcf8648a8: ;   {post_call_nop}
  0x0000017bcf8648a8: 0f1f 8400 | a001 0001 | ba08 0400 | 0041 b802 | 1b00 0090 

  0x0000017bcf8648bc: ;   {static_call}
  0x0000017bcf8648bc: c5f8 77e8 

  0x0000017bcf8648c0: ; ImmutableOopMap {rbp=Oop }
                      ;*invokestatic glPolygonMode {reexecute=0 rethrow=0 return_oop=0}
                      ; - org.lwjgl.opengl.GL11::glPolygonMode@2 (line 2805)
                      ; - core.renderer.Renderer::beginFrame@35 (line 34)
  0x0000017bcf8648c0: 4c42 f9ff 

  0x0000017bcf8648c4: ;   {post_call_nop}
  0x0000017bcf8648c4: 0f1f 8400 | bc01 0002 | 448b 550c 

  0x0000017bcf8648d0: ; implicit exception: dispatches to 0x0000017bcf868640
  0x0000017bcf8648d0: 438b 6cd4 | 0c85 ed0f | 840f 2e00 | 004f 8d1c | d44c 895c | 2438 4489 | 5424 284d | 8d14 ec4c 
  0x0000017bcf8648f0: 8954 2430 

  0x0000017bcf8648f4: ;   {static_call}
  0x0000017bcf8648f4: c5f8 77e8 

  0x0000017bcf8648f8: ; ImmutableOopMap {rbp=NarrowOop [40]=NarrowOop [48]=Oop [56]=Oop }
                      ;*invokestatic nGetIO {reexecute=0 rethrow=0 return_oop=0}
                      ; - imgui.ImGui::getIO@3 (line 222)
                      ; - imgui.glfw.ImGuiImplGlfw::newFrame@0 (line 1115)
                      ; - core.renderer.DebugGui::beginFrame@4 (line 53)
                      ; - core.renderer.Renderer::beginFrame@42 (line 36)
  0x0000017bcf8648f8: 94d1 f8ff 

  0x0000017bcf8648fc: ;   {post_call_nop}
  0x0000017bcf8648fc: 0f1f 8400 | f401 0003 | 8bcd 458b 

  0x0000017bcf864908: ;   {oop(a 'imgui/ImGuiIO'{0x000000070a8f2d08})}
  0x0000017bcf864908: 5cec 0c49 | ba08 2d8f | 0a07 0000 | 0049 8942 | 104b 8b54 | dc10 458b | 5cec 1047 | 8b54 dc0c 
  0x0000017bcf864928: 478b 44dc | 1048 85d2 | 0f84 3e35 | 0000 478b | 5cd4 0c41 | 83fb 010f | 8c6f 3500 | 0047 8b5c 
  0x0000017bcf864948: c40c 4183 | fb01 0f8c | 9435 0000 | 4f8d 0cc4 | 4f8d 04d4 | 48bf 507b | 8b6b fe7f | 0000 6690 
  0x0000017bcf864968: ;   {static_call}
  0x0000017bcf864968: c5f8 77e8 

  0x0000017bcf86496c: ; ImmutableOopMap {rbp=NarrowOop [40]=NarrowOop [48]=Oop [56]=Oop }
                      ;*invokestatic invokePPPV {reexecute=0 rethrow=0 return_oop=0}
                      ; - org.lwjgl.glfw.GLFW::glfwGetWindowSize@31 (line 2484)
                      ; - imgui.glfw.ImGuiImplGlfw::newFrame@25 (line 1118)
                      ; - core.renderer.DebugGui::beginFrame@4 (line 53)
                      ; - core.renderer.Renderer::beginFrame@42 (line 36)
  0x0000017bcf86496c: a050 f9ff 

  0x0000017bcf864970: ;   {post_call_nop}
  0x0000017bcf864970: 0f1f 8400 | 6802 0004 | 8bcd 458b | 54ec 0c4b | 8b54 d410 | 458b 44ec | 1047 8b54 | c41c 478b 
  0x0000017bcf864990: 44c4 2048 | 85d2 0f84 | 8035 0000 

  0x0000017bcf86499c: ; implicit exception: dispatches to 0x0000017bcf868a70
  0x0000017bcf86499c: 478b 5cd4 | 0c41 83fb | 010f 8cb1 | 3500 0047 | 8b4c c40c | 4183 f901 | 0f8c d635 | 0000 4f8d 
  0x0000017bcf8649bc: 0cc4 4f8d | 04d4 48bf | 2078 8b6b | fe7f 0000 

  0x0000017bcf8649cc: ;   {static_call}
  0x0000017bcf8649cc: c5f8 77e8 

  0x0000017bcf8649d0: ; ImmutableOopMap {rbp=NarrowOop [40]=NarrowOop [48]=Oop [56]=Oop }
                      ;*invokestatic invokePPPV {reexecute=0 rethrow=0 return_oop=0}
                      ; - org.lwjgl.glfw.GLFW::glfwGetFramebufferSize@31 (line 2495)
                      ; - imgui.glfw.ImGuiImplGlfw::newFrame@49 (line 1119)
                      ; - core.renderer.DebugGui::beginFrame@4 (line 53)
                      ; - core.renderer.Renderer::beginFrame@42 (line 36)
  0x0000017bcf8649d0: 3c50 f9ff 

  0x0000017bcf8649d4: ;   {post_call_nop}
  0x0000017bcf8649d4: 0f1f 8400 | cc02 0005 | 8bcd 458b | 5cec 1047 | 8b4c dc0c 

  0x0000017bcf8649e8: ; implicit exception: dispatches to 0x0000017bcf8686d0
  0x0000017bcf8649e8: 478b 54cc | 0c45 85d2 | 0f86 2a2d | 0000 478b | 54dc 1047 | 8b44 d40c | 478b 5ccc | 10c5 f9ef 
  0x0000017bcf864a08: c0c4 c17a | 2ac3 4585 | c00f 862d | 2d00 0047 | 8b5c d410 | c5f1 efc9 | c4c1 722a 

  0x0000017bcf864a24: ;   {oop(a 'imgui/ImGuiIO'{0x000000070a8f2d08})}
  0x0000017bcf864a24: cb48 ba08 | 2d8f 0a07 | 0000 0090 

  0x0000017bcf864a30: ;   {optimized virtual_call}
  0x0000017bcf864a30: c5f8 77e8 

  0x0000017bcf864a34: ; ImmutableOopMap {rbp=NarrowOop [40]=NarrowOop [48]=Oop [56]=Oop }
                      ;*invokespecial nSetDisplaySize {reexecute=0 rethrow=0 return_oop=0}
                      ; - imgui.ImGuiIO::setDisplaySize@3 (line 153)
                      ; - imgui.glfw.ImGuiImplGlfw::newFrame@73 (line 1120)
                      ; - core.renderer.DebugGui::beginFrame@4 (line 53)
                      ; - core.renderer.Renderer::beginFrame@42 (line 36)
  0x0000017bcf864a34: 582f faff 

  0x0000017bcf864a38: ;   {post_call_nop}
  0x0000017bcf864a38: 0f1f 8400 | 3003 0006 | 448b dd45 | 8b4c ec10 

  0x0000017bcf864a48: ; implicit exception: dispatches to 0x0000017bcf868700
  0x0000017bcf864a48: 478b 44cc | 0c47 8b54 | c40c 4585 | d20f 8611 | 2d00 0047 | 8b54 c410 | 4585 d20f | 8ebb 3100 
  0x0000017bcf864a68: 0047 8b44 | cc10 438b | 5cc4 0c85 | db0f 8615 | 2d00 0047 | 8b44 c410 | 4585 c00f | 8ebf 3100 
  0x0000017bcf864a88: 0043 8b5c | cc1c 418b | 4cdc 0c85 | c90f 8619 | 2d00 0047 | 8b4c cc20 

  0x0000017bcf864aa0: ; implicit exception: dispatches to 0x0000017bcf868760
  0x0000017bcf864aa0: 438b 4ccc | 0c41 8b7c | dc10 c5f9 | efc0 c4c1 | 7a2a c2c5 | e9ef d2c5 | ea2a d7c5 | ea5e c085 
  0x0000017bcf864ac0: c90f 8611 | 2d00 0047 | 8b5c cc10 | c5e9 efd2 | c4c1 6a2a | d0c5 f1ef | c9c4 c172 | 2acb c5f2 
  0x0000017bcf864ae0: ;   {oop(a 'imgui/ImGuiIO'{0x000000070a8f2d08})}
  0x0000017bcf864ae0: 5eca 48ba | 082d 8f0a | 0700 0000 

  0x0000017bcf864aec: ;   {optimized virtual_call}
  0x0000017bcf864aec: c5f8 77e8 

  0x0000017bcf864af0: ; ImmutableOopMap {rbp=NarrowOop [40]=NarrowOop [48]=Oop [56]=Oop }
                      ;*invokespecial nSetDisplayFramebufferScale {reexecute=0 rethrow=0 return_oop=0}
                      ; - imgui.ImGuiIO::setDisplayFramebufferScale@3 (line 397)
                      ; - imgui.glfw.ImGuiImplGlfw::newFrame@147 (line 1124)
                      ; - core.renderer.DebugGui::beginFrame@4 (line 53)
                      ; - core.renderer.Renderer::beginFrame@42 (line 36)
  0x0000017bcf864af0: 9c31 faff 

  0x0000017bcf864af4: ;   {post_call_nop}
  0x0000017bcf864af4: 0f1f 8400 | ec03 0007 | 448b c545 | 8b54 ec0c 

  0x0000017bcf864b04: ; implicit exception: dispatches to 0x0000017bcf868778
  0x0000017bcf864b04: 470f b654 | d40e 4585 | d20f 85b1 | 3400 0089 | 6c24 2c48 | ba10 468b | 6bfe 7f00 

  0x0000017bcf864b20: ;   {oop(a 'jdk/internal/foreign/abi/NativeEntryPoint'{0x000000070a805308})}
  0x0000017bcf864b20: 0049 b808 | 5380 0a07 | 0000 0090 

  0x0000017bcf864b2c: ;   {static_call}
  0x0000017bcf864b2c: c5f8 77e8 

  0x0000017bcf864b30: ; ImmutableOopMap {rbp=NarrowOop [40]=NarrowOop [44]=NarrowOop [48]=Oop [56]=Oop }
                      ;*invokestatic linkToNative {reexecute=0 rethrow=0 return_oop=0}
                      ; - java.lang.invoke.LambdaForm$MH/0x000000008d1d9000::invoke@11
                      ; - java.lang.invoke.LambdaForm$MH/0x000000008d1c2800::invokeExact_MT@19
                      ; - jdk.internal.foreign.abi.DowncallStub/0x000000008d1c0000::invoke@39
                      ; - java.lang.invoke.LambdaForm$DMH/0x000000008d1c0400::invokeStatic@11
                      ; - java.lang.invoke.LambdaForm$MH/0x000000008d1d8c00::invoke@40
                      ; - java.lang.invoke.LambdaForm$MH/0x000000008d1c2000::invokeExact_MT@19
                      ; - org.lwjgl.system.JNIBindingsImpl/0x000000008d098000::invokeD@4
                      ; - org.lwjgl.system.JNI::invokeD@7 (line 1377)
                      ; - org.lwjgl.glfw.GLFW::glfwGetTime@5 (line 2283)
                      ; - imgui.glfw.ImGuiImplGlfw::newFrame@164 (line 1133)
                      ; - core.renderer.DebugGui::beginFrame@4 (line 53)
                      ; - core.renderer.Renderer::beginFrame@42 (line 36)
  0x0000017bcf864b30: cc7f f7ff 

  0x0000017bcf864b34: ;   {post_call_nop}
  0x0000017bcf864b34: 0f1f 8400 | 2c04 0008 | c5fb 1144 | 2440 458b | 54ec 0cc4 | 817b 1044 | d418 c5f9 | 2e44 2440 
  0x0000017bcf864b54: 0f83 8e34 

  0x0000017bcf864b58: ;   {section_word}
  0x0000017bcf864b58: 0000 c5f9 | 2e05 a6fc | ffff 0f86 | 0431 0000 | c5fb 104c | 2440 c5f3 | 5cc0 c5fb 

  0x0000017bcf864b74: ;   {oop(a 'imgui/ImGuiIO'{0x000000070a8f2d08})}
  0x0000017bcf864b74: 5ac0 48ba | 082d 8f0a | 0700 0000 

  0x0000017bcf864b80: ;   {optimized virtual_call}
  0x0000017bcf864b80: c5f8 77e8 

  0x0000017bcf864b84: ; ImmutableOopMap {rbp=NarrowOop [40]=NarrowOop [44]=NarrowOop [48]=Oop [56]=Oop }
                      ;*invokespecial nSetDeltaTime {reexecute=0 rethrow=0 return_oop=0}
                      ; - imgui.ImGuiIO::setDeltaTime@2 (line 184)
                      ; - imgui.glfw.ImGuiImplGlfw::newFrame@220 (line 1137)
                      ; - core.renderer.DebugGui::beginFrame@4 (line 53)
                      ; - core.renderer.Renderer::beginFrame@42 (line 36)
  0x0000017bcf864b84: 0834 faff 

  0x0000017bcf864b88: ;   {post_call_nop}
  0x0000017bcf864b88: 0f1f 8400 | 8004 0009 | 458b 54ec | 0cc5 fb10 | 4424 40c4 | 817b 1144 | d418 488b | 5424 3090 
  0x0000017bcf864ba8: ;   {optimized virtual_call}
  0x0000017bcf864ba8: c5f8 77e8 

  0x0000017bcf864bac: ; ImmutableOopMap {rbp=NarrowOop [40]=NarrowOop [44]=NarrowOop [48]=Oop [56]=Oop }
                      ;*invokevirtual updateMouseData {reexecute=0 rethrow=0 return_oop=0}
                      ; - imgui.glfw.ImGuiImplGlfw::newFrame@232 (line 1140)
                      ; - core.renderer.DebugGui::beginFrame@4 (line 53)
                      ; - core.renderer.Renderer::beginFrame@42 (line 36)
  0x0000017bcf864bac: 6044 feff 

  0x0000017bcf864bb0: ;   {post_call_nop}
  0x0000017bcf864bb0: 0f1f 8400 | a804 000a 

  0x0000017bcf864bb8: ;   {static_call}
  0x0000017bcf864bb8: c5f8 77e8 

  0x0000017bcf864bbc: ; ImmutableOopMap {rbp=NarrowOop [40]=NarrowOop [44]=NarrowOop [48]=Oop [56]=Oop }
                      ;*invokestatic nGetIO {reexecute=0 rethrow=0 return_oop=0}
                      ; - imgui.ImGui::getIO@3 (line 222)
                      ; - imgui.glfw.ImGuiImplGlfw::updateMouseCursor@0 (line 951)
                      ; - imgui.glfw.ImGuiImplGlfw::newFrame@236 (line 1141)
                      ; - core.renderer.DebugGui::beginFrame@4 (line 53)
                      ; - core.renderer.Renderer::beginFrame@42 (line 36)
  0x0000017bcf864bbc: d0ce f8ff 

  0x0000017bcf864bc0: ;   {post_call_nop}
  0x0000017bcf864bc0: 0f1f 8400 | b804 000b 

  0x0000017bcf864bc8: ;   {oop(a 'imgui/ImGuiIO'{0x000000070a8f2d08})}
  0x0000017bcf864bc8: 49ba 082d | 8f0a 0700 | 0000 4989 

  0x0000017bcf864bd4: ;   {oop(a 'imgui/ImGuiIO'{0x000000070a8f2d08})}
  0x0000017bcf864bd4: 4210 48ba | 082d 8f0a | 0700 0000 

  0x0000017bcf864be0: ;   {optimized virtual_call}
  0x0000017bcf864be0: c5f8 77e8 

  0x0000017bcf864be4: ; ImmutableOopMap {rbp=NarrowOop [40]=NarrowOop [44]=NarrowOop [48]=Oop [56]=Oop }
                      ;*invokespecial nGetConfigFlags {reexecute=0 rethrow=0 return_oop=0}
                      ; - imgui.ImGuiIO::getConfigFlags@1 (line 30)
                      ; - imgui.ImGuiIO::hasConfigFlags@1 (line 58)
                      ; - imgui.glfw.ImGuiImplGlfw::updateMouseCursor@7 (line 953)
                      ; - imgui.glfw.ImGuiImplGlfw::newFrame@236 (line 1141)
                      ; - core.renderer.DebugGui::beginFrame@4 (line 53)
                      ; - core.renderer.Renderer::beginFrame@42 (line 36)
  0x0000017bcf864be4: a82b f9ff 

  0x0000017bcf864be8: ;   {post_call_nop}
  0x0000017bcf864be8: 0f1f 8400 | e004 000c | 83e0 200f | 8527 3400 | 0045 8b5c | ec0c 4f8b | 44dc 104d | 85c0 0f84 
  0x0000017bcf864c08: 3434 0000 | 48ba 903e | 8b6b fe7f 

  0x0000017bcf864c14: ;   {oop(a 'jdk/internal/foreign/abi/NativeEntryPoint'{0x000000070a89d6a8})}
  0x0000017bcf864c14: 0000 48bf | a8d6 890a | 0700 0000 | 41b9 0130 | 0300 6690 

  0x0000017bcf864c28: ;   {static_call}
  0x0000017bcf864c28: c5f8 77e8 

  0x0000017bcf864c2c: ; ImmutableOopMap {[40]=NarrowOop [44]=NarrowOop [48]=Oop [56]=Oop }
                      ;*invokestatic linkToNative {reexecute=0 rethrow=0 return_oop=0}
                      ; - java.lang.invoke.LambdaForm$MH/0x000000008d1bb000::invoke@16
                      ; - java.lang.invoke.LambdaForm$MH/0x000000008d1b7000::invokeExact_MT@23
                      ; - jdk.internal.foreign.abi.DowncallStub/0x000000008d1b4400::invoke@52
                      ; - java.lang.invoke.LambdaForm$DMH/0x000000008d1b4800::invokeStatic@16
                      ; - java.lang.invoke.LambdaForm$MH/0x000000008d1bac00::invoke@47
                      ; - java.lang.invoke.LambdaForm$MH/0x000000008d1b6800::invokeExact_MT@23
                      ; - org.lwjgl.system.JNIBindingsImpl/0x000000008d098000::invokePI@7
                      ; - org.lwjgl.system.JNI::invokePI@9 (line 1409)
                      ; - org.lwjgl.glfw.GLFW::glfwGetInputMode@18 (line 1635)
                      ; - imgui.glfw.ImGuiImplGlfw::updateMouseCursor@22 (line 953)
                      ; - imgui.glfw.ImGuiImplGlfw::newFrame@236 (line 1141)
                      ; - core.renderer.DebugGui::beginFrame@4 (line 53)
                      ; - core.renderer.Renderer::beginFrame@42 (line 36)
  0x0000017bcf864c2c: 5016 f6ff 

  0x0000017bcf864c30: ;   {post_call_nop}
  0x0000017bcf864c30: 0f1f 8400 | 2805 000d | 3d03 4003 | 000f 84ad | 1e00 0090 

  0x0000017bcf864c44: ;   {static_call}
  0x0000017bcf864c44: c5f8 77e8 

  0x0000017bcf864c48: ; ImmutableOopMap {[40]=NarrowOop [44]=NarrowOop [48]=Oop [56]=Oop }
                      ;*invokestatic nGetMouseCursor {reexecute=0 rethrow=0 return_oop=0}
                      ; - imgui.ImGui::getMouseCursor@0 (line 13348)
                      ; - imgui.glfw.ImGuiImplGlfw::updateMouseCursor@31 (line 957)
                      ; - imgui.glfw.ImGuiImplGlfw::newFrame@236 (line 1141)
                      ; - core.renderer.DebugGui::beginFrame@4 (line 53)
                      ; - core.renderer.Renderer::beginFrame@42 (line 36)
  0x0000017bcf864c48: 4445 faff 

  0x0000017bcf864c4c: ;   {post_call_nop}
  0x0000017bcf864c4c: 0f1f 8400 | 4405 000e | 8944 2440 | 488b 6c24 | 3066 6690 

  0x0000017bcf864c60: ;   {static_call}
  0x0000017bcf864c60: c5f8 77e8 

  0x0000017bcf864c64: ; ImmutableOopMap {rbp=Oop [40]=NarrowOop [44]=NarrowOop [48]=Oop [56]=Oop }
                      ;*invokestatic nGetPlatformIO {reexecute=0 rethrow=0 return_oop=0}
                      ; - imgui.ImGui::getPlatformIO@3 (line 13513)
                      ; - imgui.glfw.ImGuiImplGlfw::updateMouseCursor@35 (line 958)
                      ; - imgui.glfw.ImGuiImplGlfw::newFrame@236 (line 1141)
                      ; - core.renderer.DebugGui::beginFrame@4 (line 53)
                      ; - core.renderer.Renderer::beginFrame@42 (line 36)
  0x0000017bcf864c64: a853 f9ff 

  0x0000017bcf864c68: ;   {post_call_nop}
  0x0000017bcf864c68: 0f1f 8400 | 6005 000f 

  0x0000017bcf864c70: ;   {oop(a 'imgui/ImGuiPlatformIO'{0x000000070a8f2c90})}
  0x0000017bcf864c70: 49ba 902c | 8f0a 0700 | 0000 4989 

  0x0000017bcf864c7c: ;   {oop(a 'imgui/ImGuiPlatformIO'{0x000000070a8f2c90})}
  0x0000017bcf864c7c: 4210 48ba | 902c 8f0a | 0700 0000 

  0x0000017bcf864c88: ;   {optimized virtual_call}
  0x0000017bcf864c88: c5f8 77e8 

  0x0000017bcf864c8c: ; ImmutableOopMap {rbp=Oop [40]=NarrowOop [44]=NarrowOop [48]=Oop [56]=Oop }
                      ;*invokevirtual getViewportsSize {reexecute=0 rethrow=0 return_oop=0}
                      ; - imgui.glfw.ImGuiImplGlfw::updateMouseCursor@45 (line 960)
                      ; - imgui.glfw.ImGuiImplGlfw::newFrame@236 (line 1141)
                      ; - core.renderer.DebugGui::beginFrame@4 (line 53)
                      ; - core.renderer.Renderer::beginFrame@42 (line 36)
  0x0000017bcf864c8c: 8003 f9ff 

  0x0000017bcf864c90: ;   {post_call_nop}
  0x0000017bcf864c90: 0f1f 8400 | 8805 0010 | 85c0 0f8e | 6101 0000 | 448b 5424 | 4041 83fa | ff0f 84a5 | 3100 0045 
  0x0000017bcf864cb0: 33c0 33ed | 4489 4424 | 5089 6c24 | 4444 8954 

  0x0000017bcf864cc0: ;   {oop(a 'imgui/ImGuiPlatformIO'{0x000000070a8f2c90})}
  0x0000017bcf864cc0: 2440 48ba | 902c 8f0a | 0700 0000 | 448b c590 

  0x0000017bcf864cd0: ;   {optimized virtual_call}
  0x0000017bcf864cd0: c5f8 77e8 

  0x0000017bcf864cd4: ; ImmutableOopMap {[40]=NarrowOop [44]=NarrowOop [48]=Oop [56]=Oop }
                      ;*invokespecial nGetViewports {reexecute=0 rethrow=0 return_oop=0}
                      ; - imgui.ImGuiPlatformIO::getViewports@5 (line 541)
                      ; - imgui.glfw.ImGuiImplGlfw::updateMouseCursor@54 (line 961)
                      ; - imgui.glfw.ImGuiImplGlfw::newFrame@236 (line 1141)
                      ; - core.renderer.DebugGui::beginFrame@4 (line 53)
                      ; - core.renderer.Renderer::beginFrame@42 (line 36)
  0x0000017bcf864cd4: 385c f9ff 

  0x0000017bcf864cd8: ;   {post_call_nop}
  0x0000017bcf864cd8: 0f1f 8400 | d005 0011 

  0x0000017bcf864ce0: ;   {oop(a 'imgui/ImGuiViewport'{0x000000070a89bd70})}
  0x0000017bcf864ce0: 49ba 70bd | 890a 0700 | 0000 4989 

  0x0000017bcf864cec: ;   {oop(a 'imgui/ImGuiViewport'{0x000000070a89bd70})}
  0x0000017bcf864cec: 4210 48ba | 70bd 890a | 0700 0000 

  0x0000017bcf864cf8: ;   {optimized virtual_call}
  0x0000017bcf864cf8: c5f8 77e8 

  0x0000017bcf864cfc: ; ImmutableOopMap {[40]=NarrowOop [44]=NarrowOop [48]=Oop [56]=Oop }
                      ;*invokevirtual getPlatformHandle {reexecute=0 rethrow=0 return_oop=0}
                      ; - imgui.glfw.ImGuiImplGlfw::updateMouseCursor@57 (line 961)
                      ; - imgui.glfw.ImGuiImplGlfw::newFrame@236 (line 1141)
                      ; - core.renderer.DebugGui::beginFrame@4 (line 53)
                      ; - core.renderer.Renderer::beginFrame@42 (line 36)
  0x0000017bcf864cfc: 105f f9ff 

  0x0000017bcf864d00: ;   {post_call_nop}
  0x0000017bcf864d00: 0f1f 8400 | f805 0012 | 4889 4424 

  0x0000017bcf864d0c: ;   {oop(a 'imgui/ImGuiIO'{0x000000070a8f2d08})}
  0x0000017bcf864d0c: 4848 ba08 | 2d8f 0a07 | 0000 0090 

  0x0000017bcf864d18: ;   {optimized virtual_call}
  0x0000017bcf864d18: c5f8 77e8 

  0x0000017bcf864d1c: ; ImmutableOopMap {[40]=NarrowOop [44]=NarrowOop [48]=Oop [56]=Oop }
                      ;*invokespecial nGetMouseDrawCursor {reexecute=0 rethrow=0 return_oop=0}
                      ; - imgui.ImGuiIO::getMouseDrawCursor@1 (line 598)
                      ; - imgui.glfw.ImGuiImplGlfw::updateMouseCursor@68 (line 963)
                      ; - imgui.glfw.ImGuiImplGlfw::newFrame@236 (line 1141)
                      ; - core.renderer.DebugGui::beginFrame@4 (line 53)
                      ; - core.renderer.Renderer::beginFrame@42 (line 36)
  0x0000017bcf864d1c: 7047 faff 

  0x0000017bcf864d20: ;   {post_call_nop}
  0x0000017bcf864d20: 0f1f 8400 | 1806 0013 | 85c0 0f85 | 9435 0000 | 448b 5424 | 2c47 8b54 | d40c 438b | 6cd4 2845 
  0x0000017bcf864d40: 8b5c ec0c | 448b 4424 | 4045 3bc3 | 0f83 ea2c | 0000 4d8d | 14ec 4f8b | 4cc2 104d | 85c9 0f84 
  0x0000017bcf864d60: 8835 0000 | 4c8b 4424 | 484d 85c0 | 0f84 b635 | 0000 48ba | 4049 8b6b | fe7f 0000 

  0x0000017bcf864d7c: ;   {oop(a 'jdk/internal/foreign/abi/NativeEntryPoint'{0x000000070a89da60})}
  0x0000017bcf864d7c: 48bf 60da | 890a 0700 | 0000 6690 

  0x0000017bcf864d88: ;   {static_call}
  0x0000017bcf864d88: c5f8 77e8 

  0x0000017bcf864d8c: ; ImmutableOopMap {[40]=NarrowOop [44]=NarrowOop [48]=Oop [56]=Oop }
                      ;*invokestatic linkToNative {reexecute=0 rethrow=0 return_oop=0}
                      ; - java.lang.invoke.LambdaForm$MH/0x000000008d1da800::invoke@16
                      ; - java.lang.invoke.LambdaForm$MH/0x000000008d1d2800::invokeExact_MT@23
                      ; - jdk.internal.foreign.abi.DowncallStub/0x000000008d1c3c00::invoke@52
                      ; - java.lang.invoke.LambdaForm$DMH/0x000000008d1d0000::invokeStatic@16
                      ; - java.lang.invoke.LambdaForm$MH/0x000000008d1da400::invoke@47
                      ; - java.lang.invoke.LambdaForm$MH/0x000000008d1d2000::invokeExact_MT@23
                      ; - org.lwjgl.system.JNIBindingsImpl/0x000000008d098000::invokePPV@7
                      ; - org.lwjgl.system.JNI::invokePPV@10 (line 1783)
                      ; - org.lwjgl.glfw.GLFW::glfwSetCursor@20 (line 1779)
                      ; - imgui.glfw.ImGuiImplGlfw::updateMouseCursor@123 (line 969)
                      ; - imgui.glfw.ImGuiImplGlfw::newFrame@236 (line 1141)
                      ; - core.renderer.DebugGui::beginFrame@4 (line 53)
                      ; - core.renderer.Renderer::beginFrame@42 (line 36)
  0x0000017bcf864d8c: 70d9 f7ff 

  0x0000017bcf864d90: ;   {post_call_nop}
  0x0000017bcf864d90: 0f1f 8400 | 8806 0014 | 48ba 604b | 8b6b fe7f | 0000 4c8b | 4424 4841 | b901 3003 | 00bf 0140 
  0x0000017bcf864db0: ;   {oop(a 'jdk/internal/foreign/abi/NativeEntryPoint'{0x00000007044a07a8})}
  0x0000017bcf864db0: 0300 48be | a807 4a04 | 0700 0000 

  0x0000017bcf864dbc: ;   {static_call}
  0x0000017bcf864dbc: c5f8 77e8 

  0x0000017bcf864dc0: ; ImmutableOopMap {[40]=NarrowOop [44]=NarrowOop [48]=Oop [56]=Oop }
                      ;*invokestatic linkToNative {reexecute=0 rethrow=0 return_oop=0}
                      ; - java.lang.invoke.LambdaForm$MH/0x000000008d1d8800::invoke@18
                      ; - java.lang.invoke.LambdaForm$MH/0x000000008d171400::invokeExact_MT@25
                      ; - jdk.internal.foreign.abi.DowncallStub/0x000000008d16ec00::invoke@58
                      ; - java.lang.invoke.LambdaForm$DMH/0x000000008d16f000::invokeStatic@18
                      ; - java.lang.invoke.LambdaForm$MH/0x000000008d1d8400::invoke@49
                      ; - java.lang.invoke.LambdaForm$MH/0x000000008d170c00::invokeExact_MT@25
                      ; - org.lwjgl.system.JNIBindingsImpl/0x000000008d098000::invokePV@9
                      ; - org.lwjgl.system.JNI::invokePV@11 (line 1758)
                      ; - org.lwjgl.glfw.GLFW::glfwSetInputMode@21 (line 1646)
                      ; - imgui.glfw.ImGuiImplGlfw::updateMouseCursor@132 (line 970)
                      ; - imgui.glfw.ImGuiImplGlfw::newFrame@236 (line 1141)
                      ; - core.renderer.DebugGui::beginFrame@4 (line 53)
                      ; - core.renderer.Renderer::beginFrame@42 (line 36)
  0x0000017bcf864dc0: 3c93 f3ff 

  0x0000017bcf864dc4: ;   {post_call_nop}
  0x0000017bcf864dc4: 0f1f 8400 | bc06 0015 | 8b6c 2444 

  0x0000017bcf864dd0: ;   {oop(a 'imgui/ImGuiPlatformIO'{0x000000070a8f2c90})}
  0x0000017bcf864dd0: ffc5 48ba | 902c 8f0a | 0700 0000 

  0x0000017bcf864ddc: ;   {optimized virtual_call}
  0x0000017bcf864ddc: c5f8 77e8 

  0x0000017bcf864de0: ; ImmutableOopMap {[40]=NarrowOop [44]=NarrowOop [48]=Oop [56]=Oop }
                      ;*invokevirtual getViewportsSize {reexecute=0 rethrow=0 return_oop=0}
                      ; - imgui.glfw.ImGuiImplGlfw::updateMouseCursor@45 (line 960)
                      ; - imgui.glfw.ImGuiImplGlfw::newFrame@236 (line 1141)
                      ; - core.renderer.DebugGui::beginFrame@4 (line 53)
                      ; - core.renderer.Renderer::beginFrame@42 (line 36)
  0x0000017bcf864de0: 2c02 f9ff 

  0x0000017bcf864de4: ;   {post_call_nop}
  0x0000017bcf864de4: 0f1f 8400 | dc06 0016 | 3be8 7d0a | 448b 5424 | 40e9 bffe | ffff 448b | 5424 50eb | 0345 33d2 
  0x0000017bcf864e04: 4489 5424 | 7048 8b54 | 2430 6690 

  0x0000017bcf864e10: ;   {optimized virtual_call}
  0x0000017bcf864e10: c5f8 77e8 

  0x0000017bcf864e14: ; ImmutableOopMap {[40]=NarrowOop [56]=Oop }
                      ;*invokevirtual updateGamepads {reexecute=0 rethrow=0 return_oop=0}
                      ; - imgui.glfw.ImGuiImplGlfw::newFrame@240 (line 1144)
                      ; - core.renderer.DebugGui::beginFrame@4 (line 53)
                      ; - core.renderer.Renderer::beginFrame@42 (line 36)
  0x0000017bcf864e14: f81c ffff 

  0x0000017bcf864e18: ;   {post_call_nop}
  0x0000017bcf864e18: 0f1f 8400 | 1007 0017 | 8b4c 2428 | 458b 5ccc | 1047 8b54 | dc0c 478b | 44d4 1845 | 85c0 0f84 
  0x0000017bcf864e38: 3432 0000 | 894c 2440 

  0x0000017bcf864e40: ;   {static_call}
  0x0000017bcf864e40: c5f8 77e8 

  0x0000017bcf864e44: ; ImmutableOopMap {[40]=NarrowOop [56]=Oop [64]=NarrowOop }
                      ;*invokestatic nGetIO {reexecute=0 rethrow=0 return_oop=0}
                      ; - imgui.ImGui::getIO@3 (line 222)
                      ; - core.renderer.DebugGui::updateGamepadSupport@0 (line 39)
                      ; - core.renderer.DebugGui::beginFrame@15 (line 55)
                      ; - core.renderer.Renderer::beginFrame@42 (line 36)
  0x0000017bcf864e44: 48cc f8ff 

  0x0000017bcf864e48: ;   {post_call_nop}
  0x0000017bcf864e48: 0f1f 8400 | 4007 0018 

  0x0000017bcf864e50: ;   {oop(a 'imgui/ImGuiIO'{0x000000070a8f2d08})}
  0x0000017bcf864e50: 49ba 082d | 8f0a 0700 | 0000 4989 | 4210 48ba | c047 8b6b | fe7f 0000 

  0x0000017bcf864e68: ;   {oop(a 'jdk/internal/foreign/abi/NativeEntryPoint'{0x000000070a93d688})}
  0x0000017bcf864e68: 49b9 88d6 | 930a 0700 | 0000 448b | 4424 7090 

  0x0000017bcf864e78: ;   {static_call}
  0x0000017bcf864e78: c5f8 77e8 

  0x0000017bcf864e7c: ; ImmutableOopMap {[40]=NarrowOop [56]=Oop [64]=NarrowOop }
                      ;*invokestatic linkToNative {reexecute=0 rethrow=0 return_oop=0}
                      ; - java.lang.invoke.LambdaForm$MH/0x000000008d1db000::invoke@14
                      ; - java.lang.invoke.LambdaForm$MH/0x000000008d1d5000::invokeExact_MT@21
                      ; - jdk.internal.foreign.abi.DowncallStub/0x000000008d1d3000::invoke@44
                      ; - java.lang.invoke.DirectMethodHandle$Holder::invokeStatic@14
                      ; - java.lang.invoke.LambdaForm$MH/0x000000008d1dac00::invoke@43
                      ; - java.lang.invoke.LambdaForm$MH/0x000000008d1d4800::invokeExact_MT@20
                      ; - org.lwjgl.system.JNIBindingsImpl/0x000000008d098000::invokeI@4
                      ; - org.lwjgl.system.JNI::invokeI@8 (line 1396)
                      ; - org.lwjgl.glfw.GLFW::glfwJoystickPresent@6 (line 2050)
                      ; - core.renderer.DebugGui::updateGamepadSupport@5 (line 42)
                      ; - core.renderer.DebugGui::beginFrame@15 (line 55)
                      ; - core.renderer.Renderer::beginFrame@42 (line 36)
  0x0000017bcf864e7c: 0000 f8ff 

  0x0000017bcf864e80: ;   {post_call_nop}
  0x0000017bcf864e80: 0f1f 8400 | 7807 0019 | 85c0 0f85 | 0432 0000 

  0x0000017bcf864e90: ;   {oop(a 'imgui/ImGuiIO'{0x000000070a8f2d08})}
  0x0000017bcf864e90: 48ba 082d | 8f0a 0700 | 0000 6690 

  0x0000017bcf864e9c: ;   {optimized virtual_call}
  0x0000017bcf864e9c: c5f8 77e8 

  0x0000017bcf864ea0: ; ImmutableOopMap {[40]=NarrowOop [56]=Oop [64]=NarrowOop }
                      ;*invokespecial nGetConfigFlags {reexecute=0 rethrow=0 return_oop=0}
                      ; - imgui.ImGuiIO::getConfigFlags@1 (line 30)
                      ; - imgui.ImGuiIO::removeConfigFlags@2 (line 51)
                      ; - core.renderer.DebugGui::updateGamepadSupport@38 (line 48)
                      ; - core.renderer.DebugGui::beginFrame@15 (line 55)
                      ; - core.renderer.Renderer::beginFrame@42 (line 36)
  0x0000017bcf864ea0: ec28 f9ff 

  0x0000017bcf864ea4: ;   {post_call_nop}
  0x0000017bcf864ea4: 0f1f 8400 | 9c07 001a | 448b c041 

  0x0000017bcf864eb0: ;   {oop(a 'imgui/ImGuiIO'{0x000000070a8f2d08})}
  0x0000017bcf864eb0: 83e0 fd48 | ba08 2d8f | 0a07 0000 | 0066 6690 

  0x0000017bcf864ec0: ;   {optimized virtual_call}
  0x0000017bcf864ec0: c5f8 77e8 

  0x0000017bcf864ec4: ; ImmutableOopMap {[40]=NarrowOop [56]=Oop [64]=NarrowOop }
                      ;*invokespecial nSetConfigFlags {reexecute=0 rethrow=0 return_oop=0}
                      ; - imgui.ImGuiIO::setConfigFlags@2 (line 37)
                      ; - imgui.ImGuiIO::removeConfigFlags@9 (line 51)
                      ; - core.renderer.DebugGui::updateGamepadSupport@38 (line 48)
                      ; - core.renderer.DebugGui::beginFrame@15 (line 55)
                      ; - core.renderer.Renderer::beginFrame@42 (line 36)
  0x0000017bcf864ec4: c81e faff 

  0x0000017bcf864ec8: ;   {post_call_nop}
  0x0000017bcf864ec8: 0f1f 8400 | c007 001b 

  0x0000017bcf864ed0: ;   {static_call}
  0x0000017bcf864ed0: c5f8 77e8 

  0x0000017bcf864ed4: ; ImmutableOopMap {[40]=NarrowOop [56]=Oop [64]=NarrowOop }
                      ;*invokestatic nNewFrame {reexecute=0 rethrow=0 return_oop=0}
                      ; - imgui.ImGui::newFrame@0 (line 248)
                      ; - core.renderer.DebugGui::beginFrame@18 (line 56)
                      ; - core.renderer.Renderer::beginFrame@42 (line 36)
  0x0000017bcf864ed4: b848 faff 

  0x0000017bcf864ed8: ;   {post_call_nop}
  0x0000017bcf864ed8: 0f1f 8400 | d007 001c 

  0x0000017bcf864ee0: ;   {static_call}
  0x0000017bcf864ee0: c5f8 77e8 

  0x0000017bcf864ee4: ; ImmutableOopMap {[40]=NarrowOop [56]=Oop [64]=NarrowOop }
                      ;*invokestatic nShowMetricsWindow {reexecute=0 rethrow=0 return_oop=0}
                      ; - imgui.ImGui::showMetricsWindow@0 (line 322)
                      ; - core.renderer.DebugGui::beginFrame@21 (line 58)
                      ; - core.renderer.Renderer::beginFrame@42 (line 36)
  0x0000017bcf864ee4: a851 faff 

  0x0000017bcf864ee8: ;   {post_call_nop}
  0x0000017bcf864ee8: 0f1f 8400 | e007 001d 

  0x0000017bcf864ef0: ;   {oop("Stats"{0x000000070a905048})}
  0x0000017bcf864ef0: 48ba 4850 | 900a 0700 | 0000 6690 

  0x0000017bcf864efc: ;   {static_call}
  0x0000017bcf864efc: c5f8 77e8 

  0x0000017bcf864f00: ; ImmutableOopMap {[40]=NarrowOop [56]=Oop [64]=NarrowOop }
                      ;*invokestatic nBegin {reexecute=0 rethrow=0 return_oop=0}
                      ; - imgui.ImGui::begin@1 (line 570)
                      ; - core.renderer.DebugGui::beginFrame@26 (line 60)
                      ; - core.renderer.Renderer::beginFrame@42 (line 36)
  0x0000017bcf864f00: 8c5a faff 

  0x0000017bcf864f04: ;   {post_call_nop}
  0x0000017bcf864f04: 0f1f 8400 | fc07 001e 

  0x0000017bcf864f0c: ;   {oop(a 'java/lang/Class'{0x000000070a805320} = 'core/Time')}
  0x0000017bcf864f0c: 49ba 2053 | 800a 0700 | 0000 458b | 8288 0000 | 0045 85c0 | 0f8c 7e2d | 0000 458b | d041 f7da 
  0x0000017bcf864f2c: 4183 faf6 | 0f8e e71a | 0000 41b9 | 0100 0000 | b906 0000 | 004d 63d9 | 4983 c31c | 4983 e3f8 
  0x0000017bcf864f4c: 498b 87c8 | 0100 004c | 8bc8 4d03 | cb4d 3b8f | d801 0000 | 0f83 e920 | 0000 4d89 | 8fc8 0100 
  0x0000017bcf864f6c: 0041 0f0d | 89c0 0000 | 0048 c700 | 0100 0000 | 410f 0d89 | 0001 0000 

  0x0000017bcf864f84: ;   {metadata({type array byte})}
  0x0000017bcf864f84: c740 08f8 | 4218 0089 | 480c 410f | 0d89 4001 | 0000 410f | 0d89 8001 | 0000 4c8b | c841 83fa 
  0x0000017bcf864fa4: 9c0f 8eec | 1c00 0041 | 83fa f60f | 8e48 1b00 | 0044 8d59 | ff4d 63c3 | bf30 0000 | 0041 2bfa 
  0x0000017bcf864fc4: 4388 7c01 | 1045 8d53 | fb45 85d2 | 0f8c 2e28 | 0000 413b | cb0f 8225 | 2800 004d | 63da 4585 
  0x0000017bcf864fe4: d20f 8f07 | 1500 0043 | c644 1910 | 4643 c744 | 1911 5053 | 3a20 498b | 97c8 0100 | 004c 8bd2 
  0x0000017bcf865004: 4983 c218 | 4d3b 97d8 | 0100 000f | 8374 2000 | 004d 8997 | c801 0000 | 4c8b da49 | 83c3 1048 
  0x0000017bcf865024: c702 0100 | 0000 410f | 0d8a c000 

  0x0000017bcf865030: ;   {metadata('java/lang/String')}
  0x0000017bcf865030: 0000 c742 | 08c8 7218 | 0044 8962 | 0cc5 fdef | c0c4 c179 | d603 498b | e94c 8bdd | 49c1 eb03 
  0x0000017bcf865050: 4489 5a14 

  0x0000017bcf865054: ;   {static_call}
  0x0000017bcf865054: c5f8 77e8 

  0x0000017bcf865058: ; ImmutableOopMap {[56]=Oop [64]=NarrowOop }
                      ;*invokestatic nText {reexecute=0 rethrow=0 return_oop=0}
                      ; - imgui.ImGui::text@1 (line 2840)
                      ; - core.renderer.DebugGui::beginFrame@38 (line 61)
                      ; - core.renderer.Renderer::beginFrame@42 (line 36)
  0x0000017bcf865058: b434 f9ff 

  0x0000017bcf86505c: ;   {post_call_nop}
  0x0000017bcf86505c: 0f1f 8400 | 5409 001f | 498b 87c8 | 0100 004c | 8bd0 4983 | c228 4d3b | 97d8 0100 | 000f 835a 
  0x0000017bcf86507c: 2000 004d | 8997 c801 | 0000 410f | 0d8a c000 | 0000 48c7 | 0001 0000 | 004c 8bd0 | 4983 c210 
  0x0000017bcf86509c: ;   {metadata('java/time/format/DateTimeFormatterBuilder')}
  0x0000017bcf86509c: c740 0860 | c53c 0044 | 8960 0cc5 | fdef c041 | bb07 0000 | 00c4 c178 | 92fb 62d1 | fe2f 7f02 
  0x0000017bcf8650bc: 4c8b d849 | 8b87 c801 | 0000 4c8b | d049 83c2 | 184d 8bc3 | 49c1 e803 | 4589 4318 | 4d3b 97d8 
  0x0000017bcf8650dc: 0100 000f | 83cb 1f00 | 004d 8997 | c801 0000 | 410f 0d8a | c000 0000 | 48c7 0001 

  0x0000017bcf8650f8: ;   {metadata('java/util/ArrayList')}
  0x0000017bcf8650f8: 0000 00c7 | 4008 50d4 | 2100 4c89 | 600c 4c89 

  0x0000017bcf865108: ;   {oop(a 'java/lang/Object'[0] {0x000000070444d8e8})}
  0x0000017bcf865108: 5c24 28c7 | 4014 1d9b | 88e0 488b | 4c24 28c7 | 4110 ffff 

  0x0000017bcf86511c: ;   {oop("ss.SS"{0x000000070a905060})}
  0x0000017bcf86511c: ffff 49b8 | 6050 900a | 0700 0000 | 4c8d 5920 | 4c8b d049 | c1ea 0345 | 8913 4d8b | cb4c 33c8 
  0x0000017bcf86513c: 49c1 e915 | 0f84 1e00 | 0000 4d8b | cb49 c1e9 | 0949 ba00 | e048 d47b | 0100 004d | 03ca 4180 
  0x0000017bcf86515c: 3902 0f85 | 1a3c 0000 | 488b 5424 | 2866 6690 

  0x0000017bcf86516c: ;   {optimized virtual_call}
  0x0000017bcf86516c: c5f8 77e8 

  0x0000017bcf865170: ; ImmutableOopMap {[40]=Oop [56]=Oop [64]=NarrowOop }
                      ;*invokevirtual parsePattern {reexecute=0 rethrow=0 return_oop=0}
                      ; - java.time.format.DateTimeFormatterBuilder::appendPattern@10 (line 1908)
                      ; - java.time.format.DateTimeFormatter::ofPattern@8 (line 569)
                      ; - core.renderer.DebugGui::beginFrame@43 (line 62)
                      ; - core.renderer.Renderer::beginFrame@42 (line 36)
  0x0000017bcf865170: 1ce7 fbff 

  0x0000017bcf865174: ;   {post_call_nop}
  0x0000017bcf865174: 0f1f 8400 | 6c0a 0020 

  0x0000017bcf86517c: ;   {oop(a 'java/lang/Class'{0x00000007ffe9fb80} = 'java/util/Locale')}
  0x0000017bcf86517c: 49ba 80fb | e9ff 0700 | 0000 458b | 92dc 0000 | 0045 85d2 | 0f84 1e2f | 0000 4c8b | 4c24 2845 
  0x0000017bcf86519c: 8b59 1847 | 8b44 dc1c | 4585 c00f | 8527 2f00 | 0049 8b9f | c801 0000 | 4c8b db49 | 83c3 184d 
  0x0000017bcf8651bc: 3b9f d801 | 0000 0f83 | 721f 0000 | 4d89 9fc8 | 0100 0041 | 0f0d 8bc0 | 0000 0048 | c703 0100 
  0x0000017bcf8651dc: 0000 4c8b | db49 83c3 

  0x0000017bcf8651e4: ;   {metadata('java/time/format/DateTimeFormatterBuilder$CompositePrinterParser')}
  0x0000017bcf8651e4: 10c7 4308 | 78ed 3c00 | 4489 630c | c5fd efc0 | c4c1 79d6 | 0341 8b69 | 204d 8b9f | c801 0000 
  0x0000017bcf865204: 4d8b c349 | 83c0 104d | 3b87 d801 | 0000 0f83 | e51e 0000 | 4d89 87c8 | 0100 0041 | 0f0d 88c0 
  0x0000017bcf865224: 0000 0049 | c703 0100 | 0000 410f | 0d88 0001 

  0x0000017bcf865234: ;   {metadata('java/time/format/DateTimeFormatterBuilder$DateTimePrinterParser'[])}
  0x0000017bcf865234: 0000 41c7 | 4308 7016 | 1101 410f | 0d88 4001 | 0000 4589 | 630c 410f | 0d88 8001 | 0000 458b 
  0x0000017bcf865254: ;   {metadata('java/util/ArrayList')}
  0x0000017bcf865254: 44ec 0841 | 81f8 50d4 | 2100 0f85 | c425 0000 | 4d8d 04ec | 418b 7810 | 418b 6814 | 85ff 0f8e 
  0x0000017bcf865274: be17 0000 

  0x0000017bcf865278: ; implicit exception: dispatches to 0x0000017bcf8689d8
  0x0000017bcf865278: 418b 4cec | 0c85 ff0f | 8cb9 2800 | 0044 8bcf | 4d8d 2cec | 4d63 d94a | 8d14 9d17 | 0000 0041 
  0x0000017bcf865298: 81f9 0000 | 0400 0f87 | 9422 0000 | 4d8b 9fc8 | 0100 004c | 8bc2 4983 | e0f8 498b | f349 03f0 
  0x0000017bcf8652b8: 493b b7d8 | 0100 000f | 8373 2200 | 0049 89b7 | c801 0000 | 0f0d 8ec0 | 0000 0049 | c703 0100 
  0x0000017bcf8652d8: 0000 0f0d | 8e00 0100 

  0x0000017bcf8652e0: ;   {metadata('java/time/format/DateTimeFormatterBuilder$DateTimePrinterParser'[])}
  0x0000017bcf8652e0: 0041 c743 | 0870 1611 | 0145 894b | 0c0f 0d8e | 4001 0000 | 0f0d 8e80 | 0100 0041 | 3bc9 410f 
  0x0000017bcf865300: 4fc9 48c1 | ea03 4d8b | f349 83c6 | 1048 8d72 | fe85 c90f | 8447 2700 | 004c 63c1 | 413b c90f 
  0x0000017bcf865320: 8cb0 1b00 | 0044 8954 | 2428 4889 | 5c24 304c | 895c 2448 | 897c 242c | 894c 2444 | 4889 7424 
  0x0000017bcf865340: 5045 8b5c | ec08 4d8d | 54ec 10be | 0000 008c | 4903 f34c 

  0x0000017bcf865354: ;   {metadata('java/time/format/DateTimeFormatterBuilder$DateTimePrinterParser'[])}
  0x0000017bcf865354: 8b4e 2048 | b970 1611 | 8d00 0000 | 004c 3bc9 | 0f85 d814 | 0000 498b | d649 8bca 

  0x0000017bcf865370: ;   {runtime_call Stub::jint_disjoint_arraycopy}
  0x0000017bcf865370: c5f8 7749 | baa0 0dfc | ce7b 0100 | 0041 ffd2 

  0x0000017bcf865380: ;   {post_call_nop}
  0x0000017bcf865380: 0f1f 8400 | 0000 0000 | 448b 5424 | 2848 8b5c | 2430 4c8b | 5c24 4844 | 8863 0c4c | 8d43 1041 
  0x0000017bcf8653a0: 807f 4800 | 0f85 353a | 0000 4d8b | cb49 c1e9 | 0345 8908 | 498b c849 | 33cb 48c1 | e915 0f84 
  0x0000017bcf8653c0: 1d00 0000 | 498b c848 | c1e9 0949 | b900 e048 | d47b 0100 | 0049 03c9 | 8039 020f | 8570 3a00 
  0x0000017bcf8653e0: 0049 8b87 | c801 0000 | 4c8b d849 | 83c3 284d | 3b9f d801 | 0000 0f83 | 701d 0000 | 4d89 9fc8 
  0x0000017bcf865400: 0100 004c | 8bc0 4983 | c020 48c7 | 0001 0000 | 0041 0f0d | 8bc0 0000 

  0x0000017bcf865418: ;   {metadata('java/time/format/DateTimeFormatter')}
  0x0000017bcf865418: 00c7 4008 | a001 3c00 | 4c89 600c | 4489 601c | c5fd efc0 | c4c1 79d6 

  0x0000017bcf865430: ;   {oop(a 'java/time/format/DecimalStyle'{0x000000070a8ed560})}
  0x0000017bcf865430: 00c7 4014 | acda 51e1 

  0x0000017bcf865438: ;   {oop(a 'java/time/format/ResolverStyle'{0x000000070a8ed2b0})}
  0x0000017bcf865438: c740 1856 | da51 e144 | 8950 104c | 8bd3 49c1 | ea03 4489 

  0x0000017bcf86544c: ;   {oop(a 'java/lang/Class'{0x000000070a805320} = 'core/Time')}
  0x0000017bcf86544c: 500c 49ba | 2053 800a | 0700 0000 | c4c1 7a10 | 828c 0000 | 00c5 fa5a 

  0x0000017bcf865464: ;   {section_word}
  0x0000017bcf865464: c0c5 fb59 | 0593 f3ff | ffc4 61fb 

  0x0000017bcf865470: ;   {external_word}
  0x0000017bcf865470: 2cc0 4c3b | 0547 c272 | ff0f 84fb 

  0x0000017bcf86547c: ;   {oop(a 'java/time/temporal/ChronoField'{0x000000070a84eee8})}
  0x0000017bcf86547c: 4000 0049 | bae8 ee84 | 0a07 0000 | 0045 8b5a | 244f 8b54 | dc10 4d3b | c20f 8c2d | 2800 004f 
  0x0000017bcf86549c: 8b54 dc28 | 4d3b c20f | 8f4f 2c00 | 0048 8944 | 2428 4d8b | d049 c1fa | 3f48 b855 | ed75 ed26 
  0x0000017bcf8654bc: ff5f 9c49 | f7e8 4903 | d048 c1fa | 2949 2bd2 | 448b da44 | 895c 2430 | 49ba 00a0 | b830 4603 
  0x0000017bcf8654dc: 0000 490f | afd2 4c2b | c24d 8bd0 | 49c1 fa3f | 48b8 1d3d | fd68 fe33 | 2501 49f7 | e848 c1fa 
  0x0000017bcf8654fc: 1c49 2bd2 | 448b d244 | 8954 2434 | 4d63 d249 | bb00 5847 | f80d 0000 | 004d 0faf | d34d 2bc2 
  0x0000017bcf86551c: 4d8b d049 | c1fa 3f48 | b8b3 94d6 | 26e8 0b2e | 1149 f7e8 | 48c1 fa1a | 492b d244 | 8bda 4489 
  0x0000017bcf86553c: 5c24 4444 | 8b5c 2434 | 440b 5c24 | 444c 6354 | 2444 4d69 | d200 ca9a | 3b4d 2bc2 | 418b e844 
  0x0000017bcf86555c: 0bdd 0f84 | d42b 0000 | 4d8b 87c8 | 0100 004d | 8bd0 4983 | c218 4d3b | 97d8 0100 | 000f 831e 
  0x0000017bcf86557c: ;   {other}
  0x0000017bcf86557c: 1c00 004d | 8997 c801 | 0000 410f | 0d8a c000 | 0000 49c7 | 0001 0000 

  0x0000017bcf865594: ;   {metadata('java/time/LocalTime')}
  0x0000017bcf865594: 0041 c740 | 0820 a43b | 0045 8960 | 0c4d 8bd0 | 4983 c210 | c5fd efc0 | c4c1 79d6 | 0244 8b5c 
  0x0000017bcf8655b4: 2430 4588 | 5810 4c89 | 4424 4841 | 8968 0c44 | 8b5c 2444 | 4588 5812 | 4d8b d044 | 8b44 2434 
  0x0000017bcf8655d4: 4588 4211 | 498b 87c8 | 0100 004c | 8bd0 4983 | c218 4d3b | 97d8 0100 | 000f 83fd | 1b00 004d 
  0x0000017bcf8655f4: 8997 c801 | 0000 410f | 0d8a c000 | 0000 48c7 | 0001 0000 

  0x0000017bcf865608: ;   {metadata('java/lang/StringBuilder')}
  0x0000017bcf865608: 00c7 4008 | a86b 1c00 | 4489 600c | 4c8b d049 | 83c2 10c5 | fdef c0c4 | c179 d602 | 4889 4424 
  0x0000017bcf865628: 5049 8b8f | c801 0000 | 4c8b d149 | 83c2 304d | 3b97 d801 | 0000 0f83 | 7c1b 0000 | 4d89 97c8 
  0x0000017bcf865648: 0100 0041 | 0f0d 8ac0 | 0000 0048 | c701 0100 | 0000 410f | 0d8a 0001 

  0x0000017bcf865660: ;   {metadata({type array byte})}
  0x0000017bcf865660: 0000 c741 | 08f8 4218 | 0041 0f0d | 8a40 0100 | 0041 0f0d | 8a80 0100 | 00c7 410c | 2000 0000 
  0x0000017bcf865680: 4c8b d149 | 83c2 10c5 | fdef c062 | d1fe 287f | 0249 8b87 | c801 0000 | 4c8b d049 | 83c2 1848 
  0x0000017bcf8656a0: 8b5c 2450 | 4c8d 4314 | 4c8b c949 | c1e9 0345 | 8908 4d8b | d84c 33d9 | 49c1 eb15 | 0f84 1e00 
  0x0000017bcf8656c0: 0000 4d8b | d849 c1eb | 0949 b900 | e048 d47b | 0100 004d | 03d9 4180 | 3b02 0f85 | cd37 0000 
  0x0000017bcf8656e0: 4d3b 97d8 | 0100 000f | 8328 1b00 | 004d 8997 | c801 0000 | 410f 0d8a | c000 0000 | 48c7 0001 
  0x0000017bcf865700: ;   {metadata('java/time/format/DateTimePrintContext')}
  0x0000017bcf865700: 0000 00c7 | 4008 e8fd | 3c00 4489 | 600c 4c8b | d049 83c2 | 10c5 fdef | c0c4 c179 | d602 4889 
  0x0000017bcf865720: 4424 5848 | 8b54 2448 | 4c8b 4424 | 2848 8be8 

  0x0000017bcf865730: ;   {static_call}
  0x0000017bcf865730: c5f8 77e8 

  0x0000017bcf865734: ; ImmutableOopMap {rbp=Oop [40]=Oop [56]=Oop [64]=NarrowOop [80]=Oop [88]=Oop }
                      ;*invokestatic adjust {reexecute=0 rethrow=0 return_oop=1}
                      ; - java.time.format.DateTimePrintContext::<init>@7 (line 119)
                      ; - java.time.format.DateTimeFormatter::formatTo@20 (line 1903)
                      ; - java.time.format.DateTimeFormatter::format@13 (line 1879)
                      ; - core.renderer.DebugGui::beginFrame@58 (line 62)
                      ; - core.renderer.Renderer::beginFrame@42 (line 36)
  0x0000017bcf865734: 480f fdff 

  0x0000017bcf865738: ;   {post_call_nop}
  0x0000017bcf865738: 0f1f 8400 | 3010 0021 | 488b 7c24 | 284c 8d45 | 1441 807f | 4800 0f85 | c437 0000 | 4c8b cf49 
  0x0000017bcf865758: c1e9 0345 | 8908 498b | c848 33cf | 48c1 e915 | 0f84 1d00 | 0000 498b | c848 c1e9 | 0949 b900 
  0x0000017bcf865778: e048 d47b | 0100 0049 | 03c9 8039 | 020f 8513 | 3800 004c | 8d55 1041 | 807f 4800 | 0f85 7e38 
  0x0000017bcf865798: 0000 4c8b | c049 c1e8 | 0345 8902 | 4d8b da4c | 33d8 49c1 | eb15 0f84 | 2800 0000 | 4883 f800 
  0x0000017bcf8657b8: 0f84 1e00 | 0000 4d8b | da49 c1eb | 0949 b800 | e048 d47b | 0100 004d | 03d8 4180 | 3b02 0f85 
  0x0000017bcf8657d8: ae38 0000 | 448b 570c | 4489 5424 | 3047 0fb6 | 54d4 0c4c | 8b5c 2450 | 458b 430c | 4489 4424 
  0x0000017bcf8657f8: 4845 85d2 | 0f85 5629 | 0000 448b | 5c24 3047 | 8b54 dc10 

  0x0000017bcf86580c: ; implicit exception: dispatches to 0x0000017bcf868878
  0x0000017bcf86580c: 478b 5cd4 | 0c44 895c | 244c 4585 | db0f 869a | 0000 0041 | ffcb 443b | 5c24 4c0f | 8373 2300 
  0x0000017bcf86582c: 0044 8b44 | 2430 4f8d 

  0x0000017bcf865834: ;   {other}
  0x0000017bcf865834: 1cc4 4c89 | 5c24 2849 | c1e2 034c | 8954 2460 | 33ed 6666 | 0f1f 8400 | 0000 0000 | 4c8b 5424 
  0x0000017bcf865854: 6045 8b5c | aa10 498b | d348 c1e2 | 034c 8b44 | 2458 4c8b | 4c24 5066 | 6690 c5f8 | 7748 b8d0 
  0x0000017bcf865874: 0ea4 e77b 

  0x0000017bcf865878: ;   {virtual_call}
  0x0000017bcf865878: 0100 00e8 

  0x0000017bcf86587c: ; ImmutableOopMap {[40]=Oop [48]=NarrowOop [56]=Oop [64]=NarrowOop [80]=Oop [88]=Oop [96]=Oop }
                      ;*invokeinterface format {reexecute=0 rethrow=0 return_oop=0}
                      ; - java.time.format.DateTimeFormatterBuilder$CompositePrinterParser::format@48 (line 2538)
                      ; - java.time.format.DateTimeFormatter::formatTo@40 (line 1905)
                      ; - java.time.format.DateTimeFormatter::format@13 (line 1879)
                      ; - core.renderer.DebugGui::beginFrame@58 (line 62)
                      ; - core.renderer.Renderer::beginFrame@42 (line 36)
  0x0000017bcf86587c: e82a 8fff 

  0x0000017bcf865880: ;   {post_call_nop}
  0x0000017bcf865880: 0f1f 8400 | 7811 0022 | 85c0 0f84 | 821d 0000 | ffc5 3b6c | 244c 7cb8 | 448b 5424 | 3043 0fb6 
  0x0000017bcf8658a0: 6cd4 0c85 | ed0f 85c5 | 2a00 004c | 8b54 2450 | 458b 5a0c | 4489 5c24 | 4844 8b5c | 2448 4585 
  0x0000017bcf8658c0: db0f 8457 | 1700 004d | 8b9f c801 | 0000 4d8b | d349 83c2 | 184d 3b97 | d801 0000 | 0f83 bb1b 
  0x0000017bcf8658e0: 0000 4d89 | 97c8 0100 | 0041 0f0d | 8ac0 0000 | 0049 c703 | 0100 0000 

  0x0000017bcf8658f8: ;   {metadata('java/lang/String')}
  0x0000017bcf8658f8: 41c7 4308 | c872 1800 | 4589 630c | 4d8b d349 | 83c2 10c5 | fdef c0c4 | c179 d602 | 4c89 5c24 
  0x0000017bcf865918: 304c 8b54 | 2450 450f | be52 104c | 8b5c 2450 | 458b 5b14 | 4489 5c24 | 4445 85d2 | 0f85 b624 
  0x0000017bcf865938: 0000 478b | 54dc 0c49 | c1e3 034c | 895c 2478 | 448b 5c24 | 444f 8d5c | dc10 4c89 | 5c24 5044 
  0x0000017bcf865958: 8b44 2448 | 453b c20f | 84cf 1100 | 0045 85c0 | 0f8c 0a29 | 0000 443b | 5424 4841 | 8bea 410f 
  0x0000017bcf865978: 4fe8 443b | d50f 827c | 2000 0044 | 3bc5 0f82 | 7320 0000 | 448b 5424 | 484d 63d2 | 4983 c217 
  0x0000017bcf865998: 4c89 5424 | 5849 83e2 | f84c 8954 | 2460 4181 | f800 0010 | 000f 8711 | 1b00 0049 | 8b9f c801 
  0x0000017bcf8659b8: 0000 4c8b | d34c 8b5c | 2460 4d03 | d34d 3b97 | d801 0000 | 0f83 f21a | 0000 4d89 | 97c8 0100 
  0x0000017bcf8659d8: 0041 0f0d | 8ac0 0000 | 0048 c703 | 0100 0000 | 410f 0d8a | 0001 0000 

  0x0000017bcf8659f0: ;   {metadata({type array byte})}
  0x0000017bcf8659f0: c743 08f8 | 4218 0044 | 8943 0c41 | 0f0d 8a40 | 0100 0041 | 0f0d 8a80 | 0100 0048 | 8b4c 2458 
  0x0000017bcf865a10: 48c1 e903 | 4c8b d349 | 83c2 1085 | ed0f 84f9 | 1e00 003b | 6c24 480f | 8cfe 1200 | 004c 8b44 
  0x0000017bcf865a30: 2460 4983 | c0f0 49c1 | e803 488b | 4c24 5049 | 8bd2 c5f8 

  0x0000017bcf865a44: ;   {runtime_call Stub::jlong_disjoint_arraycopy}
  0x0000017bcf865a44: 7749 ba60 | 1cfc ce7b | 0100 0041 

  0x0000017bcf865a50: ;   {post_call_nop}
  0x0000017bcf865a50: ffd2 0f1f | 8400 0000 | 0000 4c8b | 4c24 304d | 8d59 1441 | 807f 4800 | 0f85 7d36 | 0000 4c8b 
  0x0000017bcf865a70: c349 c1e8 | 0345 8903 | 4d8b d34c | 33d3 49c1 | ea15 0f84 | 1e00 0000 | 4d8b d349 | c1ea 0949 
  0x0000017bcf865a90: b800 e048 | d47b 0100 | 004d 03d0 | 4180 3a02 | 0f85 ad36 | 0000 4d8b | c145 8b50 | 1447 8b5c 
  0x0000017bcf865ab0: d40c 410f | be68 10c4 | 4252 f7db | 4183 c30d | 4585 db0f | 8c3f 2200 | 00c4 4251 | f7db 4489 
  0x0000017bcf865ad0: 5c24 2c45 | 85db 0f8c | a426 0000 | 4181 fb00 | 0010 000f | 8750 1700 | 0045 8bd3 | 4d63 d249 
  0x0000017bcf865af0: 83c2 1749 | 83e2 f84d | 8b8f c801 | 0000 4d8b | d94d 03da | 4d3b 9fd8 | 0100 000f | 8328 1700 
  0x0000017bcf865b10: 004d 899f | c801 0000 | 410f 0d8b | c000 0000 | 49c7 0101 | 0000 0041 | 0f0d 8b00 

  0x0000017bcf865b2c: ;   {metadata({type array byte})}
  0x0000017bcf865b2c: 0100 0041 | c741 08f8 | 4218 0044 | 8b54 242c | 4589 510c | 410f 0d8b | 4001 0000 | 410f 0d8b 
  0x0000017bcf865b4c: 8001 0000 | 4c89 4424 | 484c 894c | 2450 85ed | 0f85 ca21 | 0000 448b | 5c24 2c41 | 8bdb 4183 
  0x0000017bcf865b6c: fb0b 0f82 | e41c 0000 

  0x0000017bcf865b74: ;   {oop([B{0x000000070a905078})}
  0x0000017bcf865b74: 49ba 7850 | 900a 0700 | 0000 49bb | ff07 0000 | 0000 0000 | c4c1 fb92 | fb62 d17f | 8f6f 4201 
  0x0000017bcf865b94: 62d1 7f0f | 7f41 014c | 8b54 2448 | 450f be5a | 1045 85db | 0f85 a221 | 0000 458b | 5a14 478b 
  0x0000017bcf865bb4: 54dc 0c45 | 8d42 0b41 | 3bd8 0f82 | b81c 0000 | 4585 d276 | 3d4d 63c2 | 498b d148 | 83c2 1b4f 
  0x0000017bcf865bd4: 8d14 dc4b | 8d4c dc10 | 4983 f820 | 0f87 ef08 | 0000 49ba | ffff ffff | ffff ffff | c442 b8f5 
  0x0000017bcf865bf4: d2c4 c1fb | 92fa 62f1 | 7faf 6f01 | 62f1 7f2f | 7f02 4c8b | 5424 4845 | 8b52 1447 | 8b5c d40c 
  0x0000017bcf865c14: 4c8b 5424 | 4845 0fbe | 5210 c442 | 2af7 c345 | 8d50 0b45 | 85d2 0f8c | 741c 0000 | 458d 580d 
  0x0000017bcf865c34: 413b db0f | 8267 1c00 | 004d 63d8 | 4585 d20f | 8f76 0800 | 0041 ba6d | 7300 004c | 8b44 2450 
  0x0000017bcf865c54: 6647 8954 | 181b 498b | 97c8 0100 | 004c 8bd2 | 4983 c218 | 4d3b 97d8 | 0100 000f 

  0x0000017bcf865c70: ;   {other}
  0x0000017bcf865c70: 83f3 1500 | 004d 8997 | c801 0000 | 410f 0d8a | c000 0000 | 48c7 0201 

  0x0000017bcf865c88: ;   {metadata('java/lang/String')}
  0x0000017bcf865c88: 0000 00c7 | 4208 c872 | 1800 4c89 | 620c 4c8b | 5424 504d | 8bda 49c1 | eb03 4489 | 5a14 6690 
  0x0000017bcf865ca8: ;   {static_call}
  0x0000017bcf865ca8: c5f8 77e8 

  0x0000017bcf865cac: ; ImmutableOopMap {[56]=Oop [64]=NarrowOop }
                      ;*invokestatic nText {reexecute=0 rethrow=0 return_oop=0}
                      ; - imgui.ImGui::text@1 (line 2840)
                      ; - core.renderer.DebugGui::beginFrame@66 (line 62)
                      ; - core.renderer.Renderer::beginFrame@42 (line 36)
  0x0000017bcf865cac: 6028 f9ff 

  0x0000017bcf865cb0: ;   {post_call_nop}
  0x0000017bcf865cb0: 0f1f 8400 | a815 0023 | 498b 87c8 | 0100 004c | 8bd0 4983 | c228 4d3b | 97d8 0100 | 000f 83e2 
  0x0000017bcf865cd0: 1500 004d | 8997 c801 | 0000 410f | 0d8a c000 | 0000 48c7 | 0001 0000 

  0x0000017bcf865ce8: ;   {metadata('java/time/format/DateTimeFormatterBuilder')}
  0x0000017bcf865ce8: 00c7 4008 | 60c5 3c00 | 4489 600c | 4c8b d049 | 83c2 10c5 | fdef c041 | bb07 0000 | 00c4 c178 
  0x0000017bcf865d08: 92fb 62d1 | fe2f 7f02 | 4889 4424 | 2849 8b87 | c801 0000 | 4c8b 5424 | 2849 c1ea | 034c 8b5c 
  0x0000017bcf865d28: 2428 4589 | 5318 4c8b | d049 83c2 | 184d 3b97 | d801 0000 | 0f83 4e15 | 0000 4d89 | 97c8 0100 
  0x0000017bcf865d48: 0041 0f0d | 8ac0 0000 | 0048 c700 | 0100 0000 

  0x0000017bcf865d58: ;   {metadata('java/util/ArrayList')}
  0x0000017bcf865d58: c740 0850 | d421 004c 

  0x0000017bcf865d60: ;   {oop(a 'java/lang/Object'[0] {0x000000070444d8e8})}
  0x0000017bcf865d60: 8960 0cc7 | 4014 1d9b | 88e0 4c8b | 5424 2841 | c742 10ff 

  0x0000017bcf865d74: ;   {oop("HH:mm:ss.SS"{0x000000070a905098})}
  0x0000017bcf865d74: ffff ff49 | b898 5090 | 0a07 0000 | 0048 8b4c | 2428 4c8d | 4920 4c8b | d049 c1ea | 0345 8911 
  0x0000017bcf865d94: 4d8b d94c | 33d8 49c1 | eb15 0f84 | 1e00 0000 | 4d8b d949 | c1eb 0949 | ba00 e048 | d47b 0100 
  0x0000017bcf865db4: 004d 03da | 4180 3b02 | 0f85 f233 | 0000 488b | d166 6690 

  0x0000017bcf865dc8: ;   {optimized virtual_call}
  0x0000017bcf865dc8: c5f8 77e8 

  0x0000017bcf865dcc: ; ImmutableOopMap {[40]=Oop [56]=Oop [64]=NarrowOop }
                      ;*invokevirtual parsePattern {reexecute=0 rethrow=0 return_oop=0}
                      ; - java.time.format.DateTimeFormatterBuilder::appendPattern@10 (line 1908)
                      ; - java.time.format.DateTimeFormatter::ofPattern@8 (line 569)
                      ; - core.renderer.DebugGui::beginFrame@71 (line 63)
                      ; - core.renderer.Renderer::beginFrame@42 (line 36)
  0x0000017bcf865dcc: c0da fbff 

  0x0000017bcf865dd0: ;   {post_call_nop}
  0x0000017bcf865dd0: 0f1f 8400 | c816 0024 

  0x0000017bcf865dd8: ;   {oop(a 'java/lang/Class'{0x00000007ffe9fb80} = 'java/util/Locale')}
  0x0000017bcf865dd8: 49ba 80fb | e9ff 0700 | 0000 458b | 92dc 0000 | 0044 8954 | 2430 4585 | d20f 84a5 | 2300 004c 
  0x0000017bcf865df8: 8b54 2428 | 458b 5218 

  0x0000017bcf865e00: ; implicit exception: dispatches to 0x0000017bcf8688e4
  0x0000017bcf865e00: 478b 54d4 | 1c45 85d2 | 0f85 aa23 | 0000 4d8b | 9fc8 0100 | 004d 8bd3 | 4983 c218 | 4d3b 97d8 
  0x0000017bcf865e20: 0100 000f | 83b0 1400 | 004d 8997 | c801 0000 | 410f 0d8a | c000 0000 | 49c7 0301 

  0x0000017bcf865e3c: ;   {metadata('java/time/format/DateTimeFormatterBuilder$CompositePrinterParser')}
  0x0000017bcf865e3c: 0000 0041 | c743 0878 | ed3c 0045 | 8963 0c4d | 8bd3 4983 | c210 c5fd | efc0 c4c1 | 79d6 024c 
  0x0000017bcf865e5c: 895c 2448 | 4c8b 5424 | 2841 8b6a | 204d 8b9f | c801 0000 | 4d8b d349 | 83c2 104d | 3b97 d801 
  0x0000017bcf865e7c: 0000 0f83 | 7c14 0000 | 4d89 97c8 | 0100 0041 | 0f0d 8ac0 | 0000 0049 | c703 0100 | 0000 410f 
  0x0000017bcf865e9c: 0d8a 0001 

  0x0000017bcf865ea0: ;   {metadata('java/time/format/DateTimeFormatterBuilder$DateTimePrinterParser'[])}
  0x0000017bcf865ea0: 0000 41c7 | 4308 7016 | 1101 410f | 0d8a 4001 | 0000 4589 | 630c 410f | 0d8a 8001 | 0000 4c89 
  0x0000017bcf865ec0: 5c24 5045 | 8b5c ec08 

  0x0000017bcf865ec8: ;   {metadata('java/util/ArrayList')}
  0x0000017bcf865ec8: 4181 fb50 | d421 000f | 85f7 1900 | 004d 8d14 | ec4c 8954 | 2458 458b | 5a10 4489 | 5c24 4441 
  0x0000017bcf865ee8: 8b6a 1445 | 85db 0f8e | 980b 0000 

  0x0000017bcf865ef4: ; implicit exception: dispatches to 0x0000017bcf8689f0
  0x0000017bcf865ef4: 458b 54ec | 0c44 8954 | 2428 4585 | db0f 8c65 | 1c00 0044 | 895c 242c | 4d8d 14ec | 4c89 5424 
  0x0000017bcf865f14: 584d 63d3 | 4e8d 1495 | 1700 0000 | 4c89 5424 | 6041 81fb | 0000 0400 | 0f87 6f16 | 0000 4d8b 
  0x0000017bcf865f34: 87c8 0100 | 004c 8b54 | 2460 4983 | e2f8 4d8b | d84d 03da | 4d3b 9fd8 | 0100 000f | 834c 1600 
  0x0000017bcf865f54: 004d 899f | c801 0000 | 410f 0d8b | c000 0000 | 49c7 0001 | 0000 0041 | 0f0d 8b00 

  0x0000017bcf865f70: ;   {metadata('java/time/format/DateTimeFormatterBuilder$DateTimePrinterParser'[])}
  0x0000017bcf865f70: 0100 0041 | c740 0870 | 1611 0144 | 8b4c 242c | 4589 480c | 410f 0d8b | 4001 0000 | 410f 0d8b 
  0x0000017bcf865f90: 8001 0000 | 4c89 4424 | 5044 8b54 | 2428 443b | 5424 2c45 | 8bda 448b | 5424 2c45 | 0f4f da45 
  0x0000017bcf865fb0: 8beb 4c8b | 5c24 6049 | c1eb 034d | 8bf0 4983 | c610 4d8d | 53fe 4c89 | 5424 6045 | 85ed 0f84 
  0x0000017bcf865fd0: fb1a 0000 | 4d63 c544 | 3b6c 242c | 0f8c 9c0f | 0000 458b | 4cec 084d | 8d54 ec10 | be00 0000 
  0x0000017bcf865ff0: 8c49 03f1 | 4c8b 5e20 

  0x0000017bcf865ff8: ;   {metadata('java/time/format/DateTimeFormatterBuilder$DateTimePrinterParser'[])}
  0x0000017bcf865ff8: 48b9 7016 | 118d 0000 | 0000 4c3b | d90f 85e1 | 0800 0049 | 8bd6 498b | cac5 f877 

  0x0000017bcf866014: ;   {runtime_call Stub::jint_disjoint_arraycopy}
  0x0000017bcf866014: 49ba a00d | fcce 7b01 | 0000 41ff 

  0x0000017bcf866020: ;   {post_call_nop}
  0x0000017bcf866020: d20f 1f84 | 0000 0000 | 004c 8b54 | 2448 4588 | 620c 4c8b | 4c24 4848 | 8b4c 2450 | 4d8d 4110 
  0x0000017bcf866040: 4180 7f48 | 000f 85d4 | 3100 004c | 8bd9 49c1 | eb03 4589 | 184d 8bd0 | 4c33 d149 | c1ea 150f 
  0x0000017bcf866060: 841e 0000 | 004d 8bd0 | 49c1 ea09 | 49bb 00e0 | 48d4 7b01 | 0000 4d03 | d341 803a | 020f 8504 
  0x0000017bcf866080: 3200 0049 | 8b87 c801 | 0000 4c8b | d049 83c2 | 284d 3b97 | d801 0000 | 0f83 8a12 | 0000 4d89 
  0x0000017bcf8660a0: 97c8 0100 | 0041 0f0d | 8ac0 0000 | 0048 c700 | 0100 0000 

  0x0000017bcf8660b4: ;   {metadata('java/time/format/DateTimeFormatter')}
  0x0000017bcf8660b4: c740 08a0 | 013c 004c | 8960 0c44 | 8960 1c4c | 8bd0 4983 | c220 c5fd | efc0 c4c1 

  0x0000017bcf8660d0: ;   {oop(a 'java/time/format/DecimalStyle'{0x000000070a8ed560})}
  0x0000017bcf8660d0: 79d6 02c7 | 4014 acda 

  0x0000017bcf8660d8: ;   {oop(a 'java/time/format/ResolverStyle'{0x000000070a8ed2b0})}
  0x0000017bcf8660d8: 51e1 c740 | 1856 da51 | e148 8bc8 | 448b 5424 | 3044 8951 | 104c 8b54 | 2448 49c1 | ea03 4489 
  0x0000017bcf8660f8: ;   {oop(a 'java/time/temporal/ChronoField'{0x000000070a84eee8})}
  0x0000017bcf8660f8: 510c 49ba | e8ee 840a | 0700 0000 | 458b 5a24 

  0x0000017bcf866108: ;   {section_word}
  0x0000017bcf866108: c5fb 1005 | f0e6 ffff 

  0x0000017bcf866110: ;   {oop(a 'java/lang/Class'{0x000000070a805320} = 'core/Time')}
  0x0000017bcf866110: 49ba 2053 | 800a 0700 | 0000 c4c1 | 7b59 4278 | c461 fb2c 

  0x0000017bcf866124: ;   {external_word}
  0x0000017bcf866124: c84c 3b0d | 94b5 72ff | 0f84 3334 | 0000 4f8b | 54dc 104d | 3bca 0f8c | 401c 0000 | 4f8b 54dc 
  0x0000017bcf866144: 284d 3bca | 0f8f 8a20 | 0000 48b8 | 55ed 75ed | 26ff 5f9c | 49f7 e94e | 8d1c 0a49 | c1fb 294d 
  0x0000017bcf866164: 8bd1 49c1 | fa3f 4d2b | da4d 8bd3 | 49b8 00a0 | b830 4603 | 0000 4d0f | afd0 4d2b | ca48 b81d 
  0x0000017bcf866184: 3dfd 68fe | 3325 0149 | f7e9 418b | db48 c1fa | 1c4d 8bd1 | 49c1 fa3f | 492b d244 | 8bda 4d63 
  0x0000017bcf8661a4: d349 b800 | 5847 f80d | 0000 004d | 0faf d04d | 2bca 48b8 | b394 d626 | e80b 2e11 | 49f7 e948 
  0x0000017bcf8661c4: c1fa 1a4d | 8bd1 49c1 | fa3f 492b | d28b fa45 | 8bd3 440b | d74c 63c7 | 4d69 c000 | ca9a 3b4d 
  0x0000017bcf8661e4: 2bc8 418b | e944 0bd5 | 0f84 2620 | 0000 4d8b | 87c8 0100 | 004d 8bd0 | 4983 c218 | 4d3b 97d8 
  0x0000017bcf866204: 0100 000f | 83b0 1100 | 004d 8997 | c801 0000 | 410f 0d8a | c000 0000 | 49c7 0001 | 0000 004d 
  0x0000017bcf866224: ;   {other}
  0x0000017bcf866224: 8bd0 4983 

  0x0000017bcf866228: ;   {metadata('java/time/LocalTime')}
  0x0000017bcf866228: c210 41c7 | 4008 20a4 | 3b00 4589 | 600c c5fd | efc0 c4c1 | 79d6 0241 | 8858 1045 | 8858 1141 
  0x0000017bcf866248: 8968 0c41 | 8878 1249 | 8b87 c801 | 0000 4c8b | d049 83c2 | 184d 3b97 | d801 0000 | 0f83 9c11 
  0x0000017bcf866268: 0000 4d89 | 97c8 0100 | 0041 0f0d | 8ac0 0000 | 0048 c700 | 0100 0000 | 4c8b d049 

  0x0000017bcf866284: ;   {metadata('java/lang/StringBuilder')}
  0x0000017bcf866284: 83c2 10c7 | 4008 a86b | 1c00 4489 | 600c c5fd | efc0 c4c1 | 79d6 0248 | 8bd8 498b | 97c8 0100 
  0x0000017bcf8662a4: 004c 8bd2 | 4983 c230 | 4d3b 97d8 | 0100 000f | 8394 1000 | 004d 8997 | c801 0000 | 410f 0d8a 
  0x0000017bcf8662c4: c000 0000 | 48c7 0201 | 0000 0041 | 0f0d 8a00 

  0x0000017bcf8662d4: ;   {metadata({type array byte})}
  0x0000017bcf8662d4: 0100 00c7 | 4208 f842 | 1800 410f | 0d8a 4001 | 0000 c742 | 0c20 0000 | 0041 0f0d | 8a80 0100 
  0x0000017bcf8662f4: 004c 8bd2 | 4983 c210 | c5fd efc0 | 62d1 fe28 | 7f02 498b | 87c8 0100 | 004c 8bd0 | 4983 c218 
  0x0000017bcf866314: 4c8d 4b14 | 488b fa48 | c1ef 0341 | 8939 4d8b | d94c 33da | 49c1 eb15 | 0f84 1e00 | 0000 4d8b 
  0x0000017bcf866334: d949 c1eb | 0948 bf00 | e048 d47b | 0100 004c | 03df 4180 | 3b02 0f85 | 8e2f 0000 | 4d3b 97d8 
  0x0000017bcf866354: 0100 000f | 8334 1000 | 004d 8997 | c801 0000 | 410f 0d8a | c000 0000 | 48c7 0001 | 0000 004c 
  0x0000017bcf866374: 8bd0 4983 

  0x0000017bcf866378: ;   {metadata('java/time/format/DateTimePrintContext')}
  0x0000017bcf866378: c210 c740 | 08e8 fd3c | 0044 8960 | 0cc5 fdef | c0c4 c179 | d602 4889 | 4c24 2849 | 8be8 4889 
  0x0000017bcf866398: 5c24 4848 | 8944 2430 | 488b d54c | 8b44 2428 | 488b e890 

  0x0000017bcf8663ac: ;   {static_call}
  0x0000017bcf8663ac: c5f8 77e8 

  0x0000017bcf8663b0: ; ImmutableOopMap {rbp=Oop [40]=Oop [48]=Oop [56]=Oop [64]=NarrowOop [72]=Oop }
                      ;*invokestatic adjust {reexecute=0 rethrow=0 return_oop=1}
                      ; - java.time.format.DateTimePrintContext::<init>@7 (line 119)
                      ; - java.time.format.DateTimeFormatter::formatTo@20 (line 1903)
                      ; - java.time.format.DateTimeFormatter::format@13 (line 1879)
                      ; - core.renderer.DebugGui::beginFrame@85 (line 63)
                      ; - core.renderer.Renderer::beginFrame@42 (line 36)
  0x0000017bcf8663b0: cc02 fdff 

  0x0000017bcf8663b4: ;   {post_call_nop}
  0x0000017bcf8663b4: 0f1f 8400 | ac1c 0025 | 4c8b cd48 | 8b7c 2428 | 498d 5914 | 4180 7f48 | 000f 858a | 2f00 0048 
  0x0000017bcf8663d4: 8bcf 48c1 | e903 890b | 4c8b c34c | 33c7 49c1 | e815 0f84 | 1e00 0000 | 4c8b c349 | c1e8 0948 
  0x0000017bcf8663f4: b900 e048 | d47b 0100 | 004c 03c1 | 4180 3802 | 0f85 d52f | 0000 4d8d | 5910 4180 | 7f48 000f 
  0x0000017bcf866414: 854f 3000 | 004c 8bd0 | 49c1 ea03 | 4589 134d | 8bc3 4c33 | c049 c1e8 | 150f 8428 | 0000 0048 
  0x0000017bcf866434: 83f8 000f | 841e 0000 | 004d 8bc3 | 49c1 e809 | 49ba 00e0 | 48d4 7b01 | 0000 4d03 | c241 8038 
  0x0000017bcf866454: 020f 8589 | 3000 0044 | 8b47 0c47 | 0fb6 54c4 | 0c48 8b4c | 2448 448b | 590c 4585 | d20f 85c9 
  0x0000017bcf866474: 1d00 0043 | 8b7c c410 

  0x0000017bcf86647c: ; implicit exception: dispatches to 0x0000017bcf86894c
  0x0000017bcf86647c: 458b 54fc | 0c45 85d2 | 0f86 1e01 | 0000 418d | 5aff 413b | da0f 8339 | 1700 004b | 8d14 c449 
  0x0000017bcf86649c: 8d1c fc33 | ed4c 894c | 2450 4489 | 4424 6444 | 895c 2460 

  0x0000017bcf8664b0: ;   {other}
  0x0000017bcf8664b0: 4489 5424 | 4448 8954 | 2430 e986 | 0000 004c | 8b54 2450 | 43c6 441a | 1c73 43c6 | 441a 1b6d 
  0x0000017bcf8664d0: e985 f7ff | ffc5 f877 

  0x0000017bcf8664d8: ;   {runtime_call Stub::jbyte_arraycopy}
  0x0000017bcf8664d8: 49ba c0fa | fbce 7b01 | 0000 41ff 

  0x0000017bcf8664e4: ;   {post_call_nop}
  0x0000017bcf8664e4: d20f 1f84 | 0000 0000 | 00e9 14f7 | ffff 43c6 | 4419 1420 | 43c6 4419 | 133a 43c6 | 4419 1253 
  0x0000017bcf866504: 43c6 4419 | 1150 43c6 | 4419 1046 | e9e5 eaff | ff49 baff | ffff ffff | ffff ffc4 | 42b8 f5d2 
  0x0000017bcf866524: c4c1 fb92 | fa62 f17f | af6f 0362 | f17f 2f7f | 02e9 5402 | 0000 660f | 1f44 0000 | 488b 5c24 
  0x0000017bcf866544: 2844 8b5c | ab10 4889 | 5c24 2849 | 8bd3 48c1 | e203 4c8b | 4424 504c | 8b4c 2448 | 6690 c5f8 
  0x0000017bcf866564: 7748 b8f8 | 0ea4 e77b 

  0x0000017bcf86656c: ;   {virtual_call}
  0x0000017bcf86656c: 0100 00e8 

  0x0000017bcf866570: ; ImmutableOopMap {[40]=Oop [48]=Oop [56]=Oop [64]=NarrowOop [72]=Oop [80]=Oop [100]=NarrowOop }
                      ;*invokeinterface format {reexecute=0 rethrow=0 return_oop=0}
                      ; - java.time.format.DateTimeFormatterBuilder$CompositePrinterParser::format@48 (line 2538)
                      ; - java.time.format.DateTimeFormatter::formatTo@40 (line 1905)
                      ; - java.time.format.DateTimeFormatter::format@13 (line 1879)
                      ; - core.renderer.DebugGui::beginFrame@85 (line 63)
                      ; - core.renderer.Renderer::beginFrame@42 (line 36)
  0x0000017bcf866570: f41d 8fff 

  0x0000017bcf866574: ;   {post_call_nop}
  0x0000017bcf866574: 0f1f 8400 | 6c1e 0026 | 85c0 0f84 | c010 0000 | ffc5 3b6c | 2444 7cb4 | 448b 5c24 | 6443 0fb6 
  0x0000017bcf866594: 6cdc 0c85 | ed0f 85e9 | 1d00 0048 | 8b4c 2448 | 448b 590c | 4585 db0f | 847c 0a00 | 0044 0fbe 
  0x0000017bcf8665b4: 4910 448b | 5114 4585 | c90f 8561 | 1800 0047 | 8b44 d40c | 4f8d 0cd4 | 4c89 4c24 | 604f 8d4c 
  0x0000017bcf8665d4: d410 453b | d80f 840a | 0600 0045 | 85db 0f8c | b41c 0000 | 453b c341 | 8be8 410f | 4feb 443b 
  0x0000017bcf8665f4: c50f 821d | 1400 0044 | 3bdd 0f82 | 1414 0000 | 458b c349 | 63c8 4883 | c117 4c8b | c149 83e0 
  0x0000017bcf866614: f841 81fb | 0000 1000 | 0f87 c60e | 0000 498b | 9fc8 0100 | 004c 8bd3 | 4d03 d04d | 3b97 d801 
  0x0000017bcf866634: 0000 0f83 | ac0e 0000 | 4d89 97c8 | 0100 0041 | 0f0d 8ac0 | 0000 0048 | c703 0100 | 0000 410f 
  0x0000017bcf866654: 0d8a 0001 

  0x0000017bcf866658: ;   {metadata({type array byte})}
  0x0000017bcf866658: 0000 c743 | 08f8 4218 | 0044 895b | 0c41 0f0d | 8a40 0100 | 0041 0f0d | 8a80 0100 | 0048 8bd3 
  0x0000017bcf866678: 4883 c210 | 48c1 e903 | 85ed 0f84 | 0713 0000 | 413b eb0f | 8c77 0700 | 0049 83c0 | f049 c1e8 
  0x0000017bcf866698: 0349 8bc9 

  0x0000017bcf86669c: ;   {runtime_call Stub::jlong_disjoint_arraycopy}
  0x0000017bcf86669c: c5f8 7749 | ba60 1cfc | ce7b 0100 | 0041 ffd2 

  0x0000017bcf8666ac: ;   {post_call_nop}
  0x0000017bcf8666ac: 0f1f 8400 | 0000 0000 | 4c8b db49 | c1eb 0345 | 33c9 448b | 5424 708b | 6b0c 85ed | 0f86 3212 
  0x0000017bcf8666cc: 0000 448d | 4506 4585 | c00f 8ce5 | 1600 0041 | 81f8 0000 | 1000 0f87 | 770d 0000 | 498b bfc8 
  0x0000017bcf8666ec: 0100 0041 | 8bc8 4863 | c948 83c1 | 1748 83e1 | f848 8bd7 | 4803 d149 | 3b97 d801 | 0000 0f83 
  0x0000017bcf86670c: 4f0d 0000 | 4989 97c8 | 0100 000f | 0d8a c000 | 0000 48c7 | 0701 0000 | 000f 0d8a | 0001 0000 
  0x0000017bcf86672c: ;   {metadata({type array byte})}
  0x0000017bcf86672c: c747 08f8 | 4218 0044 | 8947 0c0f | 0d8a 4001 | 0000 0f0d | 8a80 0100 | 0041 ba54 | 6900 0066 
  0x0000017bcf86674c: 4489 5710 | c747 126d | 653a 2085 | ed76 3348 | 8bd7 4883 | c216 4883 | c310 4c63 | c549 83f8 
  0x0000017bcf86676c: 200f 86a2 | fdff ff48 | 8bcb c5f8 

  0x0000017bcf866778: ;   {runtime_call Stub::jbyte_arraycopy}
  0x0000017bcf866778: 7749 bac0 | fafb ce7b | 0100 0041 

  0x0000017bcf866784: ;   {post_call_nop}
  0x0000017bcf866784: ffd2 0f1f | 8400 0000 | 0000 498b | 97c8 0100 | 004c 8bd2 | 4983 c218 | 4d3b 97d8 | 0100 000f 
  0x0000017bcf8667a4: 838c 0c00 | 004d 8997 | c801 0000 | 410f 0d8a | c000 0000 | 48c7 0201 

  0x0000017bcf8667bc: ;   {metadata('java/lang/String')}
  0x0000017bcf8667bc: 0000 00c7 | 4208 c872 | 1800 4c89 | 620c 4c8b | d749 c1ea | 0344 8952 | 1466 6690 

  0x0000017bcf8667d8: ;   {static_call}
  0x0000017bcf8667d8: c5f8 77e8 

  0x0000017bcf8667dc: ; ImmutableOopMap {[56]=Oop [64]=NarrowOop }
                      ;*invokestatic nText {reexecute=0 rethrow=0 return_oop=0}
                      ; - imgui.ImGui::text@1 (line 2840)
                      ; - core.renderer.DebugGui::beginFrame@93 (line 63)
                      ; - core.renderer.Renderer::beginFrame@42 (line 36)
  0x0000017bcf8667dc: 301d f9ff 

  0x0000017bcf8667e0: ;   {post_call_nop}
  0x0000017bcf8667e0: 0f1f 8400 | d820 0027 | 448b 5424 | 4047 8b54 | d414 4d8b | c249 c1e0 | 0341 b920 

  0x0000017bcf8667fc: ;   {oop("Background color"{0x000000070a9050b0})}
  0x0000017bcf8667fc: 0002 0048 | bab0 5090 | 0a07 0000 | 0066 6690 

  0x0000017bcf86680c: ;   {static_call}
  0x0000017bcf86680c: c5f8 77e8 

  0x0000017bcf866810: ; ImmutableOopMap {}
                      ;*invokestatic nColorEdit4 {reexecute=0 rethrow=0 return_oop=0}
                      ; - imgui.ImGui::colorEdit4@3 (line 8849)
                      ; - core.renderer.DebugGui::beginFrame@104 (line 86)
                      ; - core.renderer.Renderer::beginFrame@42 (line 36)
  0x0000017bcf866810: 7c4a faff 

  0x0000017bcf866814: ;   {post_call_nop}
  0x0000017bcf866814: 0f1f 8400 | 0c21 0028 

  0x0000017bcf86681c: ;   {static_call}
  0x0000017bcf86681c: c5f8 77e8 

  0x0000017bcf866820: ; ImmutableOopMap {}
                      ;*invokestatic nEnd {reexecute=0 rethrow=0 return_oop=0}
                      ; - imgui.ImGui::end@0 (line 618)
                      ; - core.renderer.DebugGui::beginFrame@108 (line 87)
                      ; - core.renderer.Renderer::beginFrame@42 (line 36)
  0x0000017bcf866820: 6c4d faff 

  0x0000017bcf866824: ;   {post_call_nop}
  0x0000017bcf866824: 0f1f 8400 | 1c21 0029 | c5f8 7748 | 81c4 9000 

  0x0000017bcf866834: ;   {poll_return}
  0x0000017bcf866834: 0000 5d49 | 3b67 280f | 870e 2d00 

  0x0000017bcf866840: ;   {metadata('java/time/format/DateTimeFormatterBuilder$DateTimePrinterParser'[])}
  0x0000017bcf866840: 00c3 4181 | fb70 1611 | 010f 841b 

  0x0000017bcf86684c: ;   {metadata('java/time/format/DateTimeFormatterBuilder$DateTimePrinterParser'[])}
  0x0000017bcf86684c: ebff ff48 | b870 1611 | 8d00 0000 | 0048 33ff | 4c8b 9ea8 | 0000 0049 | 8bd3 48c1 | e226 0f89 
  0x0000017bcf86686c: 2100 0000 | f348 0fb8 | d248 8b5e | 2848 3b04 | d374 1549 | 0fba e31a | 730b 49c1 

  0x0000017bcf866888: ;   {runtime_call Stub::lookup_secondary_supers_table_slow_path}
  0x0000017bcf866888: cb19 e814 | ff75 ffeb | 0348 ffc7 | 4885 ff0f | 84cd eaff | ff49 8bd6 | 41b9 2000 

  0x0000017bcf8668a4: ;   {metadata('java/time/format/DateTimeFormatterBuilder$DateTimePrinterParser')}
  0x0000017bcf8668a4: 0000 49bb | b8ef 3c8c | 0000 0000 | 4c89 5c24 | 2049 8bca 

  0x0000017bcf8668b8: ;   {runtime_call Stub::checkcast_arraycopy_uninit}
  0x0000017bcf8668b8: c5f8 7749 | bae0 4ffc | ce7b 0100 | 0041 ffd2 

  0x0000017bcf8668c8: ;   {post_call_nop}
  0x0000017bcf8668c8: 0f1f 8400 | 0000 0000 | 85c0 0f85 | 651b 0000 | 448b 5424 | 2848 8b5c | 2430 4c8b | 5c24 48e9 
  0x0000017bcf8668e8: abea ffff 

  0x0000017bcf8668ec: ;   {metadata('java/time/format/DateTimeFormatterBuilder$DateTimePrinterParser'[])}
  0x0000017bcf8668ec: 4181 f970 | 1611 010f | 8412 f7ff 

  0x0000017bcf8668f8: ;   {metadata('java/time/format/DateTimeFormatterBuilder$DateTimePrinterParser'[])}
  0x0000017bcf8668f8: ff48 b870 | 1611 8d00 | 0000 0048 | 33ff 4c8b | 9ea8 0000 | 0049 8bd3 | 48c1 e226 | 0f89 2100 
  0x0000017bcf866918: 0000 f348 | 0fb8 d248 | 8b5e 2848 | 3b04 d374 | 1549 0fba | e31a 730b | 49c1 cb19 

  0x0000017bcf866934: ;   {runtime_call Stub::lookup_secondary_supers_table_slow_path}
  0x0000017bcf866934: e86a fe75 | ffeb 0348 | ffc7 4885 | ff0f 84c4 | f6ff ff49 | 8bd6 41b9 | 2000 0000 

  0x0000017bcf866950: ;   {metadata('java/time/format/DateTimeFormatterBuilder$DateTimePrinterParser')}
  0x0000017bcf866950: 49bb b8ef | 3c8c 0000 | 0000 4c89 | 5c24 2049 | 8bca c5f8 

  0x0000017bcf866964: ;   {runtime_call Stub::checkcast_arraycopy_uninit}
  0x0000017bcf866964: 7749 bae0 | 4ffc ce7b | 0100 0041 

  0x0000017bcf866970: ;   {post_call_nop}
  0x0000017bcf866970: ffd2 0f1f | 8400 0000 | 0000 85c0 | 0f84 a7f6 | ffff 488b | 4c24 6049 | 8bfe 4833 | c048 83f9 
  0x0000017bcf866990: 087f 1048 | ffc9 7856 | 4889 04cf | 48ff c97d | f7eb 4bc5 | fdef c0e9 | 0d00 0000 | c5fe 7f07 
  0x0000017bcf8669b0: c5fe 7f47 | 2048 83c7 | 4048 83e9 | 087d ed48 | 83c1 047c | 0cc5 fe7f | 0748 83c7 | 2048 83e9 
  0x0000017bcf8669d0: 0448 83c1 | 047e 1748 | c7c0 ffff | ffff c4e2 | f0f5 c0c4 | e1fb 92f8 | 62f1 fe2f | 7f07 8b6c 
  0x0000017bcf8669f0: 2444 488b | 5424 5844 | 8b44 2470 | 4c8b 4c24 | 508b 7c24 | 7041 8bf5 

  0x0000017bcf866a08: ;   {runtime_call C2 Runtime slow_arraycopy}
  0x0000017bcf866a08: c5f8 77e8 

  0x0000017bcf866a0c: ; ImmutableOopMap {[48]=NarrowOop [56]=Oop [64]=NarrowOop [72]=Oop [80]=Oop [88]=Oop }
                      ;*invokestatic copyOf {reexecute=1 rethrow=0 return_oop=0}
                      ; - (reexecute) java.util.ArrayList::toArray@21 (line 401)
                      ; - java.time.format.DateTimeFormatterBuilder$CompositePrinterParser::<init>@6 (line 2509)
                      ; - java.time.format.DateTimeFormatterBuilder::toFormatter@34 (line 2434)
                      ; - java.time.format.DateTimeFormatterBuilder::toFormatter@6 (line 2408)
                      ; - java.time.format.DateTimeFormatterBuilder::toFormatter@7 (line 2387)
                      ; - java.time.format.DateTimeFormatter::ofPattern@11 (line 569)
                      ; - core.renderer.DebugGui::beginFrame@71 (line 63)
                      ; - core.renderer.Renderer::beginFrame@42 (line 36)
  0x0000017bcf866a0c: d0fa 8eff 

  0x0000017bcf866a10: ;   {post_call_nop}
  0x0000017bcf866a10: 0f1f 8400 | 0823 002a | e90c f6ff | ff41 b902 | 0000 0041 | 83fa 9c0f | 8e55 0200 | 0041 8d49 
  0x0000017bcf866a30: 05e9 0be5 | ffff 418b | 4cec 0c3b | cf0f 8275 | 1900 0085 | ff0f 856d | 1900 0041 | 8b68 1085 
  0x0000017bcf866a50: ed0f 8d40 | e9ff ffba | 45ff ffff | 448b 4c24 | 4044 894c | 2428 4489 | 5424 2c48 | 895c 2438 
  0x0000017bcf866a70: 4c89 4424 | 404c 895c | 2448 6690 

  0x0000017bcf866a7c: ;   {runtime_call UncommonTrapBlob}
  0x0000017bcf866a7c: c5f8 77e8 

  0x0000017bcf866a80: ; ImmutableOopMap {[40]=NarrowOop [44]=NarrowOop [56]=Oop [64]=Oop [72]=Oop }
                      ;*if_icmple {reexecute=1 rethrow=0 return_oop=0}
                      ; - (reexecute) java.util.ArrayList::toArray@45 (line 403)
                      ; - java.time.format.DateTimeFormatterBuilder$CompositePrinterParser::<init>@6 (line 2509)
                      ; - java.time.format.DateTimeFormatterBuilder::toFormatter@34 (line 2434)
                      ; - java.time.format.DateTimeFormatterBuilder::toFormatter@6 (line 2408)
                      ; - java.time.format.DateTimeFormatterBuilder::toFormatter@7 (line 2387)
                      ; - java.time.format.DateTimeFormatter::ofPattern@11 (line 569)
                      ; - core.renderer.DebugGui::beginFrame@43 (line 62)
                      ; - core.renderer.Renderer::beginFrame@42 (line 36)
  0x0000017bcf866a80: dc70 85ff 

  0x0000017bcf866a84: ;   {post_call_nop}
  0x0000017bcf866a84: 0f1f 8400 | 7c23 002b 

  0x0000017bcf866a8c: ; implicit exception: dispatches to 0x0000017bcf868af4
  0x0000017bcf866a8c: 458b 5cec | 0c44 3b5c | 2444 0f82 | 7119 0000 | 448b 5c24 | 4445 85db | 0f85 6319 | 0000 4c8b 
  0x0000017bcf866aac: 5424 5841 | 8b6a 1085 | ed0f 8d6e | f5ff ffba | 45ff ffff | 448b 5424 | 4044 8954 | 2428 448b 
  0x0000017bcf866acc: 5c24 3044 | 895c 242c | 4c8b 5424 | 484c 8954 | 2438 6690 

  0x0000017bcf866ae0: ;   {runtime_call UncommonTrapBlob}
  0x0000017bcf866ae0: c5f8 77e8 

  0x0000017bcf866ae4: ; ImmutableOopMap {[40]=NarrowOop [44]=NarrowOop [56]=Oop [80]=Oop [88]=Oop }
                      ;*if_icmple {reexecute=1 rethrow=0 return_oop=0}
                      ; - (reexecute) java.util.ArrayList::toArray@45 (line 403)
                      ; - java.time.format.DateTimeFormatterBuilder$CompositePrinterParser::<init>@6 (line 2509)
                      ; - java.time.format.DateTimeFormatterBuilder::toFormatter@34 (line 2434)
                      ; - java.time.format.DateTimeFormatterBuilder::toFormatter@6 (line 2408)
                      ; - java.time.format.DateTimeFormatterBuilder::toFormatter@7 (line 2387)
                      ; - java.time.format.DateTimeFormatter::ofPattern@11 (line 569)
                      ; - core.renderer.DebugGui::beginFrame@71 (line 63)
                      ; - core.renderer.Renderer::beginFrame@42 (line 36)
  0x0000017bcf866ae4: 7870 85ff 

  0x0000017bcf866ae8: ;   {post_call_nop}
  0x0000017bcf866ae8: 0f1f 8400 | e023 002c | 4533 d244 | 8954 2470 | e90c e3ff | ff48 63d9 | 48ff cb44 | 8bd1 4183 
  0x0000017bcf866b08: e07f 458d | 5afe 4d63 

  0x0000017bcf866b10: ;   {oop([S{0x00000007044000b0})}
  0x0000017bcf866b10: d348 bfb0 | 0040 0407 | 0000 0046 | 0fbf 4447 | 1047 8844 | 1110 41c1 | f808 4588 | 4419 10e9 
  0x0000017bcf866b30: 95e4 ffff | 4d63 da4c | 895c 2428 | 4181 fa00 | 0010 000f | 8723 0b00 | 004d 8b9f | c801 0000 
  0x0000017bcf866b50: 4c8b 4424 | 2849 83c0 | 1749 83e0 | f84d 8bcb | 4d03 c84d | 3b8f d801 | 0000 0f83 | fc0a 0000 
  0x0000017bcf866b70: 4d89 8fc8 | 0100 0041 | 0f0d 89c0 | 0000 0049 | c703 0100 | 0000 410f | 0d89 0001 

  0x0000017bcf866b8c: ;   {metadata({type array byte})}
  0x0000017bcf866b8c: 0000 41c7 | 4308 f842 | 1800 4589 | 530c 410f | 0d89 4001 | 0000 410f | 0d89 8001 | 0000 4d8b 
  0x0000017bcf866bac: d349 8bda | 4c8b 5424 | 2849 83c2 | 0749 c1ea | 0348 8bd3 | 4883 c210 | 488b 4c24 | 504d 8bc2 
  0x0000017bcf866bcc: ;   {runtime_call Stub::jlong_disjoint_arraycopy}
  0x0000017bcf866bcc: c5f8 7749 | ba60 1cfc | ce7b 0100 | 0041 ffd2 

  0x0000017bcf866bdc: ;   {post_call_nop}
  0x0000017bcf866bdc: 0f1f 8400 | 0000 0000 | e971 eeff | ff49 63f8 | 4181 f800 | 0010 000f | 879f 0a00 | 0049 8b9f 
  0x0000017bcf866bfc: c801 0000 | 4c8d 5f17 | 4983 e3f8 | 488b cb49 | 03cb 493b | 8fd8 0100 | 000f 837d | 0a00 0049 
  0x0000017bcf866c1c: 898f c801 | 0000 0f0d | 89c0 0000 | 0048 c703 | 0100 0000 | 0f0d 8900 

  0x0000017bcf866c34: ;   {metadata({type array byte})}
  0x0000017bcf866c34: 0100 00c7 | 4308 f842 | 1800 4489 | 430c 0f0d | 8940 0100 | 000f 0d89 | 8001 0000 | 488b d348 
  0x0000017bcf866c54: 83c2 1048 | 83c7 0748 | c1ef 0349 | 8bc9 4c8b | c7c5 f877 

  0x0000017bcf866c68: ;   {runtime_call Stub::jlong_disjoint_arraycopy}
  0x0000017bcf866c68: 49ba 601c | fcce 7b01 | 0000 41ff 

  0x0000017bcf866c74: ;   {post_call_nop}
  0x0000017bcf866c74: d20f 1f84 | 0000 0000 | 00e9 32fa | ffff 4181 | fa18 fcff | ff0f 8e79 | 0300 0041 | ffc1 e996 
  0x0000017bcf866c94: fdff ff89 | 4c24 3489 | 4c24 444c | 894c 2448 | 418b cac1 | f91f 448b | 5c24 3441 | 83c3 fe44 
  0x0000017bcf866cb4: 895c 242c | 4d63 da4d | 69db 1f85 | eb51 49c1 | fb25 458b | db41 8beb | 4489 5c24 | 3089 4c24 
  0x0000017bcf866cd4: 282b e944 | 6bcd 6445 | 2bca 488b | 5424 4844 | 8b44 242c 

  0x0000017bcf866ce8: ;   {static_call}
  0x0000017bcf866ce8: c5f8 77e8 

  0x0000017bcf866cec: ; ImmutableOopMap {[56]=Oop [64]=NarrowOop [72]=Oop }
                      ;*invokestatic uncheckedPutPairLatin1 {reexecute=0 rethrow=0 return_oop=0}
                      ; - jdk.internal.util.DecimalDigits::uncheckedGetCharsLatin1@45 (line 167)
                      ; - java.lang.StringConcatHelper::prepend@7 (line 716)
                      ; - java.lang.StringConcatHelper$Concat1::concat@48 (line 110)
                      ; - java.lang.invoke.DirectMethodHandle$Holder::invokeSpecial@11
                      ; - java.lang.invoke.LambdaForm$MH/0x000000008d048400::invoke@21
                      ; - java.lang.invoke.Invokers$Holder::linkToTargetMethod@5
                      ; - core.renderer.DebugGui::beginFrame@33 (line 61)
                      ; - core.renderer.Renderer::beginFrame@42 (line 36)
  0x0000017bcf866cec: 9030 fdff 

  0x0000017bcf866cf0: ;   {post_call_nop}
  0x0000017bcf866cf0: 0f1f 8400 | e825 002d 

  0x0000017bcf866cf8: ; ImmutableOopMap {[56]=Oop [64]=NarrowOop [72]=Oop }
                      ;*goto {reexecute=1 rethrow=0 return_oop=0}
                      ; - (reexecute) jdk.internal.util.DecimalDigits::uncheckedGetCharsLatin1@50 (line 168)
                      ; - java.lang.StringConcatHelper::prepend@7 (line 716)
                      ; - java.lang.StringConcatHelper$Concat1::concat@48 (line 110)
                      ; - java.lang.invoke.DirectMethodHandle$Holder::invokeSpecial@11
                      ; - java.lang.invoke.LambdaForm$MH/0x000000008d048400::invoke@21
                      ; - java.lang.invoke.Invokers$Holder::linkToTargetMethod@5
                      ; - core.renderer.DebugGui::beginFrame@33 (line 61)
                      ; - core.renderer.Renderer::beginFrame@42 (line 36)
  0x0000017bcf866cf8: 4d8b 5730 

  0x0000017bcf866cfc: ;   {poll}
  0x0000017bcf866cfc: 4185 0283 | fd9c 0f8e | d209 0000 | 448b 5c24 | 3441 83c3 | fd83 fdf6 | 0f8e c008 | 0000 448b 
  0x0000017bcf866d1c: d58b 4c24 | 444c 8b4c | 2448 e98e | e2ff ff4c | 63c5 4d8d | 5810 4d8b | cb49 83e1 | f848 8bfb 
  0x0000017bcf866d3c: 4903 f949 | c1eb 034c | 8bc9 4d2b | cb49 8bc9 | 4833 c048 | 83f9 087f | 1048 ffc9 | 7856 4889 
  0x0000017bcf866d5c: 04cf 48ff | c97d f7eb | 4bc5 fdef | c0e9 0d00 | 0000 c5fe | 7f07 c5fe | 7f47 2048 | 83c7 4048 
  0x0000017bcf866d7c: 83e9 087d | ed48 83c1 | 047c 0cc5 | fe7f 0748 | 83c7 2048 | 83e9 0448 | 83c1 047e | 1748 c7c0 
  0x0000017bcf866d9c: ffff ffff | c4e2 f0f5 | c0c4 e1fb | 92f8 62f1 | fe2f 7f07 | 4983 f820 | 772d 4c63 | dd49 b8ff 
  0x0000017bcf866dbc: ffff ffff | ffff ffc4 | 42a0 f5c0 | c4c1 fb92 | f84c 8b5c | 2450 62d1 | 7faf 6f03 | 62d1 7f2f 
  0x0000017bcf866ddc: 7f02 e977 | ecff ff48 | 8b4c 2450 | 498b d2c5 

  0x0000017bcf866dec: ;   {runtime_call Stub::jbyte_disjoint_arraycopy}
  0x0000017bcf866dec: f877 49ba | e0f2 fbce | 7b01 0000 

  0x0000017bcf866df8: ;   {post_call_nop}
  0x0000017bcf866df8: 41ff d20f | 1f84 0000 | 0000 00e9 | 52ec ffff | 4c63 c54d | 8d50 104d | 8bda 4983 | e3f8 488b 
  0x0000017bcf866e18: fb49 03fb | 49c1 ea03 | 492b ca48 | 33c0 4883 | f908 7f10 | 48ff c978 | 5648 8904 | cf48 ffc9 
  0x0000017bcf866e38: 7df7 eb4b | c5fd efc0 | e90d 0000 | 00c5 fe7f | 07c5 fe7f | 4720 4883 | c740 4883 | e908 7ded 
  0x0000017bcf866e58: 4883 c104 | 7c0c c5fe | 7f07 4883 | c720 4883 | e904 4883 | c104 7e17 | 48c7 c0ff | ffff ffc4 
  0x0000017bcf866e78: e2f0 f5c0 | c4e1 fb92 | f862 f1fe | 2f7f 0749 | 83f8 2077 | 284c 63d5 | 49bb ffff | ffff ffff 
  0x0000017bcf866e98: ffff c442 | a8f5 dbc4 | c1fb 92fb | 62d1 7faf | 6f01 62f1 | 7f2f 7f02 | e9ff f7ff | ff49 8bc9 
  0x0000017bcf866eb8: ;   {runtime_call Stub::jbyte_disjoint_arraycopy}
  0x0000017bcf866eb8: c5f8 7749 | bae0 f2fb | ce7b 0100 | 0041 ffd2 

  0x0000017bcf866ec8: ;   {post_call_nop}
  0x0000017bcf866ec8: 0f1f 8400 | 0000 0000 | e9df f7ff | ff48 8974 | 2450 894c | 2444 897c | 242c 4c89 | 5c24 4848 
  0x0000017bcf866ee8: 895c 2430 | 4489 5424 | 284e 8d14 | 8510 0000 | 004d 8bda | 49c1 eb03 | 4c8b ca4d | 2bcb 4983 
  0x0000017bcf866f08: e2fb 488b | 7c24 4849 | 03fa 498b | c948 33c0 | 4883 f908 | 7f10 48ff | c978 5648 | 8904 cf48 
  0x0000017bcf866f28: ffc9 7df7 | eb4b c5fd | efc0 e90d | 0000 00c5 | fe7f 07c5 | fe7f 4720 | 4883 c740 | 4883 e908 
  0x0000017bcf866f48: 7ded 4883 | c104 7c0c | c5fe 7f07 | 4883 c720 | 4883 e904 | 4883 c104 | 7e17 48c7 | c0ff ffff 
  0x0000017bcf866f68: ffc4 e2f0 | f5c0 c4e1 | fb92 f862 | f1fe 2f7f | 07e9 c3e3 | ffff 4e8d | 0c85 1000 | 0000 4d8b 
  0x0000017bcf866f88: d149 c1ea | 034d 2bda | 4983 e1fb | 488b 7c24 | 5049 03f9 | 498b cb48 | 33c0 4883 | f908 7f10 
  0x0000017bcf866fa8: 48ff c978 | 5648 8904 | cf48 ffc9 | 7df7 eb4b | c5fd efc0 | e90d 0000 | 00c5 fe7f 

  0x0000017bcf866fc4: ;   {other}
  0x0000017bcf866fc4: 07c5 fe7f | 4720 4883 | c740 4883 | e908 7ded | 4883 c104 | 7c0c c5fe | 7f07 4883 | c720 4883 
  0x0000017bcf866fe4: e904 4883 | c104 7e17 | 48c7 c0ff | ffff ffc4 | e2f0 f5c0 | c4e1 fb92 | f862 f1fe | 2f7f 07e9 
  0x0000017bcf867004: daef ffff | 4181 faf0 | d8ff ff0f | 8eb3 0500 | 0041 83c1 | 02e9 0ffa 

  0x0000017bcf86701c: ;   {oop(""{0x00000007ffe02b40})}
  0x0000017bcf86701c: ffff 49b8 | 402b e0ff | 0700 0000 | e97c eaff | ff4d 33db 

  0x0000017bcf867030: ;   {oop(""{0x00000007ffe02b40})}
  0x0000017bcf867030: 49b9 402b | e0ff 0700 | 0000 41ba | ffff ffff 

  0x0000017bcf867040: ;   {oop([B{0x00000007ffeb4680})}
  0x0000017bcf867040: 48bb 8046 | ebff 0700 | 0000 e974 | f6ff ff89 | 4c24 2c44 | 8954 2428 

  0x0000017bcf867058: ;   {metadata({type array byte})}
  0x0000017bcf867058: 418b e848 | baf8 4218 | 8c00 0000 | 0044 8bc1 

  0x0000017bcf867068: ;   {runtime_call C2 Runtime new_array}
  0x0000017bcf867068: c5f8 77e8 

  0x0000017bcf86706c: ; ImmutableOopMap {[56]=Oop [64]=NarrowOop }
                      ;*invokevirtual allocateUninitializedArray0 {reexecute=0 rethrow=0 return_oop=1}
                      ; - jdk.internal.misc.Unsafe::allocateUninitializedArray@51 (line 1396)
                      ; - java.lang.StringConcatHelper::newArray@21 (line 578)
                      ; - java.lang.StringConcatHelper::newArrayWithSuffix@8 (line 611)
                      ; - java.lang.StringConcatHelper$Concat1::concat@29 (line 109)
                      ; - java.lang.invoke.DirectMethodHandle$Holder::invokeSpecial@11
                      ; - java.lang.invoke.LambdaForm$MH/0x000000008d048400::invoke@21
                      ; - java.lang.invoke.Invokers$Holder::linkToTargetMethod@5
                      ; - core.renderer.DebugGui::beginFrame@33 (line 61)
                      ; - core.renderer.Renderer::beginFrame@42 (line 36)
  0x0000017bcf86706c: f087 85ff 

  0x0000017bcf867070: ;   {post_call_nop}
  0x0000017bcf867070: 0f1f 8400 | 6829 002f | 448b c544 | 8b54 2428 | 8b4c 242c | e915 dfff | ff49 8be9 

  0x0000017bcf86708c: ;   {metadata('java/lang/String')}
  0x0000017bcf86708c: 48ba c872 | 188c 0000 | 0000 6690 

  0x0000017bcf867098: ;   {runtime_call C2 Runtime new_instance}
  0x0000017bcf867098: c5f8 77e8 

  0x0000017bcf86709c: ; ImmutableOopMap {rbp=Oop [56]=Oop [64]=NarrowOop }
                      ;*new {reexecute=0 rethrow=0 return_oop=1}
                      ; - java.lang.StringConcatHelper$Concat1::concat@52 (line 111)
                      ; - java.lang.invoke.DirectMethodHandle$Holder::invokeSpecial@11
                      ; - java.lang.invoke.LambdaForm$MH/0x000000008d048400::invoke@21
                      ; - java.lang.invoke.Invokers$Holder::linkToTargetMethod@5
                      ; - core.renderer.DebugGui::beginFrame@33 (line 61)
                      ; - core.renderer.Renderer::beginFrame@42 (line 36)
  0x0000017bcf86709c: c061 85ff 

  0x0000017bcf8670a0: ;   {post_call_nop}
  0x0000017bcf8670a0: 0f1f 8400 | 9829 0030 | 488b d0e9 | 99df ffff | 4c89 5c24 

  0x0000017bcf8670b4: ;   {metadata('java/util/ArrayList')}
  0x0000017bcf8670b4: 2848 ba50 | d421 8c00 | 0000 0048 | 8b6c 2438 

  0x0000017bcf8670c4: ;   {runtime_call C2 Runtime new_instance}
  0x0000017bcf8670c4: c5f8 77e8 

  0x0000017bcf8670c8: ; ImmutableOopMap {rbp=Oop [40]=Oop [56]=Oop [64]=NarrowOop }
                      ;*new {reexecute=0 rethrow=0 return_oop=1}
                      ; - java.time.format.DateTimeFormatterBuilder::<init>@10 (line 184)
                      ; - java.time.format.DateTimeFormatter::ofPattern@4 (line 569)
                      ; - core.renderer.DebugGui::beginFrame@43 (line 62)
                      ; - core.renderer.Renderer::beginFrame@42 (line 36)
  0x0000017bcf8670c8: 9461 85ff 

  0x0000017bcf8670cc: ;   {post_call_nop}
  0x0000017bcf8670cc: 0f1f 8400 | c429 0031 | e932 e0ff 

  0x0000017bcf8670d8: ;   {metadata('java/time/format/DateTimeFormatterBuilder')}
  0x0000017bcf8670d8: ff48 ba60 | c53c 8c00 | 0000 0048 | 8b6c 2438 

  0x0000017bcf8670e8: ;   {runtime_call C2 Runtime new_instance}
  0x0000017bcf8670e8: c5f8 77e8 

  0x0000017bcf8670ec: ; ImmutableOopMap {rbp=Oop [56]=Oop [64]=NarrowOop }
                      ;*new {reexecute=0 rethrow=0 return_oop=1}
                      ; - java.time.format.DateTimeFormatter::ofPattern@0 (line 569)
                      ; - core.renderer.DebugGui::beginFrame@43 (line 62)
                      ; - core.renderer.Renderer::beginFrame@42 (line 36)
  0x0000017bcf8670ec: 7061 85ff 

  0x0000017bcf8670f0: ;   {post_call_nop}
  0x0000017bcf8670f0: 0f1f 8400 | e829 0032 | e9bf dfff | ff48 895c | 2430 4489 

  0x0000017bcf867104: ;   {metadata('java/time/format/DateTimeFormatterBuilder$DateTimePrinterParser'[])}
  0x0000017bcf867104: 5424 2848 | ba70 1611 | 8d00 0000 | 0044 8b44 | 2470 6690 

  0x0000017bcf867118: ;   {runtime_call C2 Runtime new_array}
  0x0000017bcf867118: c5f8 77e8 

  0x0000017bcf86711c: ; ImmutableOopMap {rbp=NarrowOop [40]=NarrowOop [48]=Oop [56]=Oop [64]=NarrowOop }
                      ;*anewarray {reexecute=0 rethrow=0 return_oop=1}
                      ; - java.time.format.DateTimeFormatterBuilder$CompositePrinterParser::<init>@3 (line 2509)
                      ; - java.time.format.DateTimeFormatterBuilder::toFormatter@34 (line 2434)
                      ; - java.time.format.DateTimeFormatterBuilder::toFormatter@6 (line 2408)
                      ; - java.time.format.DateTimeFormatterBuilder::toFormatter@7 (line 2387)
                      ; - java.time.format.DateTimeFormatter::ofPattern@11 (line 569)
                      ; - core.renderer.DebugGui::beginFrame@43 (line 62)
                      ; - core.renderer.Renderer::beginFrame@42 (line 36)
  0x0000017bcf86711c: 4087 85ff 

  0x0000017bcf867120: ;   {post_call_nop}
  0x0000017bcf867120: 0f1f 8400 | 182a 0033 | 448b 5424 | 2848 8b5c | 2430 4c8b | d8e9 18e1 | ffff 4489 | 5424 2849 
  0x0000017bcf867140: ;   {metadata('java/time/format/DateTimeFormatterBuilder$CompositePrinterParser')}
  0x0000017bcf867140: 8be9 48ba | 78ed 3c8c | 0000 0000 

  0x0000017bcf86714c: ;   {runtime_call C2 Runtime new_instance}
  0x0000017bcf86714c: c5f8 77e8 

  0x0000017bcf867150: ; ImmutableOopMap {rbp=Oop [40]=NarrowOop [56]=Oop [64]=NarrowOop }
                      ;*new {reexecute=0 rethrow=0 return_oop=1}
                      ; - java.time.format.DateTimeFormatterBuilder::toFormatter@25 (line 2434)
                      ; - java.time.format.DateTimeFormatterBuilder::toFormatter@6 (line 2408)
                      ; - java.time.format.DateTimeFormatterBuilder::toFormatter@7 (line 2387)
                      ; - java.time.format.DateTimeFormatter::ofPattern@11 (line 569)
                      ; - core.renderer.DebugGui::beginFrame@43 (line 62)
                      ; - core.renderer.Renderer::beginFrame@42 (line 36)
  0x0000017bcf867150: 0c61 85ff 

  0x0000017bcf867154: ;   {post_call_nop}
  0x0000017bcf867154: 0f1f 8400 | 4c2a 0034 | 4c8b cd44 | 8b54 2428 | 488b d8e9 | 8de0 ffff | 4889 5c24 | 2841 8bea 
  0x0000017bcf867174: ;   {metadata('java/time/format/DateTimeFormatter')}
  0x0000017bcf867174: 48ba a001 | 3c8c 0000 | 0000 6690 

  0x0000017bcf867180: ;   {runtime_call C2 Runtime new_instance}
  0x0000017bcf867180: c5f8 77e8 

  0x0000017bcf867184: ; ImmutableOopMap {rbp=NarrowOop [40]=Oop [56]=Oop [64]=NarrowOop }
                      ;*new {reexecute=0 rethrow=0 return_oop=1}
                      ; - java.time.format.DateTimeFormatterBuilder::toFormatter@39 (line 2435)
                      ; - java.time.format.DateTimeFormatterBuilder::toFormatter@6 (line 2408)
                      ; - java.time.format.DateTimeFormatterBuilder::toFormatter@7 (line 2387)
                      ; - java.time.format.DateTimeFormatter::ofPattern@11 (line 569)
                      ; - core.renderer.DebugGui::beginFrame@43 (line 62)
                      ; - core.renderer.Renderer::beginFrame@42 (line 36)
  0x0000017bcf867184: d860 85ff 

  0x0000017bcf867188: ;   {post_call_nop}
  0x0000017bcf867188: 0f1f 8400 | 802a 0035 | 448b d548 | 8b5c 2428 | e994 e2ff 

  0x0000017bcf86719c: ;   {metadata('java/time/LocalTime')}
  0x0000017bcf86719c: ff48 ba20 | a43b 8c00 | 0000 0090 

  0x0000017bcf8671a8: ;   {runtime_call C2 Runtime new_instance}
  0x0000017bcf8671a8: c5f8 77e8 

  0x0000017bcf8671ac: ; ImmutableOopMap {[40]=Oop [56]=Oop [64]=NarrowOop }
                      ;*new {reexecute=0 rethrow=0 return_oop=1}
                      ; - java.time.LocalTime::create@14 (line 494)
                      ; - java.time.LocalTime::ofNanoOfDay@64 (line 417)
                      ; - core.renderer.DebugGui::beginFrame@55 (line 62)
                      ; - core.renderer.Renderer::beginFrame@42 (line 36)
  0x0000017bcf8671ac: b060 85ff 

  0x0000017bcf8671b0: ;   {post_call_nop}
  0x0000017bcf8671b0: 0f1f 8400 | a82a 0036 | 4c8b c0e9 | f1e3 ffff 

  0x0000017bcf8671c0: ;   {metadata({type array byte})}
  0x0000017bcf8671c0: 48ba f842 | 188c 0000 | 0000 41b8 | 2000 0000 | 488b 6c24 | 3866 6690 

  0x0000017bcf8671d8: ;   {runtime_call C2 Runtime new_array}
  0x0000017bcf8671d8: c5f8 77e8 

  0x0000017bcf8671dc: ; ImmutableOopMap {rbp=Oop [40]=Oop [56]=Oop [64]=NarrowOop [72]=Oop [80]=Oop }
                      ;*newarray {reexecute=0 rethrow=0 return_oop=1}
                      ; - java.lang.AbstractStringBuilder::<init>@12 (line 101)
                      ; - java.lang.StringBuilder::<init>@2 (line 119)
                      ; - java.time.format.DateTimeFormatter::format@6 (line 1878)
                      ; - core.renderer.DebugGui::beginFrame@58 (line 62)
                      ; - core.renderer.Renderer::beginFrame@42 (line 36)
  0x0000017bcf8671dc: 8086 85ff 

  0x0000017bcf8671e0: ;   {post_call_nop}
  0x0000017bcf8671e0: 0f1f 8400 | d82a 0037 | 488b c8e9 | a1e4 ffff 

  0x0000017bcf8671f0: ;   {metadata('java/lang/StringBuilder')}
  0x0000017bcf8671f0: 48ba a86b | 1c8c 0000 | 0000 488b | 6c24 3890 

  0x0000017bcf867200: ;   {runtime_call C2 Runtime new_instance}
  0x0000017bcf867200: c5f8 77e8 

  0x0000017bcf867204: ; ImmutableOopMap {rbp=Oop [40]=Oop [56]=Oop [64]=NarrowOop [72]=Oop }
                      ;*new {reexecute=0 rethrow=0 return_oop=1}
                      ; - java.time.format.DateTimeFormatter::format@0 (line 1878)
                      ; - core.renderer.DebugGui::beginFrame@58 (line 62)
                      ; - core.renderer.Renderer::beginFrame@42 (line 36)
  0x0000017bcf867204: 5860 85ff 

  0x0000017bcf867208: ;   {post_call_nop}
  0x0000017bcf867208: 0f1f 8400 | 002b 0038 | e90f e4ff 

  0x0000017bcf867214: ;   {metadata('java/time/format/DateTimePrintContext')}
  0x0000017bcf867214: ff48 bae8 | fd3c 8c00 | 0000 0048 | 8b6c 2438 

  0x0000017bcf867224: ;   {runtime_call C2 Runtime new_instance}
  0x0000017bcf867224: c5f8 77e8 

  0x0000017bcf867228: ; ImmutableOopMap {rbp=Oop [40]=Oop [56]=Oop [64]=NarrowOop [72]=Oop [80]=Oop }
                      ;*new {reexecute=0 rethrow=0 return_oop=1}
                      ; - java.time.format.DateTimeFormatter::formatTo@14 (line 1903)
                      ; - java.time.format.DateTimeFormatter::format@13 (line 1879)
                      ; - core.renderer.DebugGui::beginFrame@58 (line 62)
                      ; - core.renderer.Renderer::beginFrame@42 (line 36)
  0x0000017bcf867228: 3460 85ff 

  0x0000017bcf86722c: ;   {post_call_nop}
  0x0000017bcf86722c: 0f1f 8400 | 242b 0039 | e9e5 e4ff | ff4c 8944 

  0x0000017bcf86723c: ;   {metadata({type array byte})}
  0x0000017bcf86723c: 2448 48ba | f842 188c | 0000 0000 | 448b 4424 | 2c66 6690 

  0x0000017bcf867250: ;   {runtime_call C2 Runtime new_array}
  0x0000017bcf867250: c5f8 77e8 

  0x0000017bcf867254: ; ImmutableOopMap {[56]=Oop [64]=NarrowOop [72]=Oop }
                      ;*invokevirtual allocateUninitializedArray0 {reexecute=0 rethrow=0 return_oop=1}
                      ; - jdk.internal.misc.Unsafe::allocateUninitializedArray@51 (line 1396)
                      ; - java.lang.StringConcatHelper::newArray@21 (line 578)
                      ; - java.lang.StringConcatHelper$Concat1::concat0@23 (line 75)
                      ; - java.lang.StringConcatHelper$Concat1::concat@5 (line 126)
                      ; - java.lang.invoke.DirectMethodHandle$Holder::invokeSpecial@11
                      ; - java.lang.invoke.LambdaForm$MH/0x000000008d043000::invoke@21
                      ; - java.lang.invoke.Invokers$Holder::linkToTargetMethod@5
                      ; - core.renderer.DebugGui::beginFrame@61 (line 62)
                      ; - core.renderer.Renderer::beginFrame@42 (line 36)
  0x0000017bcf867254: 0886 85ff 

  0x0000017bcf867258: ;   {post_call_nop}
  0x0000017bcf867258: 0f1f 8400 | 502b 003a | 4c8b c8e9 | ede8 ffff 

  0x0000017bcf867268: ;   {metadata('java/lang/String')}
  0x0000017bcf867268: 48ba c872 | 188c 0000 | 0000 488b | 6c24 3890 

  0x0000017bcf867278: ;   {runtime_call C2 Runtime new_instance}
  0x0000017bcf867278: c5f8 77e8 

  0x0000017bcf86727c: ; ImmutableOopMap {rbp=Oop [56]=Oop [64]=NarrowOop [80]=Oop }
                      ;*new {reexecute=0 rethrow=0 return_oop=1}
                      ; - java.lang.StringConcatHelper$Concat1::concat0@79 (line 80)
                      ; - java.lang.StringConcatHelper$Concat1::concat@5 (line 126)
                      ; - java.lang.invoke.DirectMethodHandle$Holder::invokeSpecial@11
                      ; - java.lang.invoke.LambdaForm$MH/0x000000008d043000::invoke@21
                      ; - java.lang.invoke.Invokers$Holder::linkToTargetMethod@5
                      ; - core.renderer.DebugGui::beginFrame@61 (line 62)
                      ; - core.renderer.Renderer::beginFrame@42 (line 36)
  0x0000017bcf86727c: e05f 85ff 

  0x0000017bcf867280: ;   {post_call_nop}
  0x0000017bcf867280: 0f1f 8400 | 782b 003b | 488b d0e9 | 06ea ffff 

  0x0000017bcf867290: ;   {metadata('java/util/ArrayList')}
  0x0000017bcf867290: 48ba 50d4 | 218c 0000 | 0000 488b | 6c24 3890 

  0x0000017bcf8672a0: ;   {runtime_call C2 Runtime new_instance}
  0x0000017bcf8672a0: c5f8 77e8 

  0x0000017bcf8672a4: ; ImmutableOopMap {rbp=Oop [40]=Oop [56]=Oop [64]=NarrowOop }
                      ;*new {reexecute=0 rethrow=0 return_oop=1}
                      ; - java.time.format.DateTimeFormatterBuilder::<init>@10 (line 184)
                      ; - java.time.format.DateTimeFormatter::ofPattern@4 (line 569)
                      ; - core.renderer.DebugGui::beginFrame@71 (line 63)
                      ; - core.renderer.Renderer::beginFrame@42 (line 36)
  0x0000017bcf8672a4: b85f 85ff 

  0x0000017bcf8672a8: ;   {post_call_nop}
  0x0000017bcf8672a8: 0f1f 8400 | a02b 003c | e9ae eaff 

  0x0000017bcf8672b4: ;   {metadata('java/time/format/DateTimeFormatterBuilder')}
  0x0000017bcf8672b4: ff48 ba60 | c53c 8c00 | 0000 0048 | 8b6c 2438 

  0x0000017bcf8672c4: ;   {runtime_call C2 Runtime new_instance}
  0x0000017bcf8672c4: c5f8 77e8 

  0x0000017bcf8672c8: ; ImmutableOopMap {rbp=Oop [56]=Oop [64]=NarrowOop }
                      ;*new {reexecute=0 rethrow=0 return_oop=1}
                      ; - java.time.format.DateTimeFormatter::ofPattern@0 (line 569)
                      ; - core.renderer.DebugGui::beginFrame@71 (line 63)
                      ; - core.renderer.Renderer::beginFrame@42 (line 36)
  0x0000017bcf8672c8: 945f 85ff 

  0x0000017bcf8672cc: ;   {post_call_nop}
  0x0000017bcf8672cc: 0f1f 8400 | c42b 003d | e937 eaff 

  0x0000017bcf8672d8: ;   {metadata('java/time/format/DateTimeFormatterBuilder$CompositePrinterParser')}
  0x0000017bcf8672d8: ff48 ba78 | ed3c 8c00 | 0000 0048 | 8b6c 2438 

  0x0000017bcf8672e8: ;   {runtime_call C2 Runtime new_instance}
  0x0000017bcf8672e8: c5f8 77e8 

  0x0000017bcf8672ec: ; ImmutableOopMap {rbp=Oop [40]=Oop [48]=NarrowOop [56]=Oop [64]=NarrowOop }
                      ;*new {reexecute=0 rethrow=0 return_oop=1}
                      ; - java.time.format.DateTimeFormatterBuilder::toFormatter@25 (line 2434)
                      ; - java.time.format.DateTimeFormatterBuilder::toFormatter@6 (line 2408)
                      ; - java.time.format.DateTimeFormatterBuilder::toFormatter@7 (line 2387)
                      ; - java.time.format.DateTimeFormatter::ofPattern@11 (line 569)
                      ; - core.renderer.DebugGui::beginFrame@71 (line 63)
                      ; - core.renderer.Renderer::beginFrame@42 (line 36)
  0x0000017bcf8672ec: 705f 85ff 

  0x0000017bcf8672f0: ;   {post_call_nop}
  0x0000017bcf8672f0: 0f1f 8400 | e82b 003e | 4c8b d8e9 | 5beb ffff 

  0x0000017bcf867300: ;   {metadata('java/time/format/DateTimeFormatterBuilder$DateTimePrinterParser'[])}
  0x0000017bcf867300: 48ba 7016 | 118d 0000 | 0000 448b | 4424 7090 

  0x0000017bcf867310: ;   {runtime_call C2 Runtime new_array}
  0x0000017bcf867310: c5f8 77e8 

  0x0000017bcf867314: ; ImmutableOopMap {rbp=NarrowOop [48]=NarrowOop [56]=Oop [64]=NarrowOop [72]=Oop }
                      ;*anewarray {reexecute=0 rethrow=0 return_oop=1}
                      ; - java.time.format.DateTimeFormatterBuilder$CompositePrinterParser::<init>@3 (line 2509)
                      ; - java.time.format.DateTimeFormatterBuilder::toFormatter@34 (line 2434)
                      ; - java.time.format.DateTimeFormatterBuilder::toFormatter@6 (line 2408)
                      ; - java.time.format.DateTimeFormatterBuilder::toFormatter@7 (line 2387)
                      ; - java.time.format.DateTimeFormatter::ofPattern@11 (line 569)
                      ; - core.renderer.DebugGui::beginFrame@71 (line 63)
                      ; - core.renderer.Renderer::beginFrame@42 (line 36)
  0x0000017bcf867314: 4885 85ff 

  0x0000017bcf867318: ;   {post_call_nop}
  0x0000017bcf867318: 0f1f 8400 | 102c 003f | 4c8b d8e9 | 96eb ffff 

  0x0000017bcf867328: ;   {metadata('java/time/format/DateTimeFormatter')}
  0x0000017bcf867328: 48ba a001 | 3c8c 0000 | 0000 488b | 6c24 3890 

  0x0000017bcf867338: ;   {runtime_call C2 Runtime new_instance}
  0x0000017bcf867338: c5f8 77e8 

  0x0000017bcf86733c: ; ImmutableOopMap {rbp=Oop [48]=NarrowOop [56]=Oop [64]=NarrowOop [72]=Oop }
                      ;*new {reexecute=0 rethrow=0 return_oop=1}
                      ; - java.time.format.DateTimeFormatterBuilder::toFormatter@39 (line 2435)
                      ; - java.time.format.DateTimeFormatterBuilder::toFormatter@6 (line 2408)
                      ; - java.time.format.DateTimeFormatterBuilder::toFormatter@7 (line 2387)
                      ; - java.time.format.DateTimeFormatter::ofPattern@11 (line 569)
                      ; - core.renderer.DebugGui::beginFrame@71 (line 63)
                      ; - core.renderer.Renderer::beginFrame@42 (line 36)
  0x0000017bcf86733c: 205f 85ff 

  0x0000017bcf867340: ;   {post_call_nop}
  0x0000017bcf867340: 0f1f 8400 | 382c 0040 | e986 edff | ff48 895c | 2430 4c89 | 4424 2848 

  0x0000017bcf867358: ;   {metadata({type array byte})}
  0x0000017bcf867358: 8be9 48ba | f842 188c | 0000 0000 | 41b8 2000 | 0000 6690 

  0x0000017bcf86736c: ;   {runtime_call C2 Runtime new_array}
  0x0000017bcf86736c: c5f8 77e8 

  0x0000017bcf867370: ; ImmutableOopMap {rbp=Oop [40]=Oop [48]=Oop [56]=Oop [64]=NarrowOop }
                      ;*newarray {reexecute=0 rethrow=0 return_oop=1}
                      ; - java.lang.AbstractStringBuilder::<init>@12 (line 101)
                      ; - java.lang.StringBuilder::<init>@2 (line 119)
                      ; - java.time.format.DateTimeFormatter::format@6 (line 1878)
                      ; - core.renderer.DebugGui::beginFrame@85 (line 63)
                      ; - core.renderer.Renderer::beginFrame@42 (line 36)
  0x0000017bcf867370: ec84 85ff 

  0x0000017bcf867374: ;   {post_call_nop}
  0x0000017bcf867374: 0f1f 8400 | 6c2c 0041 | 488b cd4c | 8b44 2428 | 488b 5c24 | 3048 8bd0 | e975 efff | ff48 895c 
  0x0000017bcf867394: 2448 498b | e848 894c 

  0x0000017bcf86739c: ;   {metadata('java/time/format/DateTimePrintContext')}
  0x0000017bcf86739c: 2428 48ba | e8fd 3c8c | 0000 0000 

  0x0000017bcf8673a8: ;   {runtime_call C2 Runtime new_instance}
  0x0000017bcf8673a8: c5f8 77e8 

  0x0000017bcf8673ac: ; ImmutableOopMap {rbp=Oop [40]=Oop [56]=Oop [64]=NarrowOop [72]=Oop }
                      ;*new {reexecute=0 rethrow=0 return_oop=1}
                      ; - java.time.format.DateTimeFormatter::formatTo@14 (line 1903)
                      ; - java.time.format.DateTimeFormatter::format@13 (line 1879)
                      ; - core.renderer.DebugGui::beginFrame@85 (line 63)
                      ; - core.renderer.Renderer::beginFrame@42 (line 36)
  0x0000017bcf8673ac: b05e 85ff 

  0x0000017bcf8673b0: ;   {post_call_nop}
  0x0000017bcf8673b0: 0f1f 8400 | a82c 0042 | e9de efff | ff89 7c24 | 4444 895c | 2434 895c | 2430 4889 

  0x0000017bcf8673cc: ;   {metadata('java/time/LocalTime')}
  0x0000017bcf8673cc: 4c24 2848 | ba20 a43b | 8c00 0000 | 0066 6690 

  0x0000017bcf8673dc: ;   {runtime_call C2 Runtime new_instance}
  0x0000017bcf8673dc: c5f8 77e8 

  0x0000017bcf8673e0: ; ImmutableOopMap {[40]=Oop [56]=Oop [64]=NarrowOop }
                      ;*new {reexecute=0 rethrow=0 return_oop=1}
                      ; - java.time.LocalTime::create@14 (line 494)
                      ; - java.time.LocalTime::ofNanoOfDay@64 (line 417)
                      ; - core.renderer.DebugGui::beginFrame@82 (line 63)
                      ; - core.renderer.Renderer::beginFrame@42 (line 36)
  0x0000017bcf8673e0: 7c5e 85ff 

  0x0000017bcf8673e4: ;   {post_call_nop}
  0x0000017bcf8673e4: 0f1f 8400 | dc2c 0043 | 488b 4c24 | 288b 5c24 | 3044 8b5c | 2434 8b7c | 2444 4c8b | c0e9 39ee 
  0x0000017bcf867404: ffff 4c89 | 4424 2848 

  0x0000017bcf86740c: ;   {metadata('java/lang/StringBuilder')}
  0x0000017bcf86740c: 8be9 48ba | a86b 1c8c | 0000 0000 

  0x0000017bcf867418: ;   {runtime_call C2 Runtime new_instance}
  0x0000017bcf867418: c5f8 77e8 

  0x0000017bcf86741c: ; ImmutableOopMap {rbp=Oop [40]=Oop [56]=Oop [64]=NarrowOop }
                      ;*new {reexecute=0 rethrow=0 return_oop=1}
                      ; - java.time.format.DateTimeFormatter::format@0 (line 1878)
                      ; - core.renderer.DebugGui::beginFrame@85 (line 63)
                      ; - core.renderer.Renderer::beginFrame@42 (line 36)
  0x0000017bcf86741c: 405e 85ff 

  0x0000017bcf867420: ;   {post_call_nop}
  0x0000017bcf867420: 0f1f 8400 | 182d 0044 | 488b cd4c | 8b44 2428 | e966 eeff | ff48 8bef 

  0x0000017bcf867438: ;   {metadata('java/lang/String')}
  0x0000017bcf867438: 48ba c872 | 188c 0000 | 0000 6690 

  0x0000017bcf867444: ;   {runtime_call C2 Runtime new_instance}
  0x0000017bcf867444: c5f8 77e8 

  0x0000017bcf867448: ; ImmutableOopMap {rbp=Oop [56]=Oop [64]=NarrowOop }
                      ;*new {reexecute=0 rethrow=0 return_oop=1}
                      ; - java.lang.StringConcatHelper::doConcat@51 (line 439)
                      ; - java.lang.StringConcatHelper::simpleConcat@44 (line 422)
                      ; - java.lang.invoke.DirectMethodHandle$Holder::invokeStatic@11
                      ; - java.lang.invoke.LambdaForm$MH/0x000000008d043000::invoke@21
                      ; - java.lang.invoke.Invokers$Holder::linkToTargetMethod@5
                      ; - core.renderer.DebugGui::beginFrame@88 (line 63)
                      ; - core.renderer.Renderer::beginFrame@42 (line 36)
  0x0000017bcf867448: 145e 85ff 

  0x0000017bcf86744c: ;   {post_call_nop}
  0x0000017bcf86744c: 0f1f 8400 | 442d 0045 | 488b d048 | 8bfd e96b | f3ff ff48 | 895c 2448 

  0x0000017bcf867464: ;   {metadata({type array byte})}
  0x0000017bcf867464: 48ba f842 | 188c 0000 | 0000 4c89 | 4c24 2844 | 8954 2430 | 4489 5c24 | 3466 6690 

  0x0000017bcf867480: ;   {runtime_call C2 Runtime new_array}
  0x0000017bcf867480: c5f8 77e8 

  0x0000017bcf867484: ; ImmutableOopMap {[40]=Oop [52]=NarrowOop [56]=Oop [64]=NarrowOop [72]=Oop }
                      ;*invokevirtual allocateUninitializedArray0 {reexecute=0 rethrow=0 return_oop=1}
                      ; - jdk.internal.misc.Unsafe::allocateUninitializedArray@51 (line 1396)
                      ; - java.lang.StringConcatHelper::newArray@21 (line 578)
                      ; - java.lang.StringConcatHelper::doConcat@27 (line 436)
                      ; - java.lang.StringConcatHelper::simpleConcat@44 (line 422)
                      ; - java.lang.invoke.DirectMethodHandle$Holder::invokeStatic@11
                      ; - java.lang.invoke.LambdaForm$MH/0x000000008d043000::invoke@21
                      ; - java.lang.invoke.Invokers$Holder::linkToTargetMethod@5
                      ; - core.renderer.DebugGui::beginFrame@88 (line 63)
                      ; - core.renderer.Renderer::beginFrame@42 (line 36)
  0x0000017bcf867484: d883 85ff 

  0x0000017bcf867488: ;   {post_call_nop}
  0x0000017bcf867488: 0f1f 8400 | 802d 0046 | 488b 5c24 | 4848 8bf8 | e9a8 f2ff 

  0x0000017bcf86749c: ;   {metadata('java/lang/String')}
  0x0000017bcf86749c: ff48 bac8 | 7218 8c00 | 0000 0048 | 8b6c 2438 

  0x0000017bcf8674ac: ;   {runtime_call C2 Runtime new_instance}
  0x0000017bcf8674ac: c5f8 77e8 

  0x0000017bcf8674b0: ; ImmutableOopMap {rbp=Oop [56]=Oop [64]=NarrowOop [80]=Oop }
                      ;*new {reexecute=0 rethrow=0 return_oop=1}
                      ; - java.lang.StringBuilder::toString@10 (line 478)
                      ; - java.time.format.DateTimeFormatter::format@17 (line 1880)
                      ; - core.renderer.DebugGui::beginFrame@58 (line 62)
                      ; - core.renderer.Renderer::beginFrame@42 (line 36)
  0x0000017bcf8674b0: ac5d 85ff 

  0x0000017bcf8674b4: ;   {post_call_nop}
  0x0000017bcf8674b4: 0f1f 8400 | ac2d 0047 | 4c8b d8e9 | 50e4 ffff 

  0x0000017bcf8674c4: ;   {metadata({type array byte})}
  0x0000017bcf8674c4: 48ba f842 | 188c 0000 | 0000 6690 

  0x0000017bcf8674d0: ;   {runtime_call C2 Runtime new_array_nozero}
  0x0000017bcf8674d0: c5f8 77e8 

  0x0000017bcf8674d4: ; ImmutableOopMap {[48]=Oop [56]=Oop [64]=NarrowOop [120]=Oop [80]=Derived_oop_[120] }
                      ;*newarray {reexecute=0 rethrow=0 return_oop=1}
                      ; - java.util.Arrays::copyOfRange@59 (line 3849)
                      ; - java.lang.String::<init>@32 (line 4863)
                      ; - java.lang.StringBuilder::toString@16 (line 478)
                      ; - java.time.format.DateTimeFormatter::format@17 (line 1880)
                      ; - core.renderer.DebugGui::beginFrame@58 (line 62)
                      ; - core.renderer.Renderer::beginFrame@42 (line 36)
  0x0000017bcf8674d4: 8880 85ff 

  0x0000017bcf8674d8: ;   {post_call_nop}
  0x0000017bcf8674d8: 0f1f 8400 | d02d 0048 | 488b d8e9 | 23e5 ffff | 4c89 4424 | 5848 894c | 2450 4c89 | 4c24 4844 
  0x0000017bcf8674f8: 895c 2430 

  0x0000017bcf8674fc: ;   {metadata({type array byte})}
  0x0000017bcf8674fc: 48ba f842 | 188c 0000 | 0000 458b | c366 6690 

  0x0000017bcf86750c: ;   {runtime_call C2 Runtime new_array_nozero}
  0x0000017bcf86750c: c5f8 77e8 

  0x0000017bcf867510: ; ImmutableOopMap {[56]=Oop [64]=NarrowOop [96]=Oop [72]=Derived_oop_[96] }
                      ;*newarray {reexecute=0 rethrow=0 return_oop=1}
                      ; - java.util.Arrays::copyOfRange@59 (line 3849)
                      ; - java.lang.String::<init>@32 (line 4863)
                      ; - java.lang.StringBuilder::toString@16 (line 478)
                      ; - java.time.format.DateTimeFormatter::format@17 (line 1880)
                      ; - core.renderer.DebugGui::beginFrame@85 (line 63)
                      ; - core.renderer.Renderer::beginFrame@42 (line 36)
  0x0000017bcf867510: 4c80 85ff 

  0x0000017bcf867514: ;   {post_call_nop}
  0x0000017bcf867514: 0f1f 8400 | 0c2e 0049 | 448b 5c24 | 304c 8b4c | 2448 488b | 4c24 504c | 8b44 2458 | 488b d8e9 
  0x0000017bcf867534: 3df1 ffff | 4889 5424 | 584c 896c | 2450 4489 | 4c24 4889 | 4c24 4489 | 7c24 2c48 | 895c 2430 
  0x0000017bcf867554: 4489 5424 

  0x0000017bcf867558: ;   {metadata('java/time/format/DateTimeFormatterBuilder$DateTimePrinterParser'[])}
  0x0000017bcf867558: 2848 ba70 | 1611 8d00 | 0000 0045 | 8bc1 6690 

  0x0000017bcf867568: ;   {runtime_call C2 Runtime new_array}
  0x0000017bcf867568: c5f8 77e8 

  0x0000017bcf86756c: ; ImmutableOopMap {rbp=NarrowOop [40]=NarrowOop [48]=Oop [56]=Oop [64]=NarrowOop [80]=Oop }
                      ;*invokestatic copyOf {reexecute=1 rethrow=0 return_oop=1}
                      ; - (reexecute) java.util.ArrayList::toArray@21 (line 401)
                      ; - java.time.format.DateTimeFormatterBuilder$CompositePrinterParser::<init>@6 (line 2509)
                      ; - java.time.format.DateTimeFormatterBuilder::toFormatter@34 (line 2434)
                      ; - java.time.format.DateTimeFormatterBuilder::toFormatter@6 (line 2408)
                      ; - java.time.format.DateTimeFormatterBuilder::toFormatter@7 (line 2387)
                      ; - java.time.format.DateTimeFormatter::ofPattern@11 (line 569)
                      ; - core.renderer.DebugGui::beginFrame@43 (line 62)
                      ; - core.renderer.Renderer::beginFrame@42 (line 36)
  0x0000017bcf86756c: f082 85ff 

  0x0000017bcf867570: ;   {post_call_nop}
  0x0000017bcf867570: 0f1f 8400 | 682e 004a | 448b 5424 | 2848 8b5c | 2430 4c8b | d88b 7c24 | 2c8b 4c24 | 4444 8b4c 
  0x0000017bcf867590: 2448 4c8b | 6c24 5048 | 8b54 2458 | e95a ddff 

  0x0000017bcf8675a0: ;   {metadata('java/time/format/DateTimeFormatterBuilder$DateTimePrinterParser'[])}
  0x0000017bcf8675a0: ff48 ba70 | 1611 8d00 | 0000 0044 | 8b44 242c 

  0x0000017bcf8675b0: ;   {runtime_call C2 Runtime new_array}
  0x0000017bcf8675b0: c5f8 77e8 

  0x0000017bcf8675b4: ; ImmutableOopMap {rbp=NarrowOop [48]=NarrowOop [56]=Oop [64]=NarrowOop [72]=Oop [88]=Oop }
                      ;*invokestatic copyOf {reexecute=1 rethrow=0 return_oop=1}
                      ; - (reexecute) java.util.ArrayList::toArray@21 (line 401)
                      ; - java.time.format.DateTimeFormatterBuilder$CompositePrinterParser::<init>@6 (line 2509)
                      ; - java.time.format.DateTimeFormatterBuilder::toFormatter@34 (line 2434)
                      ; - java.time.format.DateTimeFormatterBuilder::toFormatter@6 (line 2408)
                      ; - java.time.format.DateTimeFormatterBuilder::toFormatter@7 (line 2387)
                      ; - java.time.format.DateTimeFormatter::ofPattern@11 (line 569)
                      ; - core.renderer.DebugGui::beginFrame@71 (line 63)
                      ; - core.renderer.Renderer::beginFrame@42 (line 36)
  0x0000017bcf8675b4: a882 85ff 

  0x0000017bcf8675b8: ;   {post_call_nop}
  0x0000017bcf8675b8: 0f1f 8400 | b02e 004b | 4c8b c0e9 | cce9 ffff | 4181 fa60 | 79fe ff7e | 2941 83c1 | 02e9 b5f6 
  0x0000017bcf8675d8: ffff 448b | 4424 2844 | 2b44 2430 | 4963 db44 | 8b54 242c | 8b4c 2444 | 4c8b 4c24 | 48e9 0cf5 
  0x0000017bcf8675f8: ffff 4181 | fac0 bdf0 | ff0f 8e05 | 0600 0041 | b906 0000 | 00e9 1bf4 | ffff ba45 | ffff ff8b 
  0x0000017bcf867618: 6c24 404c | 8b54 2450 | 4c89 5424 | 2844 8b54 | 2448 4489 | 5424 3489 | 4424 4890 

  0x0000017bcf867634: ;   {runtime_call UncommonTrapBlob}
  0x0000017bcf867634: c5f8 77e8 

  0x0000017bcf867638: ; ImmutableOopMap {rbp=NarrowOop [40]=Oop [48]=NarrowOop [88]=Oop }
                      ;*ifne {reexecute=1 rethrow=0 return_oop=0}
                      ; - (reexecute) java.time.format.DateTimeFormatterBuilder$CompositePrinterParser::format@53 (line 2538)
                      ; - java.time.format.DateTimeFormatter::formatTo@40 (line 1905)
                      ; - java.time.format.DateTimeFormatter::format@13 (line 1879)
                      ; - core.renderer.DebugGui::beginFrame@58 (line 62)
                      ; - core.renderer.Renderer::beginFrame@42 (line 36)
  0x0000017bcf867638: 2465 85ff 

  0x0000017bcf86763c: ;   {post_call_nop}
  0x0000017bcf86763c: 0f1f 8400 | 342f 004c | ba45 ffff | ff8b 6c24 | 404c 8b54 | 2448 4c89 | 5424 4089 | 4424 4890 
  0x0000017bcf86765c: ;   {runtime_call UncommonTrapBlob}
  0x0000017bcf86765c: c5f8 77e8 

  0x0000017bcf867660: ; ImmutableOopMap {rbp=NarrowOop [64]=Oop [80]=Oop [100]=NarrowOop }
                      ;*ifne {reexecute=1 rethrow=0 return_oop=0}
                      ; - (reexecute) java.time.format.DateTimeFormatterBuilder$CompositePrinterParser::format@53 (line 2538)
                      ; - java.time.format.DateTimeFormatter::formatTo@40 (line 1905)
                      ; - java.time.format.DateTimeFormatter::format@13 (line 1879)
                      ; - core.renderer.DebugGui::beginFrame@85 (line 63)
                      ; - core.renderer.Renderer::beginFrame@42 (line 36)
  0x0000017bcf867660: fc64 85ff 

  0x0000017bcf867664: ;   {post_call_nop}
  0x0000017bcf867664: 0f1f 8400 | 5c2f 004d 

  0x0000017bcf86766c: ;   {metadata({type array byte})}
  0x0000017bcf86766c: 48ba f842 | 188c 0000 | 0000 488b | 6c24 7845 | 8bc2 6690 

  0x0000017bcf867680: ;   {runtime_call C2 Runtime new_array_nozero}
  0x0000017bcf867680: c5f8 77e8 

  0x0000017bcf867684: ; ImmutableOopMap {rbp=Oop [80]=Derived_oop_rbp [48]=Oop [56]=Oop [64]=NarrowOop [68]=NarrowOop }
                      ;*invokevirtual clone {reexecute=1 rethrow=0 return_oop=1}
                      ; - (reexecute) java.util.Arrays::copyOfRange@11 (line 3843)
                      ; - java.lang.String::<init>@32 (line 4863)
                      ; - java.lang.StringBuilder::toString@16 (line 478)
                      ; - java.time.format.DateTimeFormatter::format@17 (line 1880)
                      ; - core.renderer.DebugGui::beginFrame@58 (line 62)
                      ; - core.renderer.Renderer::beginFrame@42 (line 36)
  0x0000017bcf867684: d87e 85ff 

  0x0000017bcf867688: ;   {post_call_nop}
  0x0000017bcf867688: 0f1f 8400 | 802f 004e | 4c8b d8e9 | 12f5 ffff | 4889 7c24 | 484c 894c | 2430 4489 

  0x0000017bcf8676a4: ;   {metadata({type array byte})}
  0x0000017bcf8676a4: 5424 2848 | baf8 4218 | 8c00 0000 | 0048 8b6c | 2460 6690 

  0x0000017bcf8676b8: ;   {runtime_call C2 Runtime new_array_nozero}
  0x0000017bcf8676b8: c5f8 77e8 

  0x0000017bcf8676bc: ; ImmutableOopMap {rbp=Oop [48]=Derived_oop_rbp [40]=NarrowOop [56]=Oop [64]=NarrowOop }
                      ;*invokevirtual clone {reexecute=1 rethrow=0 return_oop=1}
                      ; - (reexecute) java.util.Arrays::copyOfRange@11 (line 3843)
                      ; - java.lang.String::<init>@32 (line 4863)
                      ; - java.lang.StringBuilder::toString@16 (line 478)
                      ; - java.time.format.DateTimeFormatter::format@17 (line 1880)
                      ; - core.renderer.DebugGui::beginFrame@85 (line 63)
                      ; - core.renderer.Renderer::beginFrame@42 (line 36)
  0x0000017bcf8676bc: a07e 85ff 

  0x0000017bcf8676c0: ;   {post_call_nop}
  0x0000017bcf8676c0: 0f1f 8400 | b82f 004f | 4c8b 4c24 | 3048 8b7c | 2448 488b | d8e9 76f5 | ffff 448b | d544 8b5c 
  0x0000017bcf8676e0: 242c 4489 | 5c24 34e9 | b8f5 ffff | baf6 ffff | ff66 6690 

  0x0000017bcf8676f4: ;   {runtime_call UncommonTrapBlob}
  0x0000017bcf8676f4: c5f8 77e8 

  0x0000017bcf8676f8: ; ImmutableOopMap {}
                      ;*invokevirtual newFrame {reexecute=0 rethrow=0 return_oop=0}
                      ; - core.renderer.DebugGui::beginFrame@4 (line 53)
                      ; - core.renderer.Renderer::beginFrame@42 (line 36)
  0x0000017bcf8676f8: 6464 85ff 

  0x0000017bcf8676fc: ;   {post_call_nop}
  0x0000017bcf8676fc: 0f1f 8400 | f42f 0050 | bae4 ffff | ff44 8954 | 242c 6690 

  0x0000017bcf867710: ;   {runtime_call UncommonTrapBlob}
  0x0000017bcf867710: c5f8 77e8 

  0x0000017bcf867714: ; ImmutableOopMap {rbp=Oop [44]=NarrowOop }
                      ;*faload {reexecute=0 rethrow=0 return_oop=0}
                      ; - core.renderer.Renderer::beginFrame@10 (line 30)
  0x0000017bcf867714: 4864 85ff 

  0x0000017bcf867718: ;   {post_call_nop}
  0x0000017bcf867718: 0f1f 8400 | 1030 0051 | bae4 ffff | ff8b 6c24 | 2889 4c24 | 2844 894c | 242c 6690 

  0x0000017bcf867734: ;   {runtime_call UncommonTrapBlob}
  0x0000017bcf867734: c5f8 77e8 

  0x0000017bcf867738: ; ImmutableOopMap {rbp=NarrowOop [40]=NarrowOop [44]=NarrowOop }
                      ;*iaload {reexecute=0 rethrow=0 return_oop=0}
                      ; - imgui.glfw.ImGuiImplGlfw::newFrame@61 (line 1120)
                      ; - core.renderer.DebugGui::beginFrame@4 (line 53)
                      ; - core.renderer.Renderer::beginFrame@42 (line 36)
  0x0000017bcf867738: 2464 85ff 

  0x0000017bcf86773c: ;   {post_call_nop}
  0x0000017bcf86773c: 0f1f 8400 | 3430 0052 | bae4 ffff | ff8b 6c24 | 2889 4c24 | 28c5 fa11 | 4424 2c44 | 8954 2430 
  0x0000017bcf86775c: ;   {runtime_call UncommonTrapBlob}
  0x0000017bcf86775c: c5f8 77e8 

  0x0000017bcf867760: ; ImmutableOopMap {rbp=NarrowOop [40]=NarrowOop [48]=NarrowOop }
                      ;*iaload {reexecute=0 rethrow=0 return_oop=0}
                      ; - imgui.glfw.ImGuiImplGlfw::newFrame@71 (line 1120)
                      ; - core.renderer.DebugGui::beginFrame@4 (line 53)
                      ; - core.renderer.Renderer::beginFrame@42 (line 36)
  0x0000017bcf867760: fc63 85ff 

  0x0000017bcf867764: ;   {post_call_nop}
  0x0000017bcf867764: 0f1f 8400 | 5c30 0053 | bae4 ffff | ff8b 6c24 | 2844 895c | 2428 4489 | 4424 2c90 

  0x0000017bcf867780: ;   {runtime_call UncommonTrapBlob}
  0x0000017bcf867780: c5f8 77e8 

  0x0000017bcf867784: ; ImmutableOopMap {rbp=NarrowOop [40]=NarrowOop [44]=NarrowOop }
                      ;*iaload {reexecute=0 rethrow=0 return_oop=0}
                      ; - imgui.glfw.ImGuiImplGlfw::newFrame@84 (line 1121)
                      ; - core.renderer.DebugGui::beginFrame@4 (line 53)
                      ; - core.renderer.Renderer::beginFrame@42 (line 36)
  0x0000017bcf867784: d863 85ff 

  0x0000017bcf867788: ;   {post_call_nop}
  0x0000017bcf867788: 0f1f 8400 | 8030 0054 | bae4 ffff | ff8b 6c24 | 2844 895c | 2428 4489 | 4424 2c90 

  0x0000017bcf8677a4: ;   {runtime_call UncommonTrapBlob}
  0x0000017bcf8677a4: c5f8 77e8 

  0x0000017bcf8677a8: ; ImmutableOopMap {rbp=NarrowOop [40]=NarrowOop [44]=NarrowOop }
                      ;*iaload {reexecute=0 rethrow=0 return_oop=0}
                      ; - imgui.glfw.ImGuiImplGlfw::newFrame@96 (line 1121)
                      ; - core.renderer.DebugGui::beginFrame@4 (line 53)
                      ; - core.renderer.Renderer::beginFrame@42 (line 36)
  0x0000017bcf8677a8: b463 85ff 

  0x0000017bcf8677ac: ;   {post_call_nop}
  0x0000017bcf8677ac: 0f1f 8400 | a430 0055 | bae4 ffff | ff8b 6c24 | 2844 895c | 2428 895c | 242c 6690 

  0x0000017bcf8677c8: ;   {runtime_call UncommonTrapBlob}
  0x0000017bcf8677c8: c5f8 77e8 

  0x0000017bcf8677cc: ; ImmutableOopMap {rbp=NarrowOop [40]=NarrowOop [44]=NarrowOop }
                      ;*iaload {reexecute=0 rethrow=0 return_oop=0}
                      ; - imgui.glfw.ImGuiImplGlfw::newFrame@108 (line 1122)
                      ; - core.renderer.DebugGui::beginFrame@4 (line 53)
                      ; - core.renderer.Renderer::beginFrame@42 (line 36)
  0x0000017bcf8677cc: 9063 85ff 

  0x0000017bcf8677d0: ;   {post_call_nop}
  0x0000017bcf8677d0: 0f1f 8400 | c830 0056 | bae4 ffff | ff8b 6c24 | 2844 895c | 2428 c5fa | 1144 242c | 4489 4c24 
  0x0000017bcf8677f0: 3066 6690 

  0x0000017bcf8677f4: ;   {runtime_call UncommonTrapBlob}
  0x0000017bcf8677f4: c5f8 77e8 

  0x0000017bcf8677f8: ; ImmutableOopMap {rbp=NarrowOop [40]=NarrowOop [48]=NarrowOop }
                      ;*iaload {reexecute=0 rethrow=0 return_oop=0}
                      ; - imgui.glfw.ImGuiImplGlfw::newFrame@130 (line 1123)
                      ; - core.renderer.DebugGui::beginFrame@4 (line 53)
                      ; - core.renderer.Renderer::beginFrame@42 (line 36)
  0x0000017bcf8677f8: 6463 85ff 

  0x0000017bcf8677fc: ;   {post_call_nop}
  0x0000017bcf8677fc: 0f1f 8400 | f430 0057 | bacc ffff | ff8b 6c24 | 404c 894c | 2438 4489 | 5424 3490 

  0x0000017bcf867818: ;   {runtime_call UncommonTrapBlob}
  0x0000017bcf867818: c5f8 77e8 

  0x0000017bcf86781c: ; ImmutableOopMap {rbp=NarrowOop [56]=Oop }
                      ;*invokestatic arraycopy {reexecute=0 rethrow=0 return_oop=0}
                      ; - java.lang.String::getBytes@22 (line 4797)
                      ; - java.lang.StringConcatHelper::prepend@24 (line 718)
                      ; - java.lang.StringConcatHelper$Concat1::concat@48 (line 110)
                      ; - java.lang.invoke.DirectMethodHandle$Holder::invokeSpecial@11
                      ; - java.lang.invoke.LambdaForm$MH/0x000000008d048400::invoke@21
                      ; - java.lang.invoke.Invokers$Holder::linkToTargetMethod@5
                      ; - core.renderer.DebugGui::beginFrame@33 (line 61)
                      ; - core.renderer.Renderer::beginFrame@42 (line 36)
  0x0000017bcf86781c: 4063 85ff 

  0x0000017bcf867820: ;   {post_call_nop}
  0x0000017bcf867820: 0f1f 8400 | 1831 0058 | bade ffff | ff44 8b4c | 2440 4489 | 4c24 2844 | 8954 242c | 4889 5c24 
  0x0000017bcf867840: 384c 895c | 2440 6690 

  0x0000017bcf867848: ;   {runtime_call UncommonTrapBlob}
  0x0000017bcf867848: c5f8 77e8 

  0x0000017bcf86784c: ; ImmutableOopMap {rbp=NarrowOop [40]=NarrowOop [44]=NarrowOop [56]=Oop [64]=Oop }
                      ;*invokeinterface toArray {reexecute=0 rethrow=0 return_oop=0}
                      ; - java.time.format.DateTimeFormatterBuilder$CompositePrinterParser::<init>@6 (line 2509)
                      ; - java.time.format.DateTimeFormatterBuilder::toFormatter@34 (line 2434)
                      ; - java.time.format.DateTimeFormatterBuilder::toFormatter@6 (line 2408)
                      ; - java.time.format.DateTimeFormatterBuilder::toFormatter@7 (line 2387)
                      ; - java.time.format.DateTimeFormatter::ofPattern@11 (line 569)
                      ; - core.renderer.DebugGui::beginFrame@43 (line 62)
                      ; - core.renderer.Renderer::beginFrame@42 (line 36)
  0x0000017bcf86784c: 1063 85ff 

  0x0000017bcf867850: ;   {post_call_nop}
  0x0000017bcf867850: 0f1f 8400 | 4831 0059 | bacc ffff | ff44 8b54 | 2440 4489 | 5424 284c | 894c 2440 

  0x0000017bcf86786c: ;   {runtime_call UncommonTrapBlob}
  0x0000017bcf86786c: c5f8 77e8 

  0x0000017bcf867870: ; ImmutableOopMap {[40]=NarrowOop [64]=Oop [72]=Oop [80]=Oop }
                      ;*invokestatic arraycopy {reexecute=0 rethrow=0 return_oop=0}
                      ; - java.lang.String::getBytes@22 (line 4797)
                      ; - java.lang.StringConcatHelper$Concat1::concat0@42 (line 77)
                      ; - java.lang.StringConcatHelper$Concat1::concat@5 (line 126)
                      ; - java.lang.invoke.DirectMethodHandle$Holder::invokeSpecial@11
                      ; - java.lang.invoke.LambdaForm$MH/0x000000008d043000::invoke@21
                      ; - java.lang.invoke.Invokers$Holder::linkToTargetMethod@5
                      ; - core.renderer.DebugGui::beginFrame@61 (line 62)
                      ; - core.renderer.Renderer::beginFrame@42 (line 36)
  0x0000017bcf867870: ec62 85ff 

  0x0000017bcf867874: ;   {post_call_nop}
  0x0000017bcf867874: 0f1f 8400 | 6c31 005a | bacc ffff | ff8b 6c24 | 4044 895c | 2438 4c89 | 4c24 4044 | 8954 243c 
  0x0000017bcf867894: ;   {runtime_call UncommonTrapBlob}
  0x0000017bcf867894: c5f8 77e8 

  0x0000017bcf867898: ; ImmutableOopMap {rbp=NarrowOop [56]=NarrowOop [64]=Oop [72]=Oop [80]=Oop }
                      ;*invokestatic arraycopy {reexecute=0 rethrow=0 return_oop=0}
                      ; - java.lang.String::getBytes@22 (line 4797)
                      ; - java.lang.StringConcatHelper$Concat1::concat0@54 (line 78)
                      ; - java.lang.StringConcatHelper$Concat1::concat@5 (line 126)
                      ; - java.lang.invoke.DirectMethodHandle$Holder::invokeSpecial@11
                      ; - java.lang.invoke.LambdaForm$MH/0x000000008d043000::invoke@21
                      ; - java.lang.invoke.Invokers$Holder::linkToTargetMethod@5
                      ; - core.renderer.DebugGui::beginFrame@61 (line 62)
                      ; - core.renderer.Renderer::beginFrame@42 (line 36)
  0x0000017bcf867898: c462 85ff 

  0x0000017bcf86789c: ;   {post_call_nop}
  0x0000017bcf86789c: 0f1f 8400 | 9431 005b | bacc ffff | ff8b 6c24 | 404c 8b5c | 2450 4c89 | 5c24 3044 | 8954 2438 
  0x0000017bcf8678bc: ;   {runtime_call UncommonTrapBlob}
  0x0000017bcf8678bc: c5f8 77e8 

  0x0000017bcf8678c0: ; ImmutableOopMap {rbp=NarrowOop [48]=Oop [80]=Oop }
                      ;*invokestatic arraycopy {reexecute=0 rethrow=0 return_oop=0}
                      ; - java.lang.String::getBytes@22 (line 4797)
                      ; - java.lang.StringConcatHelper$Concat1::concat0@76 (line 79)
                      ; - java.lang.StringConcatHelper$Concat1::concat@5 (line 126)
                      ; - java.lang.invoke.DirectMethodHandle$Holder::invokeSpecial@11
                      ; - java.lang.invoke.LambdaForm$MH/0x000000008d043000::invoke@21
                      ; - java.lang.invoke.Invokers$Holder::linkToTargetMethod@5
                      ; - core.renderer.DebugGui::beginFrame@61 (line 62)
                      ; - core.renderer.Renderer::beginFrame@42 (line 36)
  0x0000017bcf8678c0: 9c62 85ff 

  0x0000017bcf8678c4: ;   {post_call_nop}
  0x0000017bcf8678c4: 0f1f 8400 | bc31 005c | bade ffff | ff44 8b5c | 2440 4489 | 5c24 2844 | 8b54 2430 | 4489 5424 
  0x0000017bcf8678e4: 2c4c 8b54 | 2448 4c89 | 5424 3890 

  0x0000017bcf8678f0: ;   {runtime_call UncommonTrapBlob}
  0x0000017bcf8678f0: c5f8 77e8 

  0x0000017bcf8678f4: ; ImmutableOopMap {rbp=NarrowOop [40]=NarrowOop [44]=NarrowOop [56]=Oop [72]=Oop [80]=Oop }
                      ;*invokeinterface toArray {reexecute=0 rethrow=0 return_oop=0}
                      ; - java.time.format.DateTimeFormatterBuilder$CompositePrinterParser::<init>@6 (line 2509)
                      ; - java.time.format.DateTimeFormatterBuilder::toFormatter@34 (line 2434)
                      ; - java.time.format.DateTimeFormatterBuilder::toFormatter@6 (line 2408)
                      ; - java.time.format.DateTimeFormatterBuilder::toFormatter@7 (line 2387)
                      ; - java.time.format.DateTimeFormatter::ofPattern@11 (line 569)
                      ; - core.renderer.DebugGui::beginFrame@71 (line 63)
                      ; - core.renderer.Renderer::beginFrame@42 (line 36)
  0x0000017bcf8678f4: 6862 85ff 

  0x0000017bcf8678f8: ;   {post_call_nop}
  0x0000017bcf8678f8: 0f1f 8400 | f031 005d | ba45 ffff | ff8b 6c24 | 4066 6690 

  0x0000017bcf86790c: ;   {runtime_call UncommonTrapBlob}
  0x0000017bcf86790c: c5f8 77e8 

  0x0000017bcf867910: ; ImmutableOopMap {rbp=NarrowOop }
                      ;*ifeq {reexecute=1 rethrow=0 return_oop=0}
                      ; - (reexecute) java.lang.StringConcatHelper::simpleConcat@30 (line 418)
                      ; - java.lang.invoke.DirectMethodHandle$Holder::invokeStatic@11
                      ; - java.lang.invoke.LambdaForm$MH/0x000000008d043000::invoke@21
                      ; - java.lang.invoke.Invokers$Holder::linkToTargetMethod@5
                      ; - core.renderer.DebugGui::beginFrame@88 (line 63)
                      ; - core.renderer.Renderer::beginFrame@42 (line 36)
  0x0000017bcf867910: 4c62 85ff 

  0x0000017bcf867914: ;   {post_call_nop}
  0x0000017bcf867914: 0f1f 8400 | 0c32 005e | 4c8d 59fe | 498b cb49 | 8bfa 4833 | c048 83f9 | 087f 1048 | ffc9 7856 
  0x0000017bcf867934: 4889 04cf | 48ff c97d | f7eb 4bc5 | fdef c0e9 | 0d00 0000 | c5fe 7f07 | c5fe 7f47 | 2048 83c7 
  0x0000017bcf867954: 4048 83e9 | 087d ed48 | 83c1 047c | 0cc5 fe7f | 0748 83c7 | 2048 83e9 | 0448 83c1 | 047e 1748 
  0x0000017bcf867974: c7c0 ffff | ffff c4e2 | f0f5 c0c4 | e1fb 92f8 | 62f1 fe2f | 7f07 e9cb | e0ff ff48 | 83c1 fe48 
  0x0000017bcf867994: 8bfa 4833 | c048 83f9 | 087f 1048 | ffc9 7856 | 4889 04cf | 48ff c97d | f7eb 4bc5 | fdef c0e9 
  0x0000017bcf8679b4: 0d00 0000 | c5fe 7f07 | c5fe 7f47 | 2048 83c7 | 4048 83e9 | 087d ed48 | 83c1 047c | 0cc5 fe7f 
  0x0000017bcf8679d4: 0748 83c7 | 2048 83e9 | 0448 83c1 | 047e 1748 | c7c0 ffff | ffff c4e2 | f0f5 c0c4 | e1fb 92f8 
  0x0000017bcf8679f4: 62f1 fe2f | 7f07 e9b5 | ecff ffba | ccff ffff | 8b6c 2440 

  0x0000017bcf867a08: ;   {runtime_call UncommonTrapBlob}
  0x0000017bcf867a08: c5f8 77e8 

  0x0000017bcf867a0c: ; ImmutableOopMap {rbp=NarrowOop [48]=Oop [68]=NarrowOop }
                      ;*newarray {reexecute=1 rethrow=0 return_oop=0}
                      ; - (reexecute) java.util.Arrays::copyOfRange@59 (line 3849)
                      ; - java.lang.String::<init>@32 (line 4863)
                      ; - java.lang.StringBuilder::toString@16 (line 478)
                      ; - java.time.format.DateTimeFormatter::format@17 (line 1880)
                      ; - core.renderer.DebugGui::beginFrame@58 (line 62)
                      ; - core.renderer.Renderer::beginFrame@42 (line 36)
  0x0000017bcf867a0c: 5061 85ff 

  0x0000017bcf867a10: ;   {post_call_nop}
  0x0000017bcf867a10: 0f1f 8400 | 0833 005f | bacc ffff | ff8b 6c24 | 4044 8954 | 2428 4489 | 5c24 3090 

  0x0000017bcf867a2c: ;   {runtime_call UncommonTrapBlob}
  0x0000017bcf867a2c: c5f8 77e8 

  0x0000017bcf867a30: ; ImmutableOopMap {rbp=NarrowOop [40]=NarrowOop }
                      ;*newarray {reexecute=1 rethrow=0 return_oop=0}
                      ; - (reexecute) java.util.Arrays::copyOfRange@59 (line 3849)
                      ; - java.lang.String::<init>@32 (line 4863)
                      ; - java.lang.StringBuilder::toString@16 (line 478)
                      ; - java.time.format.DateTimeFormatter::format@17 (line 1880)
                      ; - core.renderer.DebugGui::beginFrame@85 (line 63)
                      ; - core.renderer.Renderer::beginFrame@42 (line 36)
  0x0000017bcf867a30: 2c61 85ff 

  0x0000017bcf867a34: ;   {post_call_nop}
  0x0000017bcf867a34: 0f1f 8400 | 2c33 0060 | bae4 ffff | ff44 8b54 | 2444 4489 | 5424 3844 | 8944 243c 

  0x0000017bcf867a50: ;   {runtime_call UncommonTrapBlob}
  0x0000017bcf867a50: c5f8 77e8 

  0x0000017bcf867a54: ; ImmutableOopMap {rbp=NarrowOop [40]=NarrowOop [44]=NarrowOop }
                      ;*laload {reexecute=0 rethrow=0 return_oop=0}
                      ; - imgui.glfw.ImGuiImplGlfw::updateMouseCursor@96 (line 969)
                      ; - imgui.glfw.ImGuiImplGlfw::newFrame@236 (line 1141)
                      ; - core.renderer.DebugGui::beginFrame@4 (line 53)
                      ; - core.renderer.Renderer::beginFrame@42 (line 36)
  0x0000017bcf867a54: 0861 85ff 

  0x0000017bcf867a58: ;   {post_call_nop}
  0x0000017bcf867a58: 0f1f 8400 | 5033 0061 | 488b ce49 | 8bfe 4833 | c048 83f9 | 087f 1048 | ffc9 7856 | 4889 04cf 
  0x0000017bcf867a78: 48ff c97d | f7eb 4bc5 | fdef c0e9 | 0d00 0000 | c5fe 7f07 | c5fe 7f47 | 2048 83c7 | 4048 83e9 
  0x0000017bcf867a98: 087d ed48 | 83c1 047c | 0cc5 fe7f | 0748 83c7 | 2048 83e9 | 0448 83c1 | 047e 1748 | c7c0 ffff 
  0x0000017bcf867ab8: ffff c4e2 | f0f5 c0c4 | e1fb 92f8 | 62f1 fe2f | 7f07 e9c8 | d8ff ff49 | 8bca 498b | fe48 33c0 
  0x0000017bcf867ad8: 4883 f908 | 7f10 48ff | c978 5648 | 8904 cf48 | ffc9 7df7 | eb4b c5fd | efc0 e90d | 0000 00c5 
  0x0000017bcf867af8: fe7f 07c5 | fe7f 4720 | 4883 c740 | 4883 e908 | 7ded 4883 | c104 7c0c | c5fe 7f07 | 4883 c720 
  0x0000017bcf867b18: 4883 e904 | 4883 c104 | 7e17 48c7 | c0ff ffff | ffc4 e2f0 | f5c0 c4e1 | fb92 f862 | f1fe 2f7f 
  0x0000017bcf867b38: 07e9 ebe4 | ffff bace | ffff ff44 | 8b44 2440 | 4489 4424 | 2844 8954 | 242c 4889 

  0x0000017bcf867b54: ;   {other}
  0x0000017bcf867b54: 5c24 3889 | 7c24 4090 

  0x0000017bcf867b5c: ;   {runtime_call UncommonTrapBlob}
  0x0000017bcf867b5c: c5f8 77e8 

  0x0000017bcf867b60: ; ImmutableOopMap {rbp=NarrowOop [40]=NarrowOop [44]=NarrowOop [56]=Oop }
                      ;*invokestatic copyOf {reexecute=1 rethrow=0 return_oop=0}
                      ; - (reexecute) java.util.ArrayList::toArray@21 (line 401)
                      ; - java.time.format.DateTimeFormatterBuilder$CompositePrinterParser::<init>@6 (line 2509)
                      ; - java.time.format.DateTimeFormatterBuilder::toFormatter@34 (line 2434)
                      ; - java.time.format.DateTimeFormatterBuilder::toFormatter@6 (line 2408)
                      ; - java.time.format.DateTimeFormatterBuilder::toFormatter@7 (line 2387)
                      ; - java.time.format.DateTimeFormatter::ofPattern@11 (line 569)
                      ; - core.renderer.DebugGui::beginFrame@43 (line 62)
                      ; - core.renderer.Renderer::beginFrame@42 (line 36)
  0x0000017bcf867b60: fc5f 85ff 

  0x0000017bcf867b64: ;   {post_call_nop}
  0x0000017bcf867b64: 0f1f 8400 | 5c34 0062 | bace ffff | ff44 8b5c | 2440 4489 | 5c24 2844 | 8b54 2430 | 4489 5424 
  0x0000017bcf867b84: 2c4c 8b54 | 2448 4c89 | 5424 3890 

  0x0000017bcf867b90: ;   {runtime_call UncommonTrapBlob}
  0x0000017bcf867b90: c5f8 77e8 

  0x0000017bcf867b94: ; ImmutableOopMap {rbp=NarrowOop [40]=NarrowOop [44]=NarrowOop [56]=Oop [72]=Oop }
                      ;*invokestatic copyOf {reexecute=1 rethrow=0 return_oop=0}
                      ; - (reexecute) java.util.ArrayList::toArray@21 (line 401)
                      ; - java.time.format.DateTimeFormatterBuilder$CompositePrinterParser::<init>@6 (line 2509)
                      ; - java.time.format.DateTimeFormatterBuilder::toFormatter@34 (line 2434)
                      ; - java.time.format.DateTimeFormatterBuilder::toFormatter@6 (line 2408)
                      ; - java.time.format.DateTimeFormatterBuilder::toFormatter@7 (line 2387)
                      ; - java.time.format.DateTimeFormatter::ofPattern@11 (line 569)
                      ; - core.renderer.DebugGui::beginFrame@71 (line 63)
                      ; - core.renderer.Renderer::beginFrame@42 (line 36)
  0x0000017bcf867b94: c85f 85ff 

  0x0000017bcf867b98: ;   {post_call_nop}
  0x0000017bcf867b98: 0f1f 8400 | 9034 0063 | ba6e ffff | ff8b 6c24 | 404c 8b5c | 2450 4c89 | 5c24 2844 | 8944 2434 
  0x0000017bcf867bb8: 4489 5424 | 4866 6690 

  0x0000017bcf867bc0: ;   {runtime_call UncommonTrapBlob}
  0x0000017bcf867bc0: c5f8 77e8 

  0x0000017bcf867bc4: ; ImmutableOopMap {rbp=NarrowOop [40]=Oop [48]=NarrowOop [72]=NarrowOop [88]=Oop }
                      ;*if_icmpge {reexecute=1 rethrow=0 return_oop=0}
                      ; - (reexecute) java.time.format.DateTimeFormatterBuilder$CompositePrinterParser::format@34 (line 2537)
                      ; - java.time.format.DateTimeFormatter::formatTo@40 (line 1905)
                      ; - java.time.format.DateTimeFormatter::format@13 (line 1879)
                      ; - core.renderer.DebugGui::beginFrame@58 (line 62)
                      ; - core.renderer.Renderer::beginFrame@42 (line 36)
  0x0000017bcf867bc4: 985f 85ff 

  0x0000017bcf867bc8: ;   {post_call_nop}
  0x0000017bcf867bc8: 0f1f 8400 | c034 0064 | ba6e ffff | ff8b 6c24 | 4044 8944 | 2430 4c89 | 4c24 3848 | ff74 2448 
  0x0000017bcf867be8: 488f 4424 | 4044 895c | 2434 897c | 2448 4489 | 5424 5090 

  0x0000017bcf867bfc: ;   {runtime_call UncommonTrapBlob}
  0x0000017bcf867bfc: c5f8 77e8 

  0x0000017bcf867c00: ; ImmutableOopMap {rbp=NarrowOop [48]=NarrowOop [56]=Oop [64]=Oop [72]=NarrowOop }
                      ;*if_icmpge {reexecute=1 rethrow=0 return_oop=0}
                      ; - (reexecute) java.time.format.DateTimeFormatterBuilder$CompositePrinterParser::format@34 (line 2537)
                      ; - java.time.format.DateTimeFormatter::formatTo@40 (line 1905)
                      ; - java.time.format.DateTimeFormatter::format@13 (line 1879)
                      ; - core.renderer.DebugGui::beginFrame@85 (line 63)
                      ; - core.renderer.Renderer::beginFrame@42 (line 36)
  0x0000017bcf867c00: 5c5f 85ff 

  0x0000017bcf867c04: ;   {post_call_nop}
  0x0000017bcf867c04: 0f1f 8400 | fc34 0065 | 4181 fa80 | 6967 ff0f | 8e87 0700 | 0041 b906 | 0000 00e9 | 6bf0 ffff 
  0x0000017bcf867c24: ba45 ffff | ff8b 6c24 | 2844 895c | 2428 4489 | 5424 2c90 

  0x0000017bcf867c38: ;   {runtime_call UncommonTrapBlob}
  0x0000017bcf867c38: c5f8 77e8 

  0x0000017bcf867c3c: ; ImmutableOopMap {rbp=NarrowOop [40]=NarrowOop }
                      ;*ifle {reexecute=1 rethrow=0 return_oop=0}
                      ; - (reexecute) imgui.glfw.ImGuiImplGlfw::newFrame@85 (line 1121)
                      ; - core.renderer.DebugGui::beginFrame@4 (line 53)
                      ; - core.renderer.Renderer::beginFrame@42 (line 36)
  0x0000017bcf867c3c: 205f 85ff 

  0x0000017bcf867c40: ;   {post_call_nop}
  0x0000017bcf867c40: 0f1f 8400 | 3835 0066 | ba45 ffff | ff8b 6c24 | 2844 895c | 2428 4489 | 4424 2c90 

  0x0000017bcf867c5c: ;   {runtime_call UncommonTrapBlob}
  0x0000017bcf867c5c: c5f8 77e8 

  0x0000017bcf867c60: ; ImmutableOopMap {rbp=NarrowOop [40]=NarrowOop }
                      ;*ifle {reexecute=1 rethrow=0 return_oop=0}
                      ; - (reexecute) imgui.glfw.ImGuiImplGlfw::newFrame@97 (line 1121)
                      ; - core.renderer.DebugGui::beginFrame@4 (line 53)
                      ; - core.renderer.Renderer::beginFrame@42 (line 36)
  0x0000017bcf867c60: fc5e 85ff 

  0x0000017bcf867c64: ;   {post_call_nop}
  0x0000017bcf867c64: 0f1f 8400 | 5c35 0067 

  0x0000017bcf867c6c: ;   {section_word}
  0x0000017bcf867c6c: c5f9 2e05 | 94cb ffff | bdff ffff | ff0f 8a0e | 0000 000f | 8208 0000 | 0040 0f95 | c540 0fb6 
  0x0000017bcf867c8c: edba 45ff | ffff 6690 

  0x0000017bcf867c94: ;   {runtime_call UncommonTrapBlob}
  0x0000017bcf867c94: c5f8 77e8 

  0x0000017bcf867c98: ; ImmutableOopMap {[40]=NarrowOop [44]=NarrowOop }
                      ;*ifle {reexecute=1 rethrow=0 return_oop=0}
                      ; - (reexecute) imgui.glfw.ImGuiImplGlfw::newFrame@202 (line 1137)
                      ; - core.renderer.DebugGui::beginFrame@4 (line 53)
                      ; - core.renderer.Renderer::beginFrame@42 (line 36)
  0x0000017bcf867c98: c45e 85ff 

  0x0000017bcf867c9c: ;   {post_call_nop}
  0x0000017bcf867c9c: 0f1f 8400 | 9435 0068 | ba45 ffff | ff8b 6c24 | 2844 8944 | 242c 4489 | 4424 3090 

  0x0000017bcf867cb8: ;   {runtime_call UncommonTrapBlob}
  0x0000017bcf867cb8: c5f8 77e8 

  0x0000017bcf867cbc: ; ImmutableOopMap {rbp=NarrowOop }
                      ;*iflt {reexecute=1 rethrow=0 return_oop=0}
                      ; - (reexecute) jdk.internal.util.DecimalDigits::stringSize@3 (line 96)
                      ; - java.lang.StringConcatHelper::stringSize@2 (line 510)
                      ; - java.lang.StringConcatHelper$Concat1::concat@5 (line 106)
                      ; - java.lang.invoke.DirectMethodHandle$Holder::invokeSpecial@11
                      ; - java.lang.invoke.LambdaForm$MH/0x000000008d048400::invoke@21
                      ; - java.lang.invoke.Invokers$Holder::linkToTargetMethod@5
                      ; - core.renderer.DebugGui::beginFrame@33 (line 61)
                      ; - core.renderer.Renderer::beginFrame@42 (line 36)
  0x0000017bcf867cbc: a05e 85ff 

  0x0000017bcf867cc0: ;   {post_call_nop}
  0x0000017bcf867cc0: 0f1f 8400 | b835 0069 | 4d3b c2bd | ffff ffff | 7c08 400f | 95c5 400f | b6ed ba45 | ffff ff44 
  0x0000017bcf867ce0: 8b4c 2440 | 4489 4c24 | 2848 8944 | 2430 4489 | 5c24 2c4c | 8944 2440 

  0x0000017bcf867cf8: ;   {runtime_call UncommonTrapBlob}
  0x0000017bcf867cf8: c5f8 77e8 

  0x0000017bcf867cfc: ; ImmutableOopMap {[40]=NarrowOop [44]=NarrowOop [48]=Oop }
                      ;*iflt {reexecute=1 rethrow=0 return_oop=0}
                      ; - (reexecute) java.time.temporal.ValueRange::isValidValue@6 (line 290)
                      ; - java.time.temporal.ValueRange::checkValidValue@2 (line 318)
                      ; - java.time.temporal.ChronoField::checkValidValue@6 (line 721)
                      ; - java.time.LocalTime::ofNanoOfDay@4 (line 410)
                      ; - core.renderer.DebugGui::beginFrame@55 (line 62)
                      ; - core.renderer.Renderer::beginFrame@42 (line 36)
  0x0000017bcf867cfc: 605e 85ff 

  0x0000017bcf867d00: ;   {post_call_nop}
  0x0000017bcf867d00: 0f1f 8400 | f835 006a | ba45 ffff | ff8b 6c24 | 404c 8944 | 2428 4489 | 5c24 3090 

  0x0000017bcf867d1c: ;   {runtime_call UncommonTrapBlob}
  0x0000017bcf867d1c: c5f8 77e8 

  0x0000017bcf867d20: ; ImmutableOopMap {rbp=NarrowOop [40]=Oop }
                      ;*iflt {reexecute=1 rethrow=0 return_oop=0}
                      ; - (reexecute) java.lang.StringConcatHelper::checkOverflow@1 (line 784)
                      ; - java.lang.StringConcatHelper::stringSize@6 (line 530)
                      ; - java.lang.StringConcatHelper$Concat1::concat0@5 (line 73)
                      ; - java.lang.StringConcatHelper$Concat1::concat@5 (line 126)
                      ; - java.lang.invoke.DirectMethodHandle$Holder::invokeSpecial@11
                      ; - java.lang.invoke.LambdaForm$MH/0x000000008d043000::invoke@21
                      ; - java.lang.invoke.Invokers$Holder::linkToTargetMethod@5
                      ; - core.renderer.DebugGui::beginFrame@61 (line 62)
                      ; - core.renderer.Renderer::beginFrame@42 (line 36)
  0x0000017bcf867d20: 3c5e 85ff 

  0x0000017bcf867d24: ;   {post_call_nop}
  0x0000017bcf867d24: 0f1f 8400 | 1c36 006b | ba45 ffff | ff44 8b54 | 2440 4489 | 5424 284c | 894c 2440 

  0x0000017bcf867d40: ;   {runtime_call UncommonTrapBlob}
  0x0000017bcf867d40: c5f8 77e8 

  0x0000017bcf867d44: ; ImmutableOopMap {[40]=NarrowOop [64]=Oop [72]=Oop [80]=Oop }
                      ;*if_icmpne {reexecute=1 rethrow=0 return_oop=0}
                      ; - (reexecute) java.lang.String::getBytes@5 (line 4796)
                      ; - java.lang.StringConcatHelper$Concat1::concat0@42 (line 77)
                      ; - java.lang.StringConcatHelper$Concat1::concat@5 (line 126)
                      ; - java.lang.invoke.DirectMethodHandle$Holder::invokeSpecial@11
                      ; - java.lang.invoke.LambdaForm$MH/0x000000008d043000::invoke@21
                      ; - java.lang.invoke.Invokers$Holder::linkToTargetMethod@5
                      ; - core.renderer.DebugGui::beginFrame@61 (line 62)
                      ; - core.renderer.Renderer::beginFrame@42 (line 36)
  0x0000017bcf867d44: 185e 85ff 

  0x0000017bcf867d48: ;   {post_call_nop}
  0x0000017bcf867d48: 0f1f 8400 | 4036 006c | ba45 ffff | ff8b 6c24 | 404c 8b54 | 2448 4c89 | 5424 384c | 894c 2440 
  0x0000017bcf867d68: 4489 5c24 | 4866 6690 

  0x0000017bcf867d70: ;   {runtime_call UncommonTrapBlob}
  0x0000017bcf867d70: c5f8 77e8 

  0x0000017bcf867d74: ; ImmutableOopMap {rbp=NarrowOop [56]=Oop [64]=Oop [80]=Oop }
                      ;*if_icmpne {reexecute=1 rethrow=0 return_oop=0}
                      ; - (reexecute) java.lang.String::getBytes@5 (line 4796)
                      ; - java.lang.StringConcatHelper$Concat1::concat0@54 (line 78)
                      ; - java.lang.StringConcatHelper$Concat1::concat@5 (line 126)
                      ; - java.lang.invoke.DirectMethodHandle$Holder::invokeSpecial@11
                      ; - java.lang.invoke.LambdaForm$MH/0x000000008d043000::invoke@21
                      ; - java.lang.invoke.Invokers$Holder::linkToTargetMethod@5
                      ; - core.renderer.DebugGui::beginFrame@61 (line 62)
                      ; - core.renderer.Renderer::beginFrame@42 (line 36)
  0x0000017bcf867d74: e85d 85ff 

  0x0000017bcf867d78: ;   {post_call_nop}
  0x0000017bcf867d78: 0f1f 8400 | 7036 006d | 4d3b cabd | ffff ffff | 7c08 400f | 95c5 400f | b6ed ba45 | ffff ff44 
  0x0000017bcf867d98: 8b54 2440 | 4489 5424 | 2848 894c | 2430 4489 | 5c24 2c4c | 894c 2440 

  0x0000017bcf867db0: ;   {runtime_call UncommonTrapBlob}
  0x0000017bcf867db0: c5f8 77e8 

  0x0000017bcf867db4: ; ImmutableOopMap {[40]=NarrowOop [44]=NarrowOop [48]=Oop }
                      ;*iflt {reexecute=1 rethrow=0 return_oop=0}
                      ; - (reexecute) java.time.temporal.ValueRange::isValidValue@6 (line 290)
                      ; - java.time.temporal.ValueRange::checkValidValue@2 (line 318)
                      ; - java.time.temporal.ChronoField::checkValidValue@6 (line 721)
                      ; - java.time.LocalTime::ofNanoOfDay@4 (line 410)
                      ; - core.renderer.DebugGui::beginFrame@82 (line 63)
                      ; - core.renderer.Renderer::beginFrame@42 (line 36)
  0x0000017bcf867db4: a85d 85ff 

  0x0000017bcf867db8: ;   {post_call_nop}
  0x0000017bcf867db8: 0f1f 8400 | b036 006e | ba45 ffff | ff8b 6c24 | 4044 8944 | 2428 4c89 | 4c24 3044 | 8954 242c 
  0x0000017bcf867dd8: 4489 5c24 | 3866 6690 

  0x0000017bcf867de0: ;   {runtime_call UncommonTrapBlob}
  0x0000017bcf867de0: c5f8 77e8 

  0x0000017bcf867de4: ; ImmutableOopMap {rbp=NarrowOop [48]=Oop [56]=NarrowOop }
                      ;*iflt {reexecute=1 rethrow=0 return_oop=0}
                      ; - (reexecute) java.lang.StringConcatHelper::checkOverflow@1 (line 784)
                      ; - java.lang.StringConcatHelper::doConcat@20 (line 435)
                      ; - java.lang.StringConcatHelper::simpleConcat@44 (line 422)
                      ; - java.lang.invoke.DirectMethodHandle$Holder::invokeStatic@11
                      ; - java.lang.invoke.LambdaForm$MH/0x000000008d043000::invoke@21
                      ; - java.lang.invoke.Invokers$Holder::linkToTargetMethod@5
                      ; - core.renderer.DebugGui::beginFrame@88 (line 63)
                      ; - core.renderer.Renderer::beginFrame@42 (line 36)
  0x0000017bcf867de4: 785d 85ff 

  0x0000017bcf867de8: ;   {post_call_nop}
  0x0000017bcf867de8: 0f1f 8400 | e036 006f | ba45 ffff | ff8b 6c24 | 4044 8b44 | 2444 4489 | 4424 4044 | 8b5c 2448 
  0x0000017bcf867e08: 4489 5c24 | 4444 8954 | 2448 6690 

  0x0000017bcf867e14: ;   {runtime_call UncommonTrapBlob}
  0x0000017bcf867e14: c5f8 77e8 

  0x0000017bcf867e18: ; ImmutableOopMap {rbp=NarrowOop [48]=Oop [64]=NarrowOop [80]=Oop }
                      ;*ifne {reexecute=1 rethrow=0 return_oop=0}
                      ; - (reexecute) java.lang.AbstractStringBuilder::isLatin1@7 (line 1839)
                      ; - java.lang.AbstractStringBuilder::isLatin1@4 (line 1835)
                      ; - java.lang.String::<init>@16 (line 4861)
                      ; - java.lang.StringBuilder::toString@16 (line 478)
                      ; - java.time.format.DateTimeFormatter::format@17 (line 1880)
                      ; - core.renderer.DebugGui::beginFrame@58 (line 62)
                      ; - core.renderer.Renderer::beginFrame@42 (line 36)
  0x0000017bcf867e18: 445d 85ff 

  0x0000017bcf867e1c: ;   {post_call_nop}
  0x0000017bcf867e1c: 0f1f 8400 | 1437 0070 | ba45 ffff | ff8b 6c24 | 4048 894c | 2428 4489 | 5424 3044 | 895c 2434 
  0x0000017bcf867e3c: 4489 4c24 | 3866 6690 

  0x0000017bcf867e44: ;   {runtime_call UncommonTrapBlob}
  0x0000017bcf867e44: c5f8 77e8 

  0x0000017bcf867e48: ; ImmutableOopMap {rbp=NarrowOop [40]=Oop [48]=NarrowOop }
                      ;*ifne {reexecute=1 rethrow=0 return_oop=0}
                      ; - (reexecute) java.lang.AbstractStringBuilder::isLatin1@7 (line 1839)
                      ; - java.lang.AbstractStringBuilder::isLatin1@4 (line 1835)
                      ; - java.lang.String::<init>@16 (line 4861)
                      ; - java.lang.StringBuilder::toString@16 (line 478)
                      ; - java.time.format.DateTimeFormatter::format@17 (line 1880)
                      ; - core.renderer.DebugGui::beginFrame@85 (line 63)
                      ; - core.renderer.Renderer::beginFrame@42 (line 36)
  0x0000017bcf867e48: 145d 85ff 

  0x0000017bcf867e4c: ;   {post_call_nop}
  0x0000017bcf867e4c: 0f1f 8400 | 4437 0071 | ba6e ffff | ff8b 6c24 | 2889 4424 | 3466 6690 

  0x0000017bcf867e64: ;   {runtime_call UncommonTrapBlob}
  0x0000017bcf867e64: c5f8 77e8 

  0x0000017bcf867e68: ; ImmutableOopMap {rbp=NarrowOop [44]=NarrowOop }
                      ;*if_icmpge {reexecute=1 rethrow=0 return_oop=0}
                      ; - (reexecute) imgui.glfw.ImGuiImplGlfw::updateMouseCursor@48 (line 960)
                      ; - imgui.glfw.ImGuiImplGlfw::newFrame@236 (line 1141)
                      ; - core.renderer.DebugGui::beginFrame@4 (line 53)
                      ; - core.renderer.Renderer::beginFrame@42 (line 36)
  0x0000017bcf867e68: f45c 85ff 

  0x0000017bcf867e6c: ;   {post_call_nop}
  0x0000017bcf867e6c: 0f1f 8400 | 6437 0072 | 4533 db49 | 3bd3 bdff | ffff ff7c | 0840 0f95 | c540 0fb6 | ed89 4c24 
  0x0000017bcf867e8c: 2c48 8954 | 2430 4489 | 5424 3844 | 8944 243c | ba45 ffff | ff66 6690 

  0x0000017bcf867ea4: ;   {runtime_call UncommonTrapBlob}
  0x0000017bcf867ea4: c5f8 77e8 

  0x0000017bcf867ea8: ; ImmutableOopMap {[40]=NarrowOop [44]=NarrowOop [56]=NarrowOop [60]=NarrowOop }
                      ;*ifne {reexecute=1 rethrow=0 return_oop=0}
                      ; - (reexecute) org.lwjgl.system.Checks::check@3 (line 187)
                      ; - org.lwjgl.glfw.GLFW::glfwGetWindowSize@12 (line 2480)
                      ; - imgui.glfw.ImGuiImplGlfw::newFrame@25 (line 1118)
                      ; - core.renderer.DebugGui::beginFrame@4 (line 53)
                      ; - core.renderer.Renderer::beginFrame@42 (line 36)
  0x0000017bcf867ea8: b45c 85ff 

  0x0000017bcf867eac: ;   {post_call_nop}
  0x0000017bcf867eac: 0f1f 8400 | a437 0073 | 8b6c 2428 | 894c 2428 | 4889 5424 | 3044 8954 | 242c 4489 | 4424 3844 
  0x0000017bcf867ecc: 895c 2440 | ba45 ffff | ff66 6690 

  0x0000017bcf867ed8: ;   {runtime_call UncommonTrapBlob}
  0x0000017bcf867ed8: c5f8 77e8 

  0x0000017bcf867edc: ; ImmutableOopMap {rbp=NarrowOop [40]=NarrowOop [44]=NarrowOop [56]=NarrowOop }
                      ;*if_icmpge {reexecute=1 rethrow=0 return_oop=0}
                      ; - (reexecute) org.lwjgl.system.Checks::checkBuffer@2 (line 346)
                      ; - org.lwjgl.system.Checks::checkSafe@7 (line 488)
                      ; - org.lwjgl.glfw.GLFW::glfwGetWindowSize@18 (line 2481)
                      ; - imgui.glfw.ImGuiImplGlfw::newFrame@25 (line 1118)
                      ; - core.renderer.DebugGui::beginFrame@4 (line 53)
                      ; - core.renderer.Renderer::beginFrame@42 (line 36)
  0x0000017bcf867edc: 805c 85ff 

  0x0000017bcf867ee0: ;   {post_call_nop}
  0x0000017bcf867ee0: 0f1f 8400 | d837 0074 | 8b6c 2428 | 894c 2428 | 4889 5424 | 3044 8954 | 242c 4489 | 4424 3844 
  0x0000017bcf867f00: 895c 2440 | ba45 ffff | ff66 6690 

  0x0000017bcf867f0c: ;   {runtime_call UncommonTrapBlob}
  0x0000017bcf867f0c: c5f8 77e8 

  0x0000017bcf867f10: ; ImmutableOopMap {rbp=NarrowOop [40]=NarrowOop [44]=NarrowOop [56]=NarrowOop }
                      ;*if_icmpge {reexecute=1 rethrow=0 return_oop=0}
                      ; - (reexecute) org.lwjgl.system.Checks::checkBuffer@2 (line 346)
                      ; - org.lwjgl.system.Checks::checkSafe@7 (line 488)
                      ; - org.lwjgl.glfw.GLFW::glfwGetWindowSize@23 (line 2482)
                      ; - imgui.glfw.ImGuiImplGlfw::newFrame@25 (line 1118)
                      ; - core.renderer.DebugGui::beginFrame@4 (line 53)
                      ; - core.renderer.Renderer::beginFrame@42 (line 36)
  0x0000017bcf867f10: 4c5c 85ff 

  0x0000017bcf867f14: ;   {post_call_nop}
  0x0000017bcf867f14: 0f1f 8400 | 0c38 0075 | 4533 db49 | 3bd3 bdff | ffff ff7c | 0840 0f95 | c540 0fb6 | ed89 4c24 
  0x0000017bcf867f34: 2c48 8954 | 2430 4489 | 5424 3844 | 8944 243c | ba45 ffff | ff66 6690 

  0x0000017bcf867f4c: ;   {runtime_call UncommonTrapBlob}
  0x0000017bcf867f4c: c5f8 77e8 

  0x0000017bcf867f50: ; ImmutableOopMap {[40]=NarrowOop [44]=NarrowOop [56]=NarrowOop [60]=NarrowOop }
                      ;*ifne {reexecute=1 rethrow=0 return_oop=0}
                      ; - (reexecute) org.lwjgl.system.Checks::check@3 (line 187)
                      ; - org.lwjgl.glfw.GLFW::glfwGetFramebufferSize@12 (line 2491)
                      ; - imgui.glfw.ImGuiImplGlfw::newFrame@49 (line 1119)
                      ; - core.renderer.DebugGui::beginFrame@4 (line 53)
                      ; - core.renderer.Renderer::beginFrame@42 (line 36)
  0x0000017bcf867f50: 0c5c 85ff 

  0x0000017bcf867f54: ;   {post_call_nop}
  0x0000017bcf867f54: 0f1f 8400 | 4c38 0076 | 8b6c 2428 | 894c 2428 | 4889 5424 | 3044 8954 | 242c 4489 | 4424 3844 
  0x0000017bcf867f74: 895c 2440 | ba45 ffff | ff66 6690 

  0x0000017bcf867f80: ;   {runtime_call UncommonTrapBlob}
  0x0000017bcf867f80: c5f8 77e8 

  0x0000017bcf867f84: ; ImmutableOopMap {rbp=NarrowOop [40]=NarrowOop [44]=NarrowOop [56]=NarrowOop }
                      ;*if_icmpge {reexecute=1 rethrow=0 return_oop=0}
                      ; - (reexecute) org.lwjgl.system.Checks::checkBuffer@2 (line 346)
                      ; - org.lwjgl.system.Checks::checkSafe@7 (line 488)
                      ; - org.lwjgl.glfw.GLFW::glfwGetFramebufferSize@18 (line 2492)
                      ; - imgui.glfw.ImGuiImplGlfw::newFrame@49 (line 1119)
                      ; - core.renderer.DebugGui::beginFrame@4 (line 53)
                      ; - core.renderer.Renderer::beginFrame@42 (line 36)
  0x0000017bcf867f84: d85b 85ff 

  0x0000017bcf867f88: ;   {post_call_nop}
  0x0000017bcf867f88: 0f1f 8400 | 8038 0077 | 8b6c 2428 | 894c 2428 | 4889 5424 | 3044 8954 | 242c 4489 | 4424 3844 
  0x0000017bcf867fa8: 894c 2440 | ba45 ffff | ff66 6690 

  0x0000017bcf867fb4: ;   {runtime_call UncommonTrapBlob}
  0x0000017bcf867fb4: c5f8 77e8 

  0x0000017bcf867fb8: ; ImmutableOopMap {rbp=NarrowOop [40]=NarrowOop [44]=NarrowOop [56]=NarrowOop }
                      ;*if_icmpge {reexecute=1 rethrow=0 return_oop=0}
                      ; - (reexecute) org.lwjgl.system.Checks::checkBuffer@2 (line 346)
                      ; - org.lwjgl.system.Checks::checkSafe@7 (line 488)
                      ; - org.lwjgl.glfw.GLFW::glfwGetFramebufferSize@23 (line 2493)
                      ; - imgui.glfw.ImGuiImplGlfw::newFrame@49 (line 1119)
                      ; - core.renderer.DebugGui::beginFrame@4 (line 53)
                      ; - core.renderer.Renderer::beginFrame@42 (line 36)
  0x0000017bcf867fb8: a45b 85ff 

  0x0000017bcf867fbc: ;   {post_call_nop}
  0x0000017bcf867fbc: 0f1f 8400 | b438 0078 | ba45 ffff | ff8b 6c24 | 2844 8944 | 2428 4489 | 5424 2c90 

  0x0000017bcf867fd8: ;   {runtime_call UncommonTrapBlob}
  0x0000017bcf867fd8: c5f8 77e8 

  0x0000017bcf867fdc: ; ImmutableOopMap {rbp=NarrowOop [40]=NarrowOop }
                      ;*ifeq {reexecute=1 rethrow=0 return_oop=0}
                      ; - (reexecute) imgui.glfw.ImGuiImplGlfw::newFrame@157 (line 1127)
                      ; - core.renderer.DebugGui::beginFrame@4 (line 53)
                      ; - core.renderer.Renderer::beginFrame@42 (line 36)
  0x0000017bcf867fdc: 805b 85ff 

  0x0000017bcf867fe0: ;   {post_call_nop}
  0x0000017bcf867fe0: 0f1f 8400 | d838 0079 | c5f9 2e44 | 2440 bdff | ffff ff0f | 8a0e 0000 | 000f 8208 | 0000 0040 
  0x0000017bcf868000: 0f95 c540 | 0fb6 edf7 | ddba 45ff | ffff 6690 

  0x0000017bcf868010: ;   {runtime_call UncommonTrapBlob}
  0x0000017bcf868010: c5f8 77e8 

  0x0000017bcf868014: ; ImmutableOopMap {[40]=NarrowOop [44]=NarrowOop }
                      ;*ifgt {reexecute=1 rethrow=0 return_oop=0}
                      ; - (reexecute) imgui.glfw.ImGuiImplGlfw::newFrame@177 (line 1134)
                      ; - core.renderer.DebugGui::beginFrame@4 (line 53)
                      ; - core.renderer.Renderer::beginFrame@42 (line 36)
  0x0000017bcf868014: 485b 85ff 

  0x0000017bcf868018: ;   {post_call_nop}
  0x0000017bcf868018: 0f1f 8400 | 1039 007a | ba45 ffff | ff8b 6c24 | 2889 4424 | 3066 6690 

  0x0000017bcf868030: ;   {runtime_call UncommonTrapBlob}
  0x0000017bcf868030: c5f8 77e8 

  0x0000017bcf868034: ; ImmutableOopMap {rbp=NarrowOop [44]=NarrowOop }
                      ;*ifeq {reexecute=1 rethrow=0 return_oop=0}
                      ; - (reexecute) imgui.ImGuiIO::hasConfigFlags@6 (line 58)
                      ; - imgui.glfw.ImGuiImplGlfw::updateMouseCursor@7 (line 953)
                      ; - imgui.glfw.ImGuiImplGlfw::newFrame@236 (line 1141)
                      ; - core.renderer.DebugGui::beginFrame@4 (line 53)
                      ; - core.renderer.Renderer::beginFrame@42 (line 36)
  0x0000017bcf868034: 285b 85ff 

  0x0000017bcf868038: ;   {post_call_nop}
  0x0000017bcf868038: 0f1f 8400 | 3039 007b | 4533 db4d | 3bc3 bdff | ffff ff7c | 0840 0f95 | c540 0fb6 | edba 45ff 
  0x0000017bcf868058: ffff 4c89 | 4424 3890 

  0x0000017bcf868060: ;   {runtime_call UncommonTrapBlob}
  0x0000017bcf868060: c5f8 77e8 

  0x0000017bcf868064: ; ImmutableOopMap {[40]=NarrowOop [44]=NarrowOop }
                      ;*ifne {reexecute=1 rethrow=0 return_oop=0}
                      ; - (reexecute) org.lwjgl.system.Checks::check@3 (line 187)
                      ; - org.lwjgl.glfw.GLFW::glfwGetInputMode@11 (line 1633)
                      ; - imgui.glfw.ImGuiImplGlfw::updateMouseCursor@22 (line 953)
                      ; - imgui.glfw.ImGuiImplGlfw::newFrame@236 (line 1141)
                      ; - core.renderer.DebugGui::beginFrame@4 (line 53)
                      ; - core.renderer.Renderer::beginFrame@42 (line 36)
  0x0000017bcf868064: f85a 85ff 

  0x0000017bcf868068: ;   {post_call_nop}
  0x0000017bcf868068: 0f1f 8400 | 6039 007c | ba45 ffff | ff8b e944 | 895c 2428 | 4489 4424 | 2c66 6690 

  0x0000017bcf868084: ;   {runtime_call UncommonTrapBlob}
  0x0000017bcf868084: c5f8 77e8 

  0x0000017bcf868088: ; ImmutableOopMap {rbp=NarrowOop [40]=NarrowOop }
                      ;*ifne {reexecute=1 rethrow=0 return_oop=0}
                      ; - (reexecute) imgui.gl3.ImGuiImplGl3::newFrame@7 (line 337)
                      ; - core.renderer.DebugGui::beginFrame@11 (line 54)
                      ; - core.renderer.Renderer::beginFrame@42 (line 36)
  0x0000017bcf868088: d45a 85ff 

  0x0000017bcf86808c: ;   {post_call_nop}
  0x0000017bcf86808c: 0f1f 8400 | 8439 007d | ba45 ffff | ff8b 6c24 | 2889 4424 | 2866 6690 

  0x0000017bcf8680a4: ;   {runtime_call UncommonTrapBlob}
  0x0000017bcf8680a4: c5f8 77e8 

  0x0000017bcf8680a8: ; ImmutableOopMap {rbp=NarrowOop }
                      ;*ifeq {reexecute=1 rethrow=0 return_oop=0}
                      ; - (reexecute) org.lwjgl.glfw.GLFW::glfwJoystickPresent@9 (line 2050)
                      ; - core.renderer.DebugGui::updateGamepadSupport@5 (line 42)
                      ; - core.renderer.DebugGui::beginFrame@15 (line 55)
                      ; - core.renderer.Renderer::beginFrame@42 (line 36)
  0x0000017bcf8680a8: b45a 85ff 

  0x0000017bcf8680ac: ;   {post_call_nop}
  0x0000017bcf8680ac: 0f1f 8400 | a439 007e | ba45 ffff | ff8b 6c24 | 4044 8954 | 2434 6690 

  0x0000017bcf8680c4: ;   {runtime_call UncommonTrapBlob}
  0x0000017bcf8680c4: c5f8 77e8 

  0x0000017bcf8680c8: ; ImmutableOopMap {rbp=NarrowOop [40]=Oop [52]=NarrowOop }
                      ;*ifnonnull {reexecute=1 rethrow=0 return_oop=0}
                      ; - (reexecute) java.util.Locale::getDefault@54 (line 1127)
                      ; - java.time.format.DateTimeFormatterBuilder::toFormatter@4 (line 2387)
                      ; - java.time.format.DateTimeFormatter::ofPattern@11 (line 569)
                      ; - core.renderer.DebugGui::beginFrame@43 (line 62)
                      ; - core.renderer.Renderer::beginFrame@42 (line 36)
  0x0000017bcf8680c8: 945a 85ff 

  0x0000017bcf8680cc: ;   {post_call_nop}
  0x0000017bcf8680cc: 0f1f 8400 | c439 007f | ba45 ffff | ff8b 6c24 | 4044 8954 | 2430 4489 | 4424 3490 

  0x0000017bcf8680e8: ;   {runtime_call UncommonTrapBlob}
  0x0000017bcf8680e8: c5f8 77e8 

  0x0000017bcf8680ec: ; ImmutableOopMap {rbp=NarrowOop [40]=Oop [48]=NarrowOop [52]=NarrowOop }
                      ;*ifnull {reexecute=1 rethrow=0 return_oop=0}
                      ; - (reexecute) java.time.format.DateTimeFormatterBuilder::toFormatter@14 (line 2431)
                      ; - java.time.format.DateTimeFormatterBuilder::toFormatter@6 (line 2408)
                      ; - java.time.format.DateTimeFormatterBuilder::toFormatter@7 (line 2387)
                      ; - java.time.format.DateTimeFormatter::ofPattern@11 (line 569)
                      ; - core.renderer.DebugGui::beginFrame@43 (line 62)
                      ; - core.renderer.Renderer::beginFrame@42 (line 36)
  0x0000017bcf8680ec: 705a 85ff 

  0x0000017bcf8680f0: ;   {post_call_nop}
  0x0000017bcf8680f0: 0f1f 8400 | e839 0080 | 4d3b c2bd | ffff ffff | 7c08 400f | 95c5 400f | b6ed ba45 | ffff ff44 
  0x0000017bcf868110: 8b54 2440 | 4489 5424 | 2848 8944 | 2430 4489 | 5c24 2c4c | 8944 2440 

  0x0000017bcf868128: ;   {runtime_call UncommonTrapBlob}
  0x0000017bcf868128: c5f8 77e8 

  0x0000017bcf86812c: ; ImmutableOopMap {[40]=NarrowOop [44]=NarrowOop [48]=Oop }
                      ;*ifgt {reexecute=1 rethrow=0 return_oop=0}
                      ; - (reexecute) java.time.temporal.ValueRange::isValidValue@15 (line 290)
                      ; - java.time.temporal.ValueRange::checkValidValue@2 (line 318)
                      ; - java.time.temporal.ChronoField::checkValidValue@6 (line 721)
                      ; - java.time.LocalTime::ofNanoOfDay@4 (line 410)
                      ; - core.renderer.DebugGui::beginFrame@55 (line 62)
                      ; - core.renderer.Renderer::beginFrame@42 (line 36)
  0x0000017bcf86812c: 305a 85ff 

  0x0000017bcf868130: ;   {post_call_nop}
  0x0000017bcf868130: 0f1f 8400 | 283a 0081 | ba45 ffff | ff8b 6c24 | 4044 895c | 2434 6690 

  0x0000017bcf868148: ;   {runtime_call UncommonTrapBlob}
  0x0000017bcf868148: c5f8 77e8 

  0x0000017bcf86814c: ; ImmutableOopMap {rbp=NarrowOop [40]=Oop }
                      ;*ifne {reexecute=1 rethrow=0 return_oop=0}
                      ; - (reexecute) java.time.LocalTime::create@5 (line 491)
                      ; - java.time.LocalTime::ofNanoOfDay@64 (line 417)
                      ; - core.renderer.DebugGui::beginFrame@55 (line 62)
                      ; - core.renderer.Renderer::beginFrame@42 (line 36)
  0x0000017bcf86814c: 105a 85ff 

  0x0000017bcf868150: ;   {post_call_nop}
  0x0000017bcf868150: 0f1f 8400 | 483a 0082 | ba45 ffff | ff8b 6c24 | 404c 895c | 2428 4489 | 4424 3444 | 8954 2448 
  0x0000017bcf868170: ;   {runtime_call UncommonTrapBlob}
  0x0000017bcf868170: c5f8 77e8 

  0x0000017bcf868174: ; ImmutableOopMap {rbp=NarrowOop [40]=Oop [48]=NarrowOop [88]=Oop }
                      ;*ifeq {reexecute=1 rethrow=0 return_oop=0}
                      ; - (reexecute) java.time.format.DateTimeFormatterBuilder$CompositePrinterParser::format@9 (line 2533)
                      ; - java.time.format.DateTimeFormatter::formatTo@40 (line 1905)
                      ; - java.time.format.DateTimeFormatter::format@13 (line 1879)
                      ; - core.renderer.DebugGui::beginFrame@58 (line 62)
                      ; - core.renderer.Renderer::beginFrame@42 (line 36)
  0x0000017bcf868174: e859 85ff 

  0x0000017bcf868178: ;   {post_call_nop}
  0x0000017bcf868178: 0f1f 8400 | 703a 0083 | ba45 ffff | ff4c 8944 | 2430 6690 

  0x0000017bcf86818c: ;   {runtime_call UncommonTrapBlob}
  0x0000017bcf86818c: c5f8 77e8 

  0x0000017bcf868190: ; ImmutableOopMap {[48]=Oop [64]=NarrowOop }
                      ;*ifge {reexecute=1 rethrow=0 return_oop=0}
                      ; - (reexecute) java.lang.StringConcatHelper::newArray@1 (line 575)
                      ; - java.lang.StringConcatHelper$Concat1::concat0@23 (line 75)
                      ; - java.lang.StringConcatHelper$Concat1::concat@5 (line 126)
                      ; - java.lang.invoke.DirectMethodHandle$Holder::invokeSpecial@11
                      ; - java.lang.invoke.LambdaForm$MH/0x000000008d043000::invoke@21
                      ; - java.lang.invoke.Invokers$Holder::linkToTargetMethod@5
                      ; - core.renderer.DebugGui::beginFrame@61 (line 62)
                      ; - core.renderer.Renderer::beginFrame@42 (line 36)
  0x0000017bcf868190: cc59 85ff 

  0x0000017bcf868194: ;   {post_call_nop}
  0x0000017bcf868194: 0f1f 8400 | 8c3a 0084 | ba45 ffff | ff8b 6c24 | 4066 6690 

  0x0000017bcf8681a8: ;   {runtime_call UncommonTrapBlob}
  0x0000017bcf8681a8: c5f8 77e8 

  0x0000017bcf8681ac: ; ImmutableOopMap {rbp=NarrowOop [40]=Oop [48]=NarrowOop }
                      ;*ifnonnull {reexecute=1 rethrow=0 return_oop=0}
                      ; - (reexecute) java.util.Locale::getDefault@54 (line 1127)
                      ; - java.time.format.DateTimeFormatterBuilder::toFormatter@4 (line 2387)
                      ; - java.time.format.DateTimeFormatter::ofPattern@11 (line 569)
                      ; - core.renderer.DebugGui::beginFrame@71 (line 63)
                      ; - core.renderer.Renderer::beginFrame@42 (line 36)
  0x0000017bcf8681ac: b059 85ff 

  0x0000017bcf8681b0: ;   {post_call_nop}
  0x0000017bcf8681b0: 0f1f 8400 | a83a 0085 | ba45 ffff | ff8b 6c24 | 4044 8954 | 2434 6690 

  0x0000017bcf8681c8: ;   {runtime_call UncommonTrapBlob}
  0x0000017bcf8681c8: c5f8 77e8 

  0x0000017bcf8681cc: ; ImmutableOopMap {rbp=NarrowOop [40]=Oop [48]=NarrowOop [52]=NarrowOop }
                      ;*ifnull {reexecute=1 rethrow=0 return_oop=0}
                      ; - (reexecute) java.time.format.DateTimeFormatterBuilder::toFormatter@14 (line 2431)
                      ; - java.time.format.DateTimeFormatterBuilder::toFormatter@6 (line 2408)
                      ; - java.time.format.DateTimeFormatterBuilder::toFormatter@7 (line 2387)
                      ; - java.time.format.DateTimeFormatter::ofPattern@11 (line 569)
                      ; - core.renderer.DebugGui::beginFrame@71 (line 63)
                      ; - core.renderer.Renderer::beginFrame@42 (line 36)
  0x0000017bcf8681cc: 9059 85ff 

  0x0000017bcf8681d0: ;   {post_call_nop}
  0x0000017bcf8681d0: 0f1f 8400 | c83a 0086 | 4d3b cabd | ffff ffff | 7c08 400f | 95c5 400f | b6ed ba45 | ffff ff44 
  0x0000017bcf8681f0: 8b44 2440 | 4489 4424 | 2848 894c | 2430 4489 | 5c24 2c4c | 894c 2440 

  0x0000017bcf868208: ;   {runtime_call UncommonTrapBlob}
  0x0000017bcf868208: c5f8 77e8 

  0x0000017bcf86820c: ; ImmutableOopMap {[40]=NarrowOop [44]=NarrowOop [48]=Oop }
                      ;*ifgt {reexecute=1 rethrow=0 return_oop=0}
                      ; - (reexecute) java.time.temporal.ValueRange::isValidValue@15 (line 290)
                      ; - java.time.temporal.ValueRange::checkValidValue@2 (line 318)
                      ; - java.time.temporal.ChronoField::checkValidValue@6 (line 721)
                      ; - java.time.LocalTime::ofNanoOfDay@4 (line 410)
                      ; - core.renderer.DebugGui::beginFrame@82 (line 63)
                      ; - core.renderer.Renderer::beginFrame@42 (line 36)
  0x0000017bcf86820c: 5059 85ff 

  0x0000017bcf868210: ;   {post_call_nop}
  0x0000017bcf868210: 0f1f 8400 | 083b 0087 | ba45 ffff | ff8b 6c24 | 4048 894c | 2428 895c | 2430 4489 | 5424 3490 
  0x0000017bcf868230: ;   {runtime_call UncommonTrapBlob}
  0x0000017bcf868230: c5f8 77e8 

  0x0000017bcf868234: ; ImmutableOopMap {rbp=NarrowOop [40]=Oop }
                      ;*ifne {reexecute=1 rethrow=0 return_oop=0}
                      ; - (reexecute) java.time.LocalTime::create@5 (line 491)
                      ; - java.time.LocalTime::ofNanoOfDay@64 (line 417)
                      ; - core.renderer.DebugGui::beginFrame@82 (line 63)
                      ; - core.renderer.Renderer::beginFrame@42 (line 36)
  0x0000017bcf868234: 2859 85ff 

  0x0000017bcf868238: ;   {post_call_nop}
  0x0000017bcf868238: 0f1f 8400 | 303b 0088 | ba45 ffff | ff8b 6c24 | 4044 8944 | 2430 4c89 | 4c24 3848 | ff74 2448 
  0x0000017bcf868258: 488f 4424 | 4044 895c | 2434 4489 | 5424 4890 

  0x0000017bcf868268: ;   {runtime_call UncommonTrapBlob}
  0x0000017bcf868268: c5f8 77e8 

  0x0000017bcf86826c: ; ImmutableOopMap {rbp=NarrowOop [48]=NarrowOop [56]=Oop [64]=Oop }
                      ;*ifeq {reexecute=1 rethrow=0 return_oop=0}
                      ; - (reexecute) java.time.format.DateTimeFormatterBuilder$CompositePrinterParser::format@9 (line 2533)
                      ; - java.time.format.DateTimeFormatter::formatTo@40 (line 1905)
                      ; - java.time.format.DateTimeFormatter::format@13 (line 1879)
                      ; - core.renderer.DebugGui::beginFrame@85 (line 63)
                      ; - core.renderer.Renderer::beginFrame@42 (line 36)
  0x0000017bcf86826c: f058 85ff 

  0x0000017bcf868270: ;   {post_call_nop}
  0x0000017bcf868270: 0f1f 8400 | 683b 0089 | ba45 ffff | ff8b 6c24 | 4044 8b54 | 2444 4489 | 5424 3890 

  0x0000017bcf86828c: ;   {runtime_call UncommonTrapBlob}
  0x0000017bcf86828c: c5f8 77e8 

  0x0000017bcf868290: ; ImmutableOopMap {rbp=NarrowOop [48]=Oop [56]=NarrowOop }
                      ;*ifge {reexecute=1 rethrow=0 return_oop=0}
                      ; - (reexecute) java.util.Arrays::copyOfRange@23 (line 3846)
                      ; - java.lang.String::<init>@32 (line 4863)
                      ; - java.lang.StringBuilder::toString@16 (line 478)
                      ; - java.time.format.DateTimeFormatter::format@17 (line 1880)
                      ; - core.renderer.DebugGui::beginFrame@58 (line 62)
                      ; - core.renderer.Renderer::beginFrame@42 (line 36)
  0x0000017bcf868290: cc58 85ff 

  0x0000017bcf868294: ;   {post_call_nop}
  0x0000017bcf868294: 0f1f 8400 | 8c3b 008a | ba45 ffff | ff8b 6c24 | 4044 8954 | 2428 4489 | 5c24 3044 | 895c 2434 
  0x0000017bcf8682b4: ;   {runtime_call UncommonTrapBlob}
  0x0000017bcf8682b4: c5f8 77e8 

  0x0000017bcf8682b8: ; ImmutableOopMap {rbp=NarrowOop [40]=NarrowOop }
                      ;*ifge {reexecute=1 rethrow=0 return_oop=0}
                      ; - (reexecute) java.util.Arrays::copyOfRange@23 (line 3846)
                      ; - java.lang.String::<init>@32 (line 4863)
                      ; - java.lang.StringBuilder::toString@16 (line 478)
                      ; - java.time.format.DateTimeFormatter::format@17 (line 1880)
                      ; - core.renderer.DebugGui::beginFrame@85 (line 63)
                      ; - core.renderer.Renderer::beginFrame@42 (line 36)
  0x0000017bcf8682b8: a458 85ff 

  0x0000017bcf8682bc: ;   {post_call_nop}
  0x0000017bcf8682bc: 0f1f 8400 | b43b 008b | ba45 ffff | ff8b 6c24 | 2844 8b5c | 2440 4489 | 5c24 3089 | 4424 4090 
  0x0000017bcf8682dc: ;   {runtime_call UncommonTrapBlob}
  0x0000017bcf8682dc: c5f8 77e8 

  0x0000017bcf8682e0: ; ImmutableOopMap {rbp=NarrowOop [44]=NarrowOop }
                      ;*ifeq {reexecute=1 rethrow=0 return_oop=0}
                      ; - (reexecute) imgui.glfw.ImGuiImplGlfw::updateMouseCursor@71 (line 963)
                      ; - imgui.glfw.ImGuiImplGlfw::newFrame@236 (line 1141)
                      ; - core.renderer.DebugGui::beginFrame@4 (line 53)
                      ; - core.renderer.Renderer::beginFrame@42 (line 36)
  0x0000017bcf8682e0: 7c58 85ff 

  0x0000017bcf8682e4: ;   {post_call_nop}
  0x0000017bcf8682e4: 0f1f 8400 | dc3b 008c | 4533 db4d | 3bcb bdff | ffff ff7c | 0840 0f95 | c540 0fb6 | edba 45ff 
  0x0000017bcf868304: ffff 4489 | 4424 3444 | 8b54 2444 | 4489 5424 | 3866 6690 

  0x0000017bcf868318: ;   {runtime_call UncommonTrapBlob}
  0x0000017bcf868318: c5f8 77e8 

  0x0000017bcf86831c: ; ImmutableOopMap {[40]=NarrowOop [44]=NarrowOop }
                      ;*ifeq {reexecute=1 rethrow=0 return_oop=0}
                      ; - (reexecute) imgui.glfw.ImGuiImplGlfw::updateMouseCursor@99 (line 969)
                      ; - imgui.glfw.ImGuiImplGlfw::newFrame@236 (line 1141)
                      ; - core.renderer.DebugGui::beginFrame@4 (line 53)
                      ; - core.renderer.Renderer::beginFrame@42 (line 36)
  0x0000017bcf86831c: 4058 85ff 

  0x0000017bcf868320: ;   {post_call_nop}
  0x0000017bcf868320: 0f1f 8400 | 183c 008d | 4d8b d045 | 33db 4d3b | d3bd ffff | ffff 7c08 | 400f 95c5 | 400f b6ed 
  0x0000017bcf868340: ba45 ffff | ff44 8b5c | 2440 4489 | 5c24 3444 | 8b54 2444 | 4489 5424 | 384c 894c | 2450 6690 
  0x0000017bcf868360: ;   {runtime_call UncommonTrapBlob}
  0x0000017bcf868360: c5f8 77e8 

  0x0000017bcf868364: ; ImmutableOopMap {[40]=NarrowOop [44]=NarrowOop }
                      ;*ifne {reexecute=1 rethrow=0 return_oop=0}
                      ; - (reexecute) org.lwjgl.system.Checks::check@3 (line 187)
                      ; - org.lwjgl.glfw.GLFW::glfwSetCursor@12 (line 1777)
                      ; - imgui.glfw.ImGuiImplGlfw::updateMouseCursor@123 (line 969)
                      ; - imgui.glfw.ImGuiImplGlfw::newFrame@236 (line 1141)
                      ; - core.renderer.DebugGui::beginFrame@4 (line 53)
                      ; - core.renderer.Renderer::beginFrame@42 (line 36)
  0x0000017bcf868364: f857 85ff 

  0x0000017bcf868368: ;   {post_call_nop}
  0x0000017bcf868368: 0f1f 8400 | 603c 008e | ba45 ffff | ff66 6690 

  0x0000017bcf868378: ;   {runtime_call UncommonTrapBlob}
  0x0000017bcf868378: c5f8 77e8 

  0x0000017bcf86837c: ; ImmutableOopMap {[64]=NarrowOop [80]=Oop [88]=Oop }
                      ;*ifeq {reexecute=1 rethrow=0 return_oop=0}
                      ; - (reexecute) java.time.format.DateTimeFormatterBuilder$CompositePrinterParser::format@88 (line 2544)
                      ; - java.time.format.DateTimeFormatter::formatTo@40 (line 1905)
                      ; - java.time.format.DateTimeFormatter::format@13 (line 1879)
                      ; - core.renderer.DebugGui::beginFrame@58 (line 62)
                      ; - core.renderer.Renderer::beginFrame@42 (line 36)
  0x0000017bcf86837c: e057 85ff 

  0x0000017bcf868380: ;   {post_call_nop}
  0x0000017bcf868380: 0f1f 8400 | 783c 008f | ba45 ffff | ff66 6690 

  0x0000017bcf868390: ;   {runtime_call UncommonTrapBlob}
  0x0000017bcf868390: c5f8 77e8 

  0x0000017bcf868394: ; ImmutableOopMap {[64]=NarrowOop [72]=Oop [80]=Oop }
                      ;*ifeq {reexecute=1 rethrow=0 return_oop=0}
                      ; - (reexecute) java.time.format.DateTimeFormatterBuilder$CompositePrinterParser::format@88 (line 2544)
                      ; - java.time.format.DateTimeFormatter::formatTo@40 (line 1905)
                      ; - java.time.format.DateTimeFormatter::format@13 (line 1879)
                      ; - core.renderer.DebugGui::beginFrame@85 (line 63)
                      ; - core.renderer.Renderer::beginFrame@42 (line 36)
  0x0000017bcf868394: c857 85ff 

  0x0000017bcf868398: ;   {post_call_nop}
  0x0000017bcf868398: 0f1f 8400 | 903c 0090 | 4181 fa00 | 1f0a fa0f | 8e3b 0100 | 0041 b906 | 0000 00e9 | 5dec ffff 
  0x0000017bcf8683b8: 8bf7 4c89 | 4424 504c | 895c 2448 | 4889 5c24 | 3044 8954 | 2428 498d | 14ec 448b | 4424 704d 
  0x0000017bcf8683d8: 8bcb 8b7c | 2470 488b | 6c24 3890 

  0x0000017bcf8683e4: ;   {runtime_call C2 Runtime slow_arraycopy}
  0x0000017bcf8683e4: c5f8 77e8 

  0x0000017bcf8683e8: ; ImmutableOopMap {rbp=Oop [40]=NarrowOop [48]=Oop [56]=Oop [64]=NarrowOop [72]=Oop [80]=Oop }
                      ;*invokestatic arraycopy {reexecute=0 rethrow=0 return_oop=0}
                      ; - java.util.ArrayList::toArray@36 (line 402)
                      ; - java.time.format.DateTimeFormatterBuilder$CompositePrinterParser::<init>@6 (line 2509)
                      ; - java.time.format.DateTimeFormatterBuilder::toFormatter@34 (line 2434)
                      ; - java.time.format.DateTimeFormatterBuilder::toFormatter@6 (line 2408)
                      ; - java.time.format.DateTimeFormatterBuilder::toFormatter@7 (line 2387)
                      ; - java.time.format.DateTimeFormatter::ofPattern@11 (line 569)
                      ; - core.renderer.DebugGui::beginFrame@43 (line 62)
                      ; - core.renderer.Renderer::beginFrame@42 (line 36)
  0x0000017bcf8683e8: f4e0 8eff 

  0x0000017bcf8683ec: ;   {post_call_nop}
  0x0000017bcf8683ec: 0f1f 8400 | e43c 0091 | 448b 5424 | 2848 8b5c | 2430 4c8b | 5c24 484c | 8b44 2450 | e93e e6ff 
  0x0000017bcf86840c: ff49 8d14 | ec44 8b44 | 2470 4c8b | 4c24 508b | 7c24 708b | 7424 4448 | 8b6c 2438 

  0x0000017bcf868428: ;   {runtime_call C2 Runtime slow_arraycopy}
  0x0000017bcf868428: c5f8 77e8 

  0x0000017bcf86842c: ; ImmutableOopMap {rbp=Oop [48]=NarrowOop [56]=Oop [64]=NarrowOop [72]=Oop [80]=Oop [88]=Oop }
                      ;*invokestatic arraycopy {reexecute=0 rethrow=0 return_oop=0}
                      ; - java.util.ArrayList::toArray@36 (line 402)
                      ; - java.time.format.DateTimeFormatterBuilder$CompositePrinterParser::<init>@6 (line 2509)
                      ; - java.time.format.DateTimeFormatterBuilder::toFormatter@34 (line 2434)
                      ; - java.time.format.DateTimeFormatterBuilder::toFormatter@6 (line 2408)
                      ; - java.time.format.DateTimeFormatterBuilder::toFormatter@7 (line 2387)
                      ; - java.time.format.DateTimeFormatter::ofPattern@11 (line 569)
                      ; - core.renderer.DebugGui::beginFrame@71 (line 63)
                      ; - core.renderer.Renderer::beginFrame@42 (line 36)
  0x0000017bcf86842c: b0e0 8eff 

  0x0000017bcf868430: ;   {post_call_nop}
  0x0000017bcf868430: 0f1f 8400 | 283d 0092 | e96d e6ff | ff48 8b4c | 2450 498b | fe48 33c0 | 4883 f908 | 7f10 48ff 
  0x0000017bcf868450: c978 5648 | 8904 cf48 | ffc9 7df7 | eb4b c5fd | efc0 e90d | 0000 00c5 | fe7f 07c5 | fe7f 4720 
  0x0000017bcf868470: 4883 c740 | 4883 e908 | 7ded 4883 | c104 7c0c | c5fe 7f07 | 4883 c720 | 4883 e904 | 4883 c104 
  0x0000017bcf868490: 7e17 48c7 | c0ff ffff | ffc4 e2f0 | f5c0 c4e1 | fb92 f862 | f1fe 2f7f | 0749 8bd5 | 448b 4424 
  0x0000017bcf8684b0: 704c 8b4c | 2448 8b7c | 2470 8b74 | 2444 4c89 | 6c24 5890 

  0x0000017bcf8684c4: ;   {runtime_call C2 Runtime slow_arraycopy}
  0x0000017bcf8684c4: c5f8 77e8 

  0x0000017bcf8684c8: ; ImmutableOopMap {[40]=NarrowOop [48]=Oop [56]=Oop [64]=NarrowOop [72]=Oop [88]=Oop }
                      ;*invokestatic copyOf {reexecute=1 rethrow=0 return_oop=0}
                      ; - (reexecute) java.util.ArrayList::toArray@21 (line 401)
                      ; - java.time.format.DateTimeFormatterBuilder$CompositePrinterParser::<init>@6 (line 2509)
                      ; - java.time.format.DateTimeFormatterBuilder::toFormatter@34 (line 2434)
                      ; - java.time.format.DateTimeFormatterBuilder::toFormatter@6 (line 2408)
                      ; - java.time.format.DateTimeFormatterBuilder::toFormatter@7 (line 2387)
                      ; - java.time.format.DateTimeFormatter::ofPattern@11 (line 569)
                      ; - core.renderer.DebugGui::beginFrame@43 (line 62)
                      ; - core.renderer.Renderer::beginFrame@42 (line 36)
  0x0000017bcf8684c8: 14e0 8eff 

  0x0000017bcf8684cc: ;   {post_call_nop}
  0x0000017bcf8684cc: 0f1f 8400 | c43d 0093 | 448b 5424 | 2848 8b5c | 2430 4c8b | 5c24 48e9 | afce ffff | 4181 fa00 
  0x0000017bcf8684ec: 3665 c47e | 0b41 b906 | 0000 00e9 | d5f0 ffff | ba45 ffff | ff8b 6c24 | 2844 8944 | 2428 6690 
  0x0000017bcf86850c: ;   {runtime_call UncommonTrapBlob}
  0x0000017bcf86850c: c5f8 77e8 

  0x0000017bcf868510: ; ImmutableOopMap {rbp=NarrowOop }
                      ;*if_icmpge {reexecute=1 rethrow=0 return_oop=0}
                      ; - (reexecute) jdk.internal.util.DecimalDigits::stringSize@19 (line 101)
                      ; - java.lang.StringConcatHelper::stringSize@2 (line 510)
                      ; - java.lang.StringConcatHelper$Concat1::concat@5 (line 106)
                      ; - java.lang.invoke.DirectMethodHandle$Holder::invokeSpecial@11
                      ; - java.lang.invoke.LambdaForm$MH/0x000000008d048400::invoke@21
                      ; - java.lang.invoke.Invokers$Holder::linkToTargetMethod@5
                      ; - core.renderer.DebugGui::beginFrame@33 (line 61)
                      ; - core.renderer.Renderer::beginFrame@42 (line 36)
  0x0000017bcf868510: 4c56 85ff 

  0x0000017bcf868514: ;   {post_call_nop}
  0x0000017bcf868514: 0f1f 8400 | 0c3e 0094 | ba95 ffff | ff8b 6c24 | 4048 8944 | 2440 6690 

  0x0000017bcf86852c: ;   {runtime_call UncommonTrapBlob}
  0x0000017bcf86852c: c5f8 77e8 

  0x0000017bcf868530: ; ImmutableOopMap {rbp=NarrowOop [48]=NarrowOop [64]=Oop [80]=Oop [88]=Oop }
                      ;*astore {reexecute=0 rethrow=0 return_oop=0}
                      ; - java.time.format.DateTimeFormatterBuilder$CompositePrinterParser::format@98 (line 2544)
                      ; - java.time.format.DateTimeFormatter::formatTo@40 (line 1905)
                      ; - java.time.format.DateTimeFormatter::format@13 (line 1879)
                      ; - core.renderer.DebugGui::beginFrame@58 (line 62)
                      ; - core.renderer.Renderer::beginFrame@42 (line 36)
  0x0000017bcf868530: 2c56 85ff 

  0x0000017bcf868534: ;   {post_call_nop}
  0x0000017bcf868534: 0f1f 8400 | 2c3e 0095 | ba95 ffff | ff8b 6c24 | 4048 8944 | 2440 6690 

  0x0000017bcf86854c: ;   {runtime_call UncommonTrapBlob}
  0x0000017bcf86854c: c5f8 77e8 

  0x0000017bcf868550: ; ImmutableOopMap {rbp=NarrowOop [64]=Oop [72]=Oop [80]=Oop [100]=NarrowOop }
                      ;*astore {reexecute=0 rethrow=0 return_oop=0}
                      ; - java.time.format.DateTimeFormatterBuilder$CompositePrinterParser::format@98 (line 2544)
                      ; - java.time.format.DateTimeFormatter::formatTo@40 (line 1905)
                      ; - java.time.format.DateTimeFormatter::format@13 (line 1879)
                      ; - core.renderer.DebugGui::beginFrame@85 (line 63)
                      ; - core.renderer.Renderer::beginFrame@42 (line 36)
  0x0000017bcf868550: 0c56 85ff 

  0x0000017bcf868554: ;   {post_call_nop}
  0x0000017bcf868554: 0f1f 8400 | 4c3e 0096 | ba95 ffff | ff8b 6c24 | 2848 8944 | 2430 6690 

  0x0000017bcf86856c: ;   {runtime_call UncommonTrapBlob}
  0x0000017bcf86856c: c5f8 77e8 

  0x0000017bcf868570: ; ImmutableOopMap {rbp=NarrowOop [44]=NarrowOop [48]=Oop }
                      ;*aload {reexecute=0 rethrow=0 return_oop=0}
                      ; - jdk.internal.foreign.abi.DowncallStub/0x000000008d1c0000::invoke@67
                      ; - java.lang.invoke.LambdaForm$DMH/0x000000008d1c0400::invokeStatic@11
                      ; - java.lang.invoke.LambdaForm$MH/0x000000008d1d8c00::invoke@40
                      ; - java.lang.invoke.LambdaForm$MH/0x000000008d1c2000::invokeExact_MT@19
                      ; - org.lwjgl.system.JNIBindingsImpl/0x000000008d098000::invokeD@4
                      ; - org.lwjgl.system.JNI::invokeD@7 (line 1377)
                      ; - org.lwjgl.glfw.GLFW::glfwGetTime@5 (line 2283)
                      ; - imgui.glfw.ImGuiImplGlfw::newFrame@164 (line 1133)
                      ; - core.renderer.DebugGui::beginFrame@4 (line 53)
                      ; - core.renderer.Renderer::beginFrame@42 (line 36)
  0x0000017bcf868570: ec55 85ff 

  0x0000017bcf868574: ;   {post_call_nop}
  0x0000017bcf868574: 0f1f 8400 | 6c3e 0097 | ba95 ffff | ff8b 6c24 | 2848 8944 | 2430 6690 

  0x0000017bcf86858c: ;   {runtime_call UncommonTrapBlob}
  0x0000017bcf86858c: c5f8 77e8 

  0x0000017bcf868590: ; ImmutableOopMap {rbp=NarrowOop [44]=NarrowOop [48]=Oop }
                      ;*aload {reexecute=0 rethrow=0 return_oop=0}
                      ; - jdk.internal.foreign.abi.DowncallStub/0x000000008d1b4400::invoke@80
                      ; - java.lang.invoke.LambdaForm$DMH/0x000000008d1b4800::invokeStatic@16
                      ; - java.lang.invoke.LambdaForm$MH/0x000000008d1bac00::invoke@47
                      ; - java.lang.invoke.LambdaForm$MH/0x000000008d1b6800::invokeExact_MT@23
                      ; - org.lwjgl.system.JNIBindingsImpl/0x000000008d098000::invokePI@7
                      ; - org.lwjgl.system.JNI::invokePI@9 (line 1409)
                      ; - org.lwjgl.glfw.GLFW::glfwGetInputMode@18 (line 1635)
                      ; - imgui.glfw.ImGuiImplGlfw::updateMouseCursor@22 (line 953)
                      ; - imgui.glfw.ImGuiImplGlfw::newFrame@236 (line 1141)
                      ; - core.renderer.DebugGui::beginFrame@4 (line 53)
                      ; - core.renderer.Renderer::beginFrame@42 (line 36)
  0x0000017bcf868590: cc55 85ff 

  0x0000017bcf868594: ;   {post_call_nop}
  0x0000017bcf868594: 0f1f 8400 | 8c3e 0098 | ba95 ffff | ff8b 6c24 | 2848 8944 | 2428 6690 

  0x0000017bcf8685ac: ;   {runtime_call UncommonTrapBlob}
  0x0000017bcf8685ac: c5f8 77e8 

  0x0000017bcf8685b0: ; ImmutableOopMap {rbp=NarrowOop [40]=Oop }
                      ;*aload {reexecute=0 rethrow=0 return_oop=0}
                      ; - jdk.internal.foreign.abi.DowncallStub/0x000000008d1d3000::invoke@72
                      ; - java.lang.invoke.DirectMethodHandle$Holder::invokeStatic@14
                      ; - java.lang.invoke.LambdaForm$MH/0x000000008d1dac00::invoke@43
                      ; - java.lang.invoke.LambdaForm$MH/0x000000008d1d4800::invokeExact_MT@20
                      ; - org.lwjgl.system.JNIBindingsImpl/0x000000008d098000::invokeI@4
                      ; - org.lwjgl.system.JNI::invokeI@8 (line 1396)
                      ; - org.lwjgl.glfw.GLFW::glfwJoystickPresent@6 (line 2050)
                      ; - core.renderer.DebugGui::updateGamepadSupport@5 (line 42)
                      ; - core.renderer.DebugGui::beginFrame@15 (line 55)
                      ; - core.renderer.Renderer::beginFrame@42 (line 36)
  0x0000017bcf8685b0: ac55 85ff 

  0x0000017bcf8685b4: ;   {post_call_nop}
  0x0000017bcf8685b4: 0f1f 8400 | ac3e 0099 | ba95 ffff | ff8b 6c24 | 2844 8b5c | 2440 4489 | 5c24 3044 | 8b44 2444 
  0x0000017bcf8685d4: 4489 4424 | 3448 8944 | 2440 6690 

  0x0000017bcf8685e0: ;   {runtime_call UncommonTrapBlob}
  0x0000017bcf8685e0: c5f8 77e8 

  0x0000017bcf8685e4: ; ImmutableOopMap {rbp=NarrowOop [44]=NarrowOop [64]=Oop }
                      ;*aload {reexecute=0 rethrow=0 return_oop=0}
                      ; - jdk.internal.foreign.abi.DowncallStub/0x000000008d1c3c00::invoke@76
                      ; - java.lang.invoke.LambdaForm$DMH/0x000000008d1d0000::invokeStatic@16
                      ; - java.lang.invoke.LambdaForm$MH/0x000000008d1da400::invoke@47
                      ; - java.lang.invoke.LambdaForm$MH/0x000000008d1d2000::invokeExact_MT@23
                      ; - org.lwjgl.system.JNIBindingsImpl/0x000000008d098000::invokePPV@7
                      ; - org.lwjgl.system.JNI::invokePPV@10 (line 1783)
                      ; - org.lwjgl.glfw.GLFW::glfwSetCursor@20 (line 1779)
                      ; - imgui.glfw.ImGuiImplGlfw::updateMouseCursor@123 (line 969)
                      ; - imgui.glfw.ImGuiImplGlfw::newFrame@236 (line 1141)
                      ; - core.renderer.DebugGui::beginFrame@4 (line 53)
                      ; - core.renderer.Renderer::beginFrame@42 (line 36)
  0x0000017bcf8685e4: 7855 85ff 

  0x0000017bcf8685e8: ;   {post_call_nop}
  0x0000017bcf8685e8: 0f1f 8400 | e03e 009a | ba95 ffff | ff8b 6c24 | 2848 8944 | 2438 6690 

  0x0000017bcf868600: ;   {runtime_call UncommonTrapBlob}
  0x0000017bcf868600: c5f8 77e8 

  0x0000017bcf868604: ; ImmutableOopMap {rbp=NarrowOop [44]=NarrowOop [56]=Oop }
                      ;*aload {reexecute=0 rethrow=0 return_oop=0}
                      ; - jdk.internal.foreign.abi.DowncallStub/0x000000008d16ec00::invoke@82
                      ; - java.lang.invoke.LambdaForm$DMH/0x000000008d16f000::invokeStatic@18
                      ; - java.lang.invoke.LambdaForm$MH/0x000000008d1d8400::invoke@49
                      ; - java.lang.invoke.LambdaForm$MH/0x000000008d170c00::invokeExact_MT@25
                      ; - org.lwjgl.system.JNIBindingsImpl/0x000000008d098000::invokePV@9
                      ; - org.lwjgl.system.JNI::invokePV@11 (line 1758)
                      ; - org.lwjgl.glfw.GLFW::glfwSetInputMode@21 (line 1646)
                      ; - imgui.glfw.ImGuiImplGlfw::updateMouseCursor@132 (line 970)
                      ; - imgui.glfw.ImGuiImplGlfw::newFrame@236 (line 1141)
                      ; - core.renderer.DebugGui::beginFrame@4 (line 53)
                      ; - core.renderer.Renderer::beginFrame@42 (line 36)
  0x0000017bcf868604: 5855 85ff 

  0x0000017bcf868608: ;   {post_call_nop}
  0x0000017bcf868608: 0f1f 8400 | 003f 009b | baf6 ffff | ff66 6690 

  0x0000017bcf868618: ;   {runtime_call UncommonTrapBlob}
  0x0000017bcf868618: c5f8 77e8 

  0x0000017bcf86861c: ; ImmutableOopMap {}
                      ;*invokevirtual getBgColor {reexecute=0 rethrow=0 return_oop=0}
                      ; - core.renderer.Renderer::beginFrame@4 (line 29)
  0x0000017bcf86861c: 4055 85ff 

  0x0000017bcf868620: ;   {post_call_nop}
  0x0000017bcf868620: 0f1f 8400 | 183f 009c | baf6 ffff | ff66 6690 

  0x0000017bcf868630: ;   {runtime_call UncommonTrapBlob}
  0x0000017bcf868630: c5f8 77e8 

  0x0000017bcf868634: ; ImmutableOopMap {}
                      ;*faload {reexecute=0 rethrow=0 return_oop=0}
                      ; - core.renderer.Renderer::beginFrame@10 (line 30)
  0x0000017bcf868634: 2855 85ff 

  0x0000017bcf868638: ;   {post_call_nop}
  0x0000017bcf868638: 0f1f 8400 | 303f 009d | baf6 ffff | ff66 6690 

  0x0000017bcf868648: ;   {runtime_call UncommonTrapBlob}
  0x0000017bcf868648: c5f8 77e8 

  0x0000017bcf86864c: ; ImmutableOopMap {}
                      ;*invokevirtual beginFrame {reexecute=0 rethrow=0 return_oop=0}
                      ; - core.renderer.Renderer::beginFrame@42 (line 36)
  0x0000017bcf86864c: 1055 85ff 

  0x0000017bcf868650: ;   {post_call_nop}
  0x0000017bcf868650: 0f1f 8400 | 483f 009e | baf6 ffff | ff66 6690 

  0x0000017bcf868660: ;   {runtime_call UncommonTrapBlob}
  0x0000017bcf868660: c5f8 77e8 

  0x0000017bcf868664: ; ImmutableOopMap {}
                      ;*getfield window {reexecute=1 rethrow=0 return_oop=0}
                      ; - (reexecute) imgui.glfw.ImGuiImplGlfw::newFrame@8 (line 1118)
                      ; - core.renderer.DebugGui::beginFrame@4 (line 53)
                      ; - core.renderer.Renderer::beginFrame@42 (line 36)
  0x0000017bcf868664: f854 85ff 

  0x0000017bcf868668: ;   {post_call_nop}
  0x0000017bcf868668: 0f1f 8400 | 603f 009f | baf6 ffff | ff66 6690 

  0x0000017bcf868678: ;   {runtime_call UncommonTrapBlob}
  0x0000017bcf868678: c5f8 77e8 

  0x0000017bcf86867c: ; ImmutableOopMap {}
                      ;*getfield windowW {reexecute=1 rethrow=0 return_oop=0}
                      ; - (reexecute) imgui.glfw.ImGuiImplGlfw$Properties::access$1500@1 (line 299)
                      ; - imgui.glfw.ImGuiImplGlfw::newFrame@15 (line 1118)
                      ; - core.renderer.DebugGui::beginFrame@4 (line 53)
                      ; - core.renderer.Renderer::beginFrame@42 (line 36)
  0x0000017bcf86867c: e054 85ff 

  0x0000017bcf868680: ;   {post_call_nop}
  0x0000017bcf868680: 0f1f 8400 | 783f 00a0 | baf6 ffff | ff66 6690 

  0x0000017bcf868690: ;   {runtime_call UncommonTrapBlob}
  0x0000017bcf868690: c5f8 77e8 

  0x0000017bcf868694: ; ImmutableOopMap {}
                      ;*getfield window {reexecute=1 rethrow=0 return_oop=0}
                      ; - (reexecute) imgui.glfw.ImGuiImplGlfw::newFrame@32 (line 1119)
                      ; - core.renderer.DebugGui::beginFrame@4 (line 53)
                      ; - core.renderer.Renderer::beginFrame@42 (line 36)
  0x0000017bcf868694: c854 85ff 

  0x0000017bcf868698: ;   {post_call_nop}
  0x0000017bcf868698: 0f1f 8400 | 903f 00a1 | baf6 ffff | ff66 6690 

  0x0000017bcf8686a8: ;   {runtime_call UncommonTrapBlob}
  0x0000017bcf8686a8: c5f8 77e8 

  0x0000017bcf8686ac: ; ImmutableOopMap {}
                      ;*getfield displayW {reexecute=1 rethrow=0 return_oop=0}
                      ; - (reexecute) imgui.glfw.ImGuiImplGlfw$Properties::access$1700@1 (line 299)
                      ; - imgui.glfw.ImGuiImplGlfw::newFrame@39 (line 1119)
                      ; - core.renderer.DebugGui::beginFrame@4 (line 53)
                      ; - core.renderer.Renderer::beginFrame@42 (line 36)
  0x0000017bcf8686ac: b054 85ff 

  0x0000017bcf8686b0: ;   {post_call_nop}
  0x0000017bcf8686b0: 0f1f 8400 | a83f 00a2 | baf6 ffff | ff66 6690 

  0x0000017bcf8686c0: ;   {runtime_call UncommonTrapBlob}
  0x0000017bcf8686c0: c5f8 77e8 

  0x0000017bcf8686c4: ; ImmutableOopMap {}
                      ;*getfield windowW {reexecute=1 rethrow=0 return_oop=0}
                      ; - (reexecute) imgui.glfw.ImGuiImplGlfw$Properties::access$1500@1 (line 299)
                      ; - imgui.glfw.ImGuiImplGlfw::newFrame@57 (line 1120)
                      ; - core.renderer.DebugGui::beginFrame@4 (line 53)
                      ; - core.renderer.Renderer::beginFrame@42 (line 36)
  0x0000017bcf8686c4: 9854 85ff 

  0x0000017bcf8686c8: ;   {post_call_nop}
  0x0000017bcf8686c8: 0f1f 8400 | c03f 00a3 | baf6 ffff | ff66 6690 

  0x0000017bcf8686d8: ;   {runtime_call UncommonTrapBlob}
  0x0000017bcf8686d8: c5f8 77e8 

  0x0000017bcf8686dc: ; ImmutableOopMap {}
                      ;*iaload {reexecute=0 rethrow=0 return_oop=0}
                      ; - imgui.glfw.ImGuiImplGlfw::newFrame@61 (line 1120)
                      ; - core.renderer.DebugGui::beginFrame@4 (line 53)
                      ; - core.renderer.Renderer::beginFrame@42 (line 36)
  0x0000017bcf8686dc: 8054 85ff 

  0x0000017bcf8686e0: ;   {post_call_nop}
  0x0000017bcf8686e0: 0f1f 8400 | d83f 00a4 | baf6 ffff | ff66 6690 

  0x0000017bcf8686f0: ;   {runtime_call UncommonTrapBlob}
  0x0000017bcf8686f0: c5f8 77e8 

  0x0000017bcf8686f4: ; ImmutableOopMap {}
                      ;*iaload {reexecute=0 rethrow=0 return_oop=0}
                      ; - imgui.glfw.ImGuiImplGlfw::newFrame@71 (line 1120)
                      ; - core.renderer.DebugGui::beginFrame@4 (line 53)
                      ; - core.renderer.Renderer::beginFrame@42 (line 36)
  0x0000017bcf8686f4: 6854 85ff 

  0x0000017bcf8686f8: ;   {post_call_nop}
  0x0000017bcf8686f8: 0f1f 8400 | f03f 00a5 | baf6 ffff | ff66 6690 

  0x0000017bcf868708: ;   {runtime_call UncommonTrapBlob}
  0x0000017bcf868708: c5f8 77e8 

  0x0000017bcf86870c: ; ImmutableOopMap {}
                      ;*getfield windowW {reexecute=1 rethrow=0 return_oop=0}
                      ; - (reexecute) imgui.glfw.ImGuiImplGlfw$Properties::access$1500@1 (line 299)
                      ; - imgui.glfw.ImGuiImplGlfw::newFrame@80 (line 1121)
                      ; - core.renderer.DebugGui::beginFrame@4 (line 53)
                      ; - core.renderer.Renderer::beginFrame@42 (line 36)
  0x0000017bcf86870c: 5054 85ff 

  0x0000017bcf868710: ;   {post_call_nop}
  0x0000017bcf868710: 0f1f 8400 | 0840 00a6 | baf6 ffff | ff66 6690 

  0x0000017bcf868720: ;   {runtime_call UncommonTrapBlob}
  0x0000017bcf868720: c5f8 77e8 

  0x0000017bcf868724: ; ImmutableOopMap {}
                      ;*iaload {reexecute=0 rethrow=0 return_oop=0}
                      ; - imgui.glfw.ImGuiImplGlfw::newFrame@84 (line 1121)
                      ; - core.renderer.DebugGui::beginFrame@4 (line 53)
                      ; - core.renderer.Renderer::beginFrame@42 (line 36)
  0x0000017bcf868724: 3854 85ff 

  0x0000017bcf868728: ;   {post_call_nop}
  0x0000017bcf868728: 0f1f 8400 | 2040 00a7 | baf6 ffff | ff66 6690 

  0x0000017bcf868738: ;   {runtime_call UncommonTrapBlob}
  0x0000017bcf868738: c5f8 77e8 

  0x0000017bcf86873c: ; ImmutableOopMap {}
                      ;*iaload {reexecute=0 rethrow=0 return_oop=0}
                      ; - imgui.glfw.ImGuiImplGlfw::newFrame@96 (line 1121)
                      ; - core.renderer.DebugGui::beginFrame@4 (line 53)
                      ; - core.renderer.Renderer::beginFrame@42 (line 36)
  0x0000017bcf86873c: 2054 85ff 

  0x0000017bcf868740: ;   {post_call_nop}
  0x0000017bcf868740: 0f1f 8400 | 3840 00a8 | baf6 ffff | ff66 6690 

  0x0000017bcf868750: ;   {runtime_call UncommonTrapBlob}
  0x0000017bcf868750: c5f8 77e8 

  0x0000017bcf868754: ; ImmutableOopMap {}
                      ;*iaload {reexecute=0 rethrow=0 return_oop=0}
                      ; - imgui.glfw.ImGuiImplGlfw::newFrame@108 (line 1122)
                      ; - core.renderer.DebugGui::beginFrame@4 (line 53)
                      ; - core.renderer.Renderer::beginFrame@42 (line 36)
  0x0000017bcf868754: 0854 85ff 

  0x0000017bcf868758: ;   {post_call_nop}
  0x0000017bcf868758: 0f1f 8400 | 5040 00a9 | baf6 ffff | ff66 6690 

  0x0000017bcf868768: ;   {runtime_call UncommonTrapBlob}
  0x0000017bcf868768: c5f8 77e8 

  0x0000017bcf86876c: ; ImmutableOopMap {}
                      ;*iaload {reexecute=0 rethrow=0 return_oop=0}
                      ; - imgui.glfw.ImGuiImplGlfw::newFrame@130 (line 1123)
                      ; - core.renderer.DebugGui::beginFrame@4 (line 53)
                      ; - core.renderer.Renderer::beginFrame@42 (line 36)
  0x0000017bcf86876c: f053 85ff 

  0x0000017bcf868770: ;   {post_call_nop}
  0x0000017bcf868770: 0f1f 8400 | 6840 00aa | baf6 ffff | ff66 6690 

  0x0000017bcf868780: ;   {runtime_call UncommonTrapBlob}
  0x0000017bcf868780: c5f8 77e8 

  0x0000017bcf868784: ; ImmutableOopMap {}
                      ;*getfield wantUpdateMonitors {reexecute=1 rethrow=0 return_oop=0}
                      ; - (reexecute) imgui.glfw.ImGuiImplGlfw::newFrame@154 (line 1127)
                      ; - core.renderer.DebugGui::beginFrame@4 (line 53)
                      ; - core.renderer.Renderer::beginFrame@42 (line 36)
  0x0000017bcf868784: d853 85ff 

  0x0000017bcf868788: ;   {post_call_nop}
  0x0000017bcf868788: 0f1f 8400 | 8040 00ab | baf6 ffff | ff66 6690 

  0x0000017bcf868798: ;   {runtime_call UncommonTrapBlob}
  0x0000017bcf868798: c5f8 77e8 

  0x0000017bcf86879c: ; ImmutableOopMap {}
                      ;*getfield time {reexecute=1 rethrow=0 return_oop=0}
                      ; - (reexecute) imgui.glfw.ImGuiImplGlfw::newFrame@173 (line 1134)
                      ; - core.renderer.DebugGui::beginFrame@4 (line 53)
                      ; - core.renderer.Renderer::beginFrame@42 (line 36)
  0x0000017bcf86879c: c053 85ff 

  0x0000017bcf8687a0: ;   {post_call_nop}
  0x0000017bcf8687a0: 0f1f 8400 | 9840 00ac | baf6 ffff | ffc4 e1f9 | 7ec5 6690 

  0x0000017bcf8687b4: ;   {runtime_call UncommonTrapBlob}
  0x0000017bcf8687b4: c5f8 77e8 

  0x0000017bcf8687b8: ; ImmutableOopMap {}
                      ;*putfield time {reexecute=1 rethrow=0 return_oop=0}
                      ; - (reexecute) imgui.glfw.ImGuiImplGlfw::newFrame@228 (line 1138)
                      ; - core.renderer.DebugGui::beginFrame@4 (line 53)
                      ; - core.renderer.Renderer::beginFrame@42 (line 36)
  0x0000017bcf8687b8: a453 85ff 

  0x0000017bcf8687bc: ;   {post_call_nop}
  0x0000017bcf8687bc: 0f1f 8400 | b440 00ad | baf6 ffff | ff66 6690 

  0x0000017bcf8687cc: ;   {runtime_call UncommonTrapBlob}
  0x0000017bcf8687cc: c5f8 77e8 

  0x0000017bcf8687d0: ; ImmutableOopMap {}
                      ;*getfield window {reexecute=1 rethrow=0 return_oop=0}
                      ; - (reexecute) imgui.glfw.ImGuiImplGlfw::updateMouseCursor@17 (line 953)
                      ; - imgui.glfw.ImGuiImplGlfw::newFrame@236 (line 1141)
                      ; - core.renderer.DebugGui::beginFrame@4 (line 53)
                      ; - core.renderer.Renderer::beginFrame@42 (line 36)
  0x0000017bcf8687d0: 8c53 85ff 

  0x0000017bcf8687d4: ;   {post_call_nop}
  0x0000017bcf8687d4: 0f1f 8400 | cc40 00ae | baf6 ffff | ff66 6690 

  0x0000017bcf8687e4: ;   {runtime_call UncommonTrapBlob}
  0x0000017bcf8687e4: c5f8 77e8 

  0x0000017bcf8687e8: ; ImmutableOopMap {}
                      ;*invokevirtual newFrame {reexecute=0 rethrow=0 return_oop=0}
                      ; - core.renderer.DebugGui::beginFrame@11 (line 54)
                      ; - core.renderer.Renderer::beginFrame@42 (line 36)
  0x0000017bcf8687e8: 7453 85ff 

  0x0000017bcf8687ec: ;   {post_call_nop}
  0x0000017bcf8687ec: 0f1f 8400 | e440 00af | baf6 ffff | ff66 6690 

  0x0000017bcf8687fc: ;   {runtime_call UncommonTrapBlob}
  0x0000017bcf8687fc: c5f8 77e8 

  0x0000017bcf868800: ; ImmutableOopMap {}
                      ;*getfield shaderHandle {reexecute=1 rethrow=0 return_oop=0}
                      ; - (reexecute) imgui.gl3.ImGuiImplGl3::newFrame@4 (line 337)
                      ; - core.renderer.DebugGui::beginFrame@11 (line 54)
                      ; - core.renderer.Renderer::beginFrame@42 (line 36)
  0x0000017bcf868800: 5c53 85ff 

  0x0000017bcf868804: ;   {post_call_nop}
  0x0000017bcf868804: 0f1f 8400 | fc40 00b0 | baf6 ffff | ff66 6690 

  0x0000017bcf868814: ;   {runtime_call UncommonTrapBlob}
  0x0000017bcf868814: c5f8 77e8 

  0x0000017bcf868818: ; ImmutableOopMap {}
                      ;*getfield parent {reexecute=1 rethrow=0 return_oop=0}
                      ; - (reexecute) java.time.format.DateTimeFormatterBuilder::toFormatter@11 (line 2431)
                      ; - java.time.format.DateTimeFormatterBuilder::toFormatter@6 (line 2408)
                      ; - java.time.format.DateTimeFormatterBuilder::toFormatter@7 (line 2387)
                      ; - java.time.format.DateTimeFormatter::ofPattern@11 (line 569)
                      ; - core.renderer.DebugGui::beginFrame@43 (line 62)
                      ; - core.renderer.Renderer::beginFrame@42 (line 36)
  0x0000017bcf868818: 4453 85ff 

  0x0000017bcf86881c: ;   {post_call_nop}
  0x0000017bcf86881c: 0f1f 8400 | 1441 00b1 | baf6 ffff | ff49 8beb 

  0x0000017bcf86882c: ;   {runtime_call UncommonTrapBlob}
  0x0000017bcf86882c: c5f8 77e8 

  0x0000017bcf868830: ; ImmutableOopMap {rbp=Oop }
                      ;*invokeinterface toArray {reexecute=0 rethrow=0 return_oop=0}
                      ; - java.time.format.DateTimeFormatterBuilder$CompositePrinterParser::<init>@6 (line 2509)
                      ; - java.time.format.DateTimeFormatterBuilder::toFormatter@34 (line 2434)
                      ; - java.time.format.DateTimeFormatterBuilder::toFormatter@6 (line 2408)
                      ; - java.time.format.DateTimeFormatterBuilder::toFormatter@7 (line 2387)
                      ; - java.time.format.DateTimeFormatter::ofPattern@11 (line 569)
                      ; - core.renderer.DebugGui::beginFrame@43 (line 62)
                      ; - core.renderer.Renderer::beginFrame@42 (line 36)
  0x0000017bcf868830: 2c53 85ff 

  0x0000017bcf868834: ;   {post_call_nop}
  0x0000017bcf868834: 0f1f 8400 | 2c41 00b2 | baf6 ffff | ff49 8be8 

  0x0000017bcf868844: ;   {runtime_call UncommonTrapBlob}
  0x0000017bcf868844: c5f8 77e8 

  0x0000017bcf868848: ; ImmutableOopMap {}
                      ;*invokevirtual checkValidValue {reexecute=0 rethrow=0 return_oop=0}
                      ; - java.time.temporal.ChronoField::checkValidValue@6 (line 721)
                      ; - java.time.LocalTime::ofNanoOfDay@4 (line 410)
                      ; - core.renderer.DebugGui::beginFrame@55 (line 62)
                      ; - core.renderer.Renderer::beginFrame@42 (line 36)
  0x0000017bcf868848: 1453 85ff 

  0x0000017bcf86884c: ;   {post_call_nop}
  0x0000017bcf86884c: 0f1f 8400 | 4441 00b3 | baf6 ffff | ff8b 6c24 | 404c 8b54 | 2450 4c89 | 5424 2890 

  0x0000017bcf868868: ;   {runtime_call UncommonTrapBlob}
  0x0000017bcf868868: c5f8 77e8 

  0x0000017bcf86886c: ; ImmutableOopMap {rbp=NarrowOop [40]=Oop [88]=Oop }
                      ;*invokevirtual format {reexecute=0 rethrow=0 return_oop=0}
                      ; - java.time.format.DateTimeFormatter::formatTo@40 (line 1905)
                      ; - java.time.format.DateTimeFormatter::format@13 (line 1879)
                      ; - core.renderer.DebugGui::beginFrame@58 (line 62)
                      ; - core.renderer.Renderer::beginFrame@42 (line 36)
  0x0000017bcf86886c: f052 85ff 

  0x0000017bcf868870: ;   {post_call_nop}
  0x0000017bcf868870: 0f1f 8400 | 6841 00b4 | baf6 ffff | ff8b 6c24 | 404c 8b54 | 2450 4c89 | 5424 2890 

  0x0000017bcf86888c: ;   {runtime_call UncommonTrapBlob}
  0x0000017bcf86888c: c5f8 77e8 

  0x0000017bcf868890: ; ImmutableOopMap {rbp=NarrowOop [40]=Oop [48]=NarrowOop [88]=Oop }
                      ;*arraylength {reexecute=0 rethrow=0 return_oop=0}
                      ; - java.time.format.DateTimeFormatterBuilder$CompositePrinterParser::format@24 (line 2537)
                      ; - java.time.format.DateTimeFormatter::formatTo@40 (line 1905)
                      ; - java.time.format.DateTimeFormatter::format@13 (line 1879)
                      ; - core.renderer.DebugGui::beginFrame@58 (line 62)
                      ; - core.renderer.Renderer::beginFrame@42 (line 36)
  0x0000017bcf868890: cc52 85ff 

  0x0000017bcf868894: ;   {post_call_nop}
  0x0000017bcf868894: 0f1f 8400 | 8c41 00b5 | baf6 ffff | ff66 6690 

  0x0000017bcf8688a4: ;   {runtime_call UncommonTrapBlob}
  0x0000017bcf8688a4: c5f8 77e8 

  0x0000017bcf8688a8: ; ImmutableOopMap {}
                      ;*arraylength {reexecute=0 rethrow=0 return_oop=0}
                      ; - java.lang.String::length@4 (line 1583)
                      ; - java.lang.StringConcatHelper::stringSize@2 (line 530)
                      ; - java.lang.StringConcatHelper$Concat1::concat0@5 (line 73)
                      ; - java.lang.StringConcatHelper$Concat1::concat@5 (line 126)
                      ; - java.lang.invoke.DirectMethodHandle$Holder::invokeSpecial@11
                      ; - java.lang.invoke.LambdaForm$MH/0x000000008d043000::invoke@21
                      ; - java.lang.invoke.Invokers$Holder::linkToTargetMethod@5
                      ; - core.renderer.DebugGui::beginFrame@61 (line 62)
                      ; - core.renderer.Renderer::beginFrame@42 (line 36)
  0x0000017bcf8688a8: b452 85ff 

  0x0000017bcf8688ac: ;   {post_call_nop}
  0x0000017bcf8688ac: 0f1f 8400 | a441 00b6 | baf6 ffff | ff66 6690 

  0x0000017bcf8688bc: ;   {runtime_call UncommonTrapBlob}
  0x0000017bcf8688bc: c5f8 77e8 

  0x0000017bcf8688c0: ; ImmutableOopMap {}
                      ;*arraylength {reexecute=0 rethrow=0 return_oop=0}
                      ; - java.lang.String::getBytes@21 (line 4797)
                      ; - java.lang.StringConcatHelper$Concat1::concat0@54 (line 78)
                      ; - java.lang.StringConcatHelper$Concat1::concat@5 (line 126)
                      ; - java.lang.invoke.DirectMethodHandle$Holder::invokeSpecial@11
                      ; - java.lang.invoke.LambdaForm$MH/0x000000008d043000::invoke@21
                      ; - java.lang.invoke.Invokers$Holder::linkToTargetMethod@5
                      ; - core.renderer.DebugGui::beginFrame@61 (line 62)
                      ; - core.renderer.Renderer::beginFrame@42 (line 36)
  0x0000017bcf8688c0: 9c52 85ff 

  0x0000017bcf8688c4: ;   {post_call_nop}
  0x0000017bcf8688c4: 0f1f 8400 | bc41 00b7 | baf6 ffff | ff66 6690 

  0x0000017bcf8688d4: ;   {runtime_call UncommonTrapBlob}
  0x0000017bcf8688d4: c5f8 77e8 

  0x0000017bcf8688d8: ; ImmutableOopMap {}
                      ;*arraylength {reexecute=0 rethrow=0 return_oop=0}
                      ; - java.lang.String::length@4 (line 1583)
                      ; - java.lang.StringConcatHelper$Concat1::concat0@71 (line 79)
                      ; - java.lang.StringConcatHelper$Concat1::concat@5 (line 126)
                      ; - java.lang.invoke.DirectMethodHandle$Holder::invokeSpecial@11
                      ; - java.lang.invoke.LambdaForm$MH/0x000000008d043000::invoke@21
                      ; - java.lang.invoke.Invokers$Holder::linkToTargetMethod@5
                      ; - core.renderer.DebugGui::beginFrame@61 (line 62)
                      ; - core.renderer.Renderer::beginFrame@42 (line 36)
  0x0000017bcf8688d8: 8452 85ff 

  0x0000017bcf8688dc: ;   {post_call_nop}
  0x0000017bcf8688dc: 0f1f 8400 | d441 00b8 | baf6 ffff | ff66 6690 

  0x0000017bcf8688ec: ;   {runtime_call UncommonTrapBlob}
  0x0000017bcf8688ec: c5f8 77e8 

  0x0000017bcf8688f0: ; ImmutableOopMap {}
                      ;*getfield parent {reexecute=1 rethrow=0 return_oop=0}
                      ; - (reexecute) java.time.format.DateTimeFormatterBuilder::toFormatter@11 (line 2431)
                      ; - java.time.format.DateTimeFormatterBuilder::toFormatter@6 (line 2408)
                      ; - java.time.format.DateTimeFormatterBuilder::toFormatter@7 (line 2387)
                      ; - java.time.format.DateTimeFormatter::ofPattern@11 (line 569)
                      ; - core.renderer.DebugGui::beginFrame@71 (line 63)
                      ; - core.renderer.Renderer::beginFrame@42 (line 36)
  0x0000017bcf8688f0: 6c52 85ff 

  0x0000017bcf8688f4: ;   {post_call_nop}
  0x0000017bcf8688f4: 0f1f 8400 | ec41 00b9 | baf6 ffff | ff48 8b6c | 2450 6690 

  0x0000017bcf868908: ;   {runtime_call UncommonTrapBlob}
  0x0000017bcf868908: c5f8 77e8 

  0x0000017bcf86890c: ; ImmutableOopMap {rbp=Oop }
                      ;*invokeinterface toArray {reexecute=0 rethrow=0 return_oop=0}
                      ; - java.time.format.DateTimeFormatterBuilder$CompositePrinterParser::<init>@6 (line 2509)
                      ; - java.time.format.DateTimeFormatterBuilder::toFormatter@34 (line 2434)
                      ; - java.time.format.DateTimeFormatterBuilder::toFormatter@6 (line 2408)
                      ; - java.time.format.DateTimeFormatterBuilder::toFormatter@7 (line 2387)
                      ; - java.time.format.DateTimeFormatter::ofPattern@11 (line 569)
                      ; - core.renderer.DebugGui::beginFrame@71 (line 63)
                      ; - core.renderer.Renderer::beginFrame@42 (line 36)
  0x0000017bcf86890c: 5052 85ff 

  0x0000017bcf868910: ;   {post_call_nop}
  0x0000017bcf868910: 0f1f 8400 | 0842 00ba | baf6 ffff | ff49 8be9 

  0x0000017bcf868920: ;   {runtime_call UncommonTrapBlob}
  0x0000017bcf868920: c5f8 77e8 

  0x0000017bcf868924: ; ImmutableOopMap {}
                      ;*invokevirtual checkValidValue {reexecute=0 rethrow=0 return_oop=0}
                      ; - java.time.temporal.ChronoField::checkValidValue@6 (line 721)
                      ; - java.time.LocalTime::ofNanoOfDay@4 (line 410)
                      ; - core.renderer.DebugGui::beginFrame@82 (line 63)
                      ; - core.renderer.Renderer::beginFrame@42 (line 36)
  0x0000017bcf868924: 3852 85ff 

  0x0000017bcf868928: ;   {post_call_nop}
  0x0000017bcf868928: 0f1f 8400 | 2042 00bb | baf6 ffff | ff8b 6c24 | 4066 6690 

  0x0000017bcf86893c: ;   {runtime_call UncommonTrapBlob}
  0x0000017bcf86893c: c5f8 77e8 

  0x0000017bcf868940: ; ImmutableOopMap {rbp=NarrowOop [48]=Oop [72]=Oop }
                      ;*invokevirtual format {reexecute=0 rethrow=0 return_oop=0}
                      ; - java.time.format.DateTimeFormatter::formatTo@40 (line 1905)
                      ; - java.time.format.DateTimeFormatter::format@13 (line 1879)
                      ; - core.renderer.DebugGui::beginFrame@85 (line 63)
                      ; - core.renderer.Renderer::beginFrame@42 (line 36)
  0x0000017bcf868940: 1c52 85ff 

  0x0000017bcf868944: ;   {post_call_nop}
  0x0000017bcf868944: 0f1f 8400 | 3c42 00bc | baf6 ffff | ff8b 6c24 | 4044 8944 | 2430 4c89 | 4c24 3844 | 895c 2434 
  0x0000017bcf868964: ;   {runtime_call UncommonTrapBlob}
  0x0000017bcf868964: c5f8 77e8 

  0x0000017bcf868968: ; ImmutableOopMap {rbp=NarrowOop [48]=NarrowOop [56]=Oop [72]=Oop }
                      ;*arraylength {reexecute=0 rethrow=0 return_oop=0}
                      ; - java.time.format.DateTimeFormatterBuilder$CompositePrinterParser::format@24 (line 2537)
                      ; - java.time.format.DateTimeFormatter::formatTo@40 (line 1905)
                      ; - java.time.format.DateTimeFormatter::format@13 (line 1879)
                      ; - core.renderer.DebugGui::beginFrame@85 (line 63)
                      ; - core.renderer.Renderer::beginFrame@42 (line 36)
  0x0000017bcf868968: f451 85ff 

  0x0000017bcf86896c: ;   {post_call_nop}
  0x0000017bcf86896c: 0f1f 8400 | 6442 00bd | baf6 ffff | ff66 6690 

  0x0000017bcf86897c: ;   {runtime_call UncommonTrapBlob}
  0x0000017bcf86897c: c5f8 77e8 

  0x0000017bcf868980: ; ImmutableOopMap {}
                      ;*arraylength {reexecute=0 rethrow=0 return_oop=0}
                      ; - java.util.Arrays::copyOfRange@6 (line 3842)
                      ; - java.lang.String::<init>@32 (line 4863)
                      ; - java.lang.StringBuilder::toString@16 (line 478)
                      ; - java.time.format.DateTimeFormatter::format@17 (line 1880)
                      ; - core.renderer.DebugGui::beginFrame@58 (line 62)
                      ; - core.renderer.Renderer::beginFrame@42 (line 36)
  0x0000017bcf868980: dc51 85ff 

  0x0000017bcf868984: ;   {post_call_nop}
  0x0000017bcf868984: 0f1f 8400 | 7c42 00be | baf6 ffff | ff66 6690 

  0x0000017bcf868994: ;   {runtime_call UncommonTrapBlob}
  0x0000017bcf868994: c5f8 77e8 

  0x0000017bcf868998: ; ImmutableOopMap {}
                      ;*arraylength {reexecute=0 rethrow=0 return_oop=0}
                      ; - java.util.Arrays::copyOfRange@6 (line 3842)
                      ; - java.lang.String::<init>@32 (line 4863)
                      ; - java.lang.StringBuilder::toString@16 (line 478)
                      ; - java.time.format.DateTimeFormatter::format@17 (line 1880)
                      ; - core.renderer.DebugGui::beginFrame@85 (line 63)
                      ; - core.renderer.Renderer::beginFrame@42 (line 36)
  0x0000017bcf868998: c451 85ff 

  0x0000017bcf86899c: ;   {post_call_nop}
  0x0000017bcf86899c: 0f1f 8400 | 9442 00bf | baf6 ffff | ff66 6690 

  0x0000017bcf8689ac: ;   {runtime_call UncommonTrapBlob}
  0x0000017bcf8689ac: c5f8 77e8 

  0x0000017bcf8689b0: ; ImmutableOopMap {}
                      ;*getfield mouseCursors {reexecute=1 rethrow=0 return_oop=0}
                      ; - (reexecute) imgui.glfw.ImGuiImplGlfw::updateMouseCursor@92 (line 969)
                      ; - imgui.glfw.ImGuiImplGlfw::newFrame@236 (line 1141)
                      ; - core.renderer.DebugGui::beginFrame@4 (line 53)
                      ; - core.renderer.Renderer::beginFrame@42 (line 36)
  0x0000017bcf8689b0: ac51 85ff 

  0x0000017bcf8689b4: ;   {post_call_nop}
  0x0000017bcf8689b4: 0f1f 8400 | ac42 00c0 | baf6 ffff | ff8b 6c24 | 4066 6690 

  0x0000017bcf8689c8: ;   {runtime_call UncommonTrapBlob}
  0x0000017bcf8689c8: c5f8 77e8 

  0x0000017bcf8689cc: ; ImmutableOopMap {}
                      ;*laload {reexecute=0 rethrow=0 return_oop=0}
                      ; - imgui.glfw.ImGuiImplGlfw::updateMouseCursor@96 (line 969)
                      ; - imgui.glfw.ImGuiImplGlfw::newFrame@236 (line 1141)
                      ; - core.renderer.DebugGui::beginFrame@4 (line 53)
                      ; - core.renderer.Renderer::beginFrame@42 (line 36)
  0x0000017bcf8689cc: 9051 85ff 

  0x0000017bcf8689d0: ;   {post_call_nop}
  0x0000017bcf8689d0: 0f1f 8400 | c842 00c1 | baf6 ffff | ff8b ef90 

  0x0000017bcf8689e0: ;   {runtime_call UncommonTrapBlob}
  0x0000017bcf8689e0: c5f8 77e8 

  0x0000017bcf8689e4: ; ImmutableOopMap {}
                      ;*invokestatic copyOf {reexecute=1 rethrow=0 return_oop=0}
                      ; - (reexecute) java.util.ArrayList::toArray@21 (line 401)
                      ; - java.time.format.DateTimeFormatterBuilder$CompositePrinterParser::<init>@6 (line 2509)
                      ; - java.time.format.DateTimeFormatterBuilder::toFormatter@34 (line 2434)
                      ; - java.time.format.DateTimeFormatterBuilder::toFormatter@6 (line 2408)
                      ; - java.time.format.DateTimeFormatterBuilder::toFormatter@7 (line 2387)
                      ; - java.time.format.DateTimeFormatter::ofPattern@11 (line 569)
                      ; - core.renderer.DebugGui::beginFrame@43 (line 62)
                      ; - core.renderer.Renderer::beginFrame@42 (line 36)
  0x0000017bcf8689e4: 7851 85ff 

  0x0000017bcf8689e8: ;   {post_call_nop}
  0x0000017bcf8689e8: 0f1f 8400 | e042 00c2 | baf6 ffff | ff41 8beb 

  0x0000017bcf8689f8: ;   {runtime_call UncommonTrapBlob}
  0x0000017bcf8689f8: c5f8 77e8 

  0x0000017bcf8689fc: ; ImmutableOopMap {}
                      ;*invokestatic copyOf {reexecute=1 rethrow=0 return_oop=0}
                      ; - (reexecute) java.util.ArrayList::toArray@21 (line 401)
                      ; - java.time.format.DateTimeFormatterBuilder$CompositePrinterParser::<init>@6 (line 2509)
                      ; - java.time.format.DateTimeFormatterBuilder::toFormatter@34 (line 2434)
                      ; - java.time.format.DateTimeFormatterBuilder::toFormatter@6 (line 2408)
                      ; - java.time.format.DateTimeFormatterBuilder::toFormatter@7 (line 2387)
                      ; - java.time.format.DateTimeFormatter::ofPattern@11 (line 569)
                      ; - core.renderer.DebugGui::beginFrame@71 (line 63)
                      ; - core.renderer.Renderer::beginFrame@42 (line 36)
  0x0000017bcf8689fc: 6051 85ff 

  0x0000017bcf868a00: ;   {post_call_nop}
  0x0000017bcf868a00: 0f1f 8400 | f842 00c3 | 8b6c 2428 | 894c 2428 | 4889 5424 | 3044 8944 | 2438 4489 | 5424 3c44 
  0x0000017bcf868a20: 8954 2440 | ba45 ffff | ff66 6690 

  0x0000017bcf868a2c: ;   {runtime_call UncommonTrapBlob}
  0x0000017bcf868a2c: c5f8 77e8 

  0x0000017bcf868a30: ; ImmutableOopMap {rbp=NarrowOop [40]=NarrowOop [56]=NarrowOop [60]=NarrowOop [64]=NarrowOop }
                      ;*ifnull {reexecute=1 rethrow=0 return_oop=0}
                      ; - (reexecute) org.lwjgl.system.Checks::checkSafe@1 (line 487)
                      ; - org.lwjgl.glfw.GLFW::glfwGetWindowSize@18 (line 2481)
                      ; - imgui.glfw.ImGuiImplGlfw::newFrame@25 (line 1118)
                      ; - core.renderer.DebugGui::beginFrame@4 (line 53)
                      ; - core.renderer.Renderer::beginFrame@42 (line 36)
  0x0000017bcf868a30: 2c51 85ff 

  0x0000017bcf868a34: ;   {post_call_nop}
  0x0000017bcf868a34: 0f1f 8400 | 2c43 00c4 | 8b6c 2428 | 894c 2428 | 4889 5424 | 3044 8954 | 242c 4489 | 4424 3c44 
  0x0000017bcf868a54: 8944 2440 | ba45 ffff | ff66 6690 

  0x0000017bcf868a60: ;   {runtime_call UncommonTrapBlob}
  0x0000017bcf868a60: c5f8 77e8 

  0x0000017bcf868a64: ; ImmutableOopMap {rbp=NarrowOop [40]=NarrowOop [44]=NarrowOop [60]=NarrowOop [64]=NarrowOop }
                      ;*ifnull {reexecute=1 rethrow=0 return_oop=0}
                      ; - (reexecute) org.lwjgl.system.Checks::checkSafe@1 (line 487)
                      ; - org.lwjgl.glfw.GLFW::glfwGetWindowSize@23 (line 2482)
                      ; - imgui.glfw.ImGuiImplGlfw::newFrame@25 (line 1118)
                      ; - core.renderer.DebugGui::beginFrame@4 (line 53)
                      ; - core.renderer.Renderer::beginFrame@42 (line 36)
  0x0000017bcf868a64: f850 85ff 

  0x0000017bcf868a68: ;   {post_call_nop}
  0x0000017bcf868a68: 0f1f 8400 | 6043 00c5 | 8b6c 2428 | 894c 2428 | 4889 5424 | 3044 8944 | 2438 4489 | 5424 3c44 
  0x0000017bcf868a88: 8954 2440 | ba45 ffff | ff66 6690 

  0x0000017bcf868a94: ;   {runtime_call UncommonTrapBlob}
  0x0000017bcf868a94: c5f8 77e8 

  0x0000017bcf868a98: ; ImmutableOopMap {rbp=NarrowOop [40]=NarrowOop [56]=NarrowOop [60]=NarrowOop [64]=NarrowOop }
                      ;*ifnull {reexecute=1 rethrow=0 return_oop=0}
                      ; - (reexecute) org.lwjgl.system.Checks::checkSafe@1 (line 487)
                      ; - org.lwjgl.glfw.GLFW::glfwGetFramebufferSize@18 (line 2492)
                      ; - imgui.glfw.ImGuiImplGlfw::newFrame@49 (line 1119)
                      ; - core.renderer.DebugGui::beginFrame@4 (line 53)
                      ; - core.renderer.Renderer::beginFrame@42 (line 36)
  0x0000017bcf868a98: c450 85ff 

  0x0000017bcf868a9c: ;   {post_call_nop}
  0x0000017bcf868a9c: 0f1f 8400 | 9443 00c6 | 8b6c 2428 | 894c 2428 | 4889 5424 | 3044 8954 | 242c 4489 | 4424 3c44 
  0x0000017bcf868abc: 8944 2440 | ba45 ffff | ff66 6690 

  0x0000017bcf868ac8: ;   {runtime_call UncommonTrapBlob}
  0x0000017bcf868ac8: c5f8 77e8 

  0x0000017bcf868acc: ; ImmutableOopMap {rbp=NarrowOop [40]=NarrowOop [44]=NarrowOop [60]=NarrowOop [64]=NarrowOop }
                      ;*ifnull {reexecute=1 rethrow=0 return_oop=0}
                      ; - (reexecute) org.lwjgl.system.Checks::checkSafe@1 (line 487)
                      ; - org.lwjgl.glfw.GLFW::glfwGetFramebufferSize@23 (line 2493)
                      ; - imgui.glfw.ImGuiImplGlfw::newFrame@49 (line 1119)
                      ; - core.renderer.DebugGui::beginFrame@4 (line 53)
                      ; - core.renderer.Renderer::beginFrame@42 (line 36)
  0x0000017bcf868acc: 9050 85ff 

  0x0000017bcf868ad0: ;   {post_call_nop}
  0x0000017bcf868ad0: 0f1f 8400 | c843 00c7 | baf6 ffff | ff49 8beb | 897c 2428 

  0x0000017bcf868ae4: ;   {runtime_call UncommonTrapBlob}
  0x0000017bcf868ae4: c5f8 77e8 

  0x0000017bcf868ae8: ; ImmutableOopMap {rbp=Oop }
                      ;*invokestatic arraycopy {reexecute=0 rethrow=0 return_oop=0}
                      ; - java.util.ArrayList::toArray@36 (line 402)
                      ; - java.time.format.DateTimeFormatterBuilder$CompositePrinterParser::<init>@6 (line 2509)
                      ; - java.time.format.DateTimeFormatterBuilder::toFormatter@34 (line 2434)
                      ; - java.time.format.DateTimeFormatterBuilder::toFormatter@6 (line 2408)
                      ; - java.time.format.DateTimeFormatterBuilder::toFormatter@7 (line 2387)
                      ; - java.time.format.DateTimeFormatter::ofPattern@11 (line 569)
                      ; - core.renderer.DebugGui::beginFrame@43 (line 62)
                      ; - core.renderer.Renderer::beginFrame@42 (line 36)
  0x0000017bcf868ae8: 7450 85ff 

  0x0000017bcf868aec: ;   {post_call_nop}
  0x0000017bcf868aec: 0f1f 8400 | e443 00c8 | baf6 ffff | ff48 8b6c | 2450 6690 

  0x0000017bcf868b00: ;   {runtime_call UncommonTrapBlob}
  0x0000017bcf868b00: c5f8 77e8 

  0x0000017bcf868b04: ; ImmutableOopMap {rbp=Oop }
                      ;*invokestatic arraycopy {reexecute=0 rethrow=0 return_oop=0}
                      ; - java.util.ArrayList::toArray@36 (line 402)
                      ; - java.time.format.DateTimeFormatterBuilder$CompositePrinterParser::<init>@6 (line 2509)
                      ; - java.time.format.DateTimeFormatterBuilder::toFormatter@34 (line 2434)
                      ; - java.time.format.DateTimeFormatterBuilder::toFormatter@6 (line 2408)
                      ; - java.time.format.DateTimeFormatterBuilder::toFormatter@7 (line 2387)
                      ; - java.time.format.DateTimeFormatter::ofPattern@11 (line 569)
                      ; - core.renderer.DebugGui::beginFrame@71 (line 63)
                      ; - core.renderer.Renderer::beginFrame@42 (line 36)
  0x0000017bcf868b04: 5850 85ff 

  0x0000017bcf868b08: ;   {post_call_nop}
  0x0000017bcf868b08: 0f1f 8400 | 0044 00c9 | ba8f ffff | ff8b 6c24 | 4066 6690 

  0x0000017bcf868b1c: ;   {runtime_call UncommonTrapBlob}
  0x0000017bcf868b1c: c5f8 77e8 

  0x0000017bcf868b20: ; ImmutableOopMap {rbp=NarrowOop [48]=Oop [68]=NarrowOop }
                      ;*invokevirtual clone {reexecute=1 rethrow=0 return_oop=0}
                      ; - (reexecute) java.util.Arrays::copyOfRange@11 (line 3843)
                      ; - java.lang.String::<init>@32 (line 4863)
                      ; - java.lang.StringBuilder::toString@16 (line 478)
                      ; - java.time.format.DateTimeFormatter::format@17 (line 1880)
                      ; - core.renderer.DebugGui::beginFrame@58 (line 62)
                      ; - core.renderer.Renderer::beginFrame@42 (line 36)
  0x0000017bcf868b20: 3c50 85ff 

  0x0000017bcf868b24: ;   {post_call_nop}
  0x0000017bcf868b24: 0f1f 8400 | 1c44 00ca | ba8f ffff | ff8b 6c24 | 4066 6690 

  0x0000017bcf868b38: ;   {runtime_call UncommonTrapBlob}
  0x0000017bcf868b38: c5f8 77e8 

  0x0000017bcf868b3c: ; ImmutableOopMap {rbp=NarrowOop [40]=NarrowOop }
                      ;*invokevirtual clone {reexecute=1 rethrow=0 return_oop=0}
                      ; - (reexecute) java.util.Arrays::copyOfRange@11 (line 3843)
                      ; - java.lang.String::<init>@32 (line 4863)
                      ; - java.lang.StringBuilder::toString@16 (line 478)
                      ; - java.time.format.DateTimeFormatter::format@17 (line 1880)
                      ; - core.renderer.DebugGui::beginFrame@85 (line 63)
                      ; - core.renderer.Renderer::beginFrame@42 (line 36)
  0x0000017bcf868b3c: 2050 85ff 

  0x0000017bcf868b40: ;   {post_call_nop}
  0x0000017bcf868b40: 0f1f 8400 | 3844 00cb | e9e7 0000 | 00e9 f000 | 0000 e9dd | 0000 00e9 | e600 0000 | 488b d0e9 
  0x0000017bcf868b60: cd01 0000 | 448b 5808 | 41ba 0000 | 008c 4d03 | d34d 8b52 

  0x0000017bcf868b74: ;   {metadata('java/io/IOException')}
  0x0000017bcf868b74: 4849 bb60 | f71d 8c00 | 0000 004d | 3bd3 0f84 | f101 0000 | 488b d0e9 | a101 0000 | 488b d0e9 
  0x0000017bcf868b94: 9901 0000 | 488b d0e9 | 9101 0000 | 488b d0e9 | 8901 0000 | 488b d0e9 | 8101 0000 | 488b d0e9 
  0x0000017bcf868bb4: 7901 0000 | 448b 5808 | 41ba 0000 | 008c 4d03 | d34d 8b52 

  0x0000017bcf868bc8: ;   {metadata('java/io/IOException')}
  0x0000017bcf868bc8: 4849 bb60 | f71d 8c00 | 0000 004d | 3bd3 0f84 | 9801 0000 | 488b d0e9 | 4d01 0000 | 488b d0e9 
  0x0000017bcf868be8: 4501 0000 | 488b d0e9 | 3d01 0000 | 488b d0e9 | 3501 0000 | 488b d0e9 | 2d01 0000 | 488b d0e9 
  0x0000017bcf868c08: 2501 0000 | eb3c eb3a | eb00 488b | d0e9 1701 | 0000 eb00 | 488b d0e9 | 0d01 0000 | eb00 488b 
  0x0000017bcf868c28: d0e9 0301 | 0000 eb04 | eb02 eb00 | 488b d0e9 | f500 0000 | eb04 eb02 | eb00 488b | d0e9 e700 
  0x0000017bcf868c48: 0000 488b | d0e9 df00 | 0000 e9d7 | 0000 00e9 | d200 0000 | e9cd 0000 | 00e9 c800 | 0000 e9c3 
  0x0000017bcf868c68: 0000 00e9 | be00 0000 | e9b9 0000 | 0048 8bd0 | e9b4 0000 | 0048 8bd0 | e9ac 0000 | 0048 8bd0 
  0x0000017bcf868c88: e9a4 0000 | 0044 8b50 | 0841 bb00 | 0000 8c4d | 03da 4d8b 

  0x0000017bcf868c9c: ;   {metadata('java/io/IOException')}
  0x0000017bcf868c9c: 5348 49bb | 60f7 1d8c | 0000 0000 | 4d3b d30f | 84ab 0000 | 0048 8bd0 | eb7b 488b | d0eb 7648 
  0x0000017bcf868cbc: 8bd0 eb71 | 448b 5008 | 41bb 0000 | 008c 4d03 | da4d 8b53 

  0x0000017bcf868cd0: ;   {metadata('java/io/IOException')}
  0x0000017bcf868cd0: 4849 bb60 | f71d 8c00 | 0000 004d | 3bd3 7461 | 488b d0eb | 4c48 8bd0 | eb47 488b | d0eb 4248 
  0x0000017bcf868cf0: 8bd0 eb3d | 488b d0eb | 3848 8bd0 | eb33 488b | d0eb 2e48 | 8bd0 eb29 | 488b d0eb | 24eb 1feb 
  0x0000017bcf868d10: 1deb 1beb | 19eb 17eb | 15eb 13eb | 11eb 0f48 | 8bd0 eb0d | 488b d0eb | 0848 8bd0 | eb03 488b 
  0x0000017bcf868d30: d0c5 f877 | 4881 c490 | 0000 005d 

  0x0000017bcf868d3c: ;   {runtime_call C2 Runtime rethrow}
  0x0000017bcf868d3c: e99f da8e | ff48 8be8 | ba95 ffff | ff66 6690 

  0x0000017bcf868d4c: ;   {runtime_call UncommonTrapBlob}
  0x0000017bcf868d4c: c5f8 77e8 

  0x0000017bcf868d50: ; ImmutableOopMap {rbp=Oop [64]=NarrowOop [80]=Oop }
                      ;*astore_3 {reexecute=0 rethrow=0 return_oop=0}
                      ; - java.time.format.DateTimeFormatter::formatTo@81 (line 1912)
                      ; - java.time.format.DateTimeFormatter::format@13 (line 1879)
                      ; - core.renderer.DebugGui::beginFrame@58 (line 62)
                      ; - core.renderer.Renderer::beginFrame@42 (line 36)
  0x0000017bcf868d50: 0c4e 85ff 

  0x0000017bcf868d54: ;   {post_call_nop}
  0x0000017bcf868d54: 0f1f 8400 | 4c46 00cc | 488b e8ba | 95ff ffff 

  0x0000017bcf868d64: ;   {runtime_call UncommonTrapBlob}
  0x0000017bcf868d64: c5f8 77e8 

  0x0000017bcf868d68: ; ImmutableOopMap {rbp=Oop [64]=NarrowOop [72]=Oop }
                      ;*astore_3 {reexecute=0 rethrow=0 return_oop=0}
                      ; - java.time.format.DateTimeFormatter::formatTo@81 (line 1912)
                      ; - java.time.format.DateTimeFormatter::format@13 (line 1879)
                      ; - core.renderer.DebugGui::beginFrame@85 (line 63)
                      ; - core.renderer.Renderer::beginFrame@42 (line 36)
  0x0000017bcf868d68: f44d 85ff 

  0x0000017bcf868d6c: ;   {post_call_nop}
  0x0000017bcf868d6c: 0f1f 8400 | 6446 00cd | 488b e8eb | cb48 8be8 | ebe1 f083 | 4424 c000 | 4180 3900 | 0f84 d6c3 
  0x0000017bcf868d8c: ffff 41c6 | 0100 4d8b | 5750 4d85 | d20f 8414 | 0000 0049 | 83ea 084d | 8957 504d | 0357 584d 
  0x0000017bcf868dac: 890a e9b1 | c3ff ff48 | 83ec 304c | 8944 2428 | 498b c949 

  0x0000017bcf868dc0: ;   {runtime_call}
  0x0000017bcf868dc0: 8bd7 48b8 | c00f 1cff | fd7f 0000 | ffd0 4c8b | 4424 28c5 | f877 4883 | c430 e985 | c3ff ff45 
  0x0000017bcf868de0: 8b08 49c1 | e103 4983 | f900 0f84 | bac5 ffff | 498b 4f38 | 4885 c90f | 8414 0000 | 0048 83e9 
  0x0000017bcf868e00: 0849 894f | 3849 034f | 404c 8909 | e999 c5ff | ff48 83ec | 404c 8954 | 2438 4c89 | 5c24 304c 
  0x0000017bcf868e20: 8944 2428 | 498b c949 

  0x0000017bcf868e28: ;   {runtime_call}
  0x0000017bcf868e28: 8bd7 48b8 | e00f 1cff | fd7f 0000 | ffd0 4c8b | 4424 284c | 8b5c 2430 | 4c8b 5424 | 38c5 f877 
  0x0000017bcf868e48: 4883 c440 | e959 c5ff | fff0 8344 | 24c0 0080 | 3900 0f84 | 81c5 ffff | c601 004d | 8b4f 504d 
  0x0000017bcf868e68: 85c9 0f84 | 1400 0000 | 4983 e908 | 4d89 4f50 | 4d03 4f58 | 4989 09e9 | 5dc5 ffff | 4883 ec30 
  0x0000017bcf868e88: 4c89 5424 | 2849 8bd7 

  0x0000017bcf868e90: ;   {runtime_call}
  0x0000017bcf868e90: 48b8 c00f | 1cff fd7f | 0000 ffd0 | 4c8b 5424 | 28c5 f877 | 4883 c430 | e934 c5ff | fff0 8344 
  0x0000017bcf868eb0: 24c0 0041 | 803b 000f | 8423 c8ff | ff41 c603 | 004d 8b4f | 504d 85c9 | 0f84 1400 | 0000 4983 
  0x0000017bcf868ed0: e908 4d89 | 4f50 4d03 | 4f58 4d89 | 19e9 fec7 | ffff 4883 | ec30 4c89 | 5424 2848 | 8944 2420 
  0x0000017bcf868ef0: 498b cb49 

  0x0000017bcf868ef4: ;   {runtime_call}
  0x0000017bcf868ef4: 8bd7 48b8 | c00f 1cff | fd7f 0000 | ffd0 488b | 4424 204c | 8b54 2428 | c5f8 7748 | 83c4 30e9 
  0x0000017bcf868f14: c8c7 ffff | 458b 0849 | c1e1 0349 | 83f9 000f | 842b c8ff | ff49 8b4f | 3848 85c9 | 0f84 1400 
  0x0000017bcf868f34: 0000 4883 | e908 4989 | 4f38 4903 | 4f40 4c89 | 09e9 0ac8 | ffff 4883 | ec50 4c89 | 5424 484c 
  0x0000017bcf868f54: 895c 2440 | 4c89 4424 | 3848 897c | 2430 4889 | 4424 2849 | 8bc9 498b 

  0x0000017bcf868f6c: ;   {runtime_call}
  0x0000017bcf868f6c: d748 b8e0 | 0f1c fffd | 7f00 00ff | d048 8b44 | 2428 488b | 7c24 304c | 8b44 2438 | 4c8b 5c24 
  0x0000017bcf868f8c: 404c 8b54 | 2448 c5f8 | 7748 83c4 | 50e9 b6c7 | ffff f083 | 4424 c000 | 8039 000f | 84de c7ff 
  0x0000017bcf868fac: ffc6 0100 | 4d8b 4f50 | 4d85 c90f | 8414 0000 | 0049 83e9 | 084d 894f | 504d 034f | 5849 8909 
  0x0000017bcf868fcc: e9ba c7ff | ff48 83ec | 404c 8954 | 2438 4c89 | 5c24 3048 | 897c 2428 | 4889 4424 | 2049 8bd7 
  0x0000017bcf868fec: ;   {runtime_call}
  0x0000017bcf868fec: 48b8 c00f | 1cff fd7f | 0000 ffd0 | 488b 4424 | 2048 8b7c | 2428 4c8b | 5c24 304c | 8b54 2438 
  0x0000017bcf86900c: c5f8 7748 | 83c4 40e9 | 73c7 ffff | 458b 0249 | c1e0 0349 | 83f8 000f | 8471 c7ff | ff4d 8b5f 
  0x0000017bcf86902c: 384d 85db | 0f84 1400 | 0000 4983 | eb08 4d89 | 5f38 4d03 | 5f40 4d89 | 03e9 50c7 | ffff 4883 
  0x0000017bcf86904c: ec40 4c89 | 5424 3848 | 897c 2430 | 4889 4424 | 2849 8bc8 

  0x0000017bcf869060: ;   {runtime_call}
  0x0000017bcf869060: 498b d748 | b8e0 0f1c | fffd 7f00 | 00ff d048 | 8b44 2428 | 488b 7c24 | 304c 8b54 | 2438 c5f8 
  0x0000017bcf869080: 7748 83c4 | 40e9 10c7 | ffff f083 | 4424 c000 | 4180 3b00 | 0f84 42c7 | ffff 41c6 | 0300 4d8b 
  0x0000017bcf8690a0: 4750 4d85 | c00f 8414 | 0000 0049 | 83e8 084d | 8947 504d | 0347 584d | 8918 e91d | c7ff ff48 
  0x0000017bcf8690c0: 83ec 3048 | 897c 2428 | 498b cb49 

  0x0000017bcf8690cc: ;   {runtime_call}
  0x0000017bcf8690cc: 8bd7 48b8 | c00f 1cff | fd7f 0000 | ffd0 488b | 7c24 28c5 | f877 4883 | c430 e9f1 | c6ff ff45 
  0x0000017bcf8690ec: 8b03 49c1 | e003 4983 | f800 0f84 | 72c9 ffff | 4d8b 5738 | 4d85 d20f | 8414 0000 | 0049 83ea 
  0x0000017bcf86910c: 084d 8957 | 384d 0357 | 404d 8902 | e951 c9ff | ff48 83ec | 304c 895c | 2428 4c89 | 4c24 2049 
  0x0000017bcf86912c: 8bc8 498b 

  0x0000017bcf869130: ;   {runtime_call}
  0x0000017bcf869130: d748 b8e0 | 0f1c fffd | 7f00 00ff | d04c 8b4c | 2420 4c8b | 5c24 28c5 | f877 4883 | c430 e91b 
  0x0000017bcf869150: c9ff fff0 | 8344 24c0 | 0041 803a | 000f 8443 | c9ff ff41 | c602 004d | 8b47 504d | 85c0 0f84 
  0x0000017bcf869170: 1400 0000 | 4983 e808 | 4d89 4750 | 4d03 4758 | 4d89 10e9 | 1ec9 ffff | 4883 ec30 | 4c89 4c24 
  0x0000017bcf869190: 2849 8bca 

  0x0000017bcf869194: ;   {runtime_call}
  0x0000017bcf869194: 498b d748 | b8c0 0f1c | fffd 7f00 | 00ff d04c | 8b4c 2428 | c5f8 7748 | 83c4 30e9 | f2c8 ffff 
  0x0000017bcf8691b4: f083 4424 | c000 4180 | 3b00 0f84 | fecb ffff | 41c6 0300 | 4d8b 5750 | 4d85 d20f | 8414 0000 
  0x0000017bcf8691d4: 0049 83ea | 084d 8957 | 504d 0357 | 584d 891a | e9d9 cbff | ff48 83ec | 304c 8944 | 2428 4889 
  0x0000017bcf8691f4: 4c24 2049 | 8bcb 498b 

  0x0000017bcf8691fc: ;   {runtime_call}
  0x0000017bcf8691fc: d748 b8c0 | 0f1c fffd | 7f00 00ff | d048 8b4c | 2420 4c8b | 4424 28c5 | f877 4883 | c430 e9a3 
  0x0000017bcf86921c: cbff ff45 | 8b18 49c1 | e303 4983 | fb00 0f84 | 1bce ffff | 4d8b 5738 | 4d85 d20f | 8414 0000 
  0x0000017bcf86923c: 0049 83ea | 084d 8957 | 384d 0357 | 404d 891a | e9fa cdff | ff48 83ec | 304c 8944 | 2428 4889 
  0x0000017bcf86925c: 4c24 2049 | 8bcb 498b 

  0x0000017bcf869264: ;   {runtime_call}
  0x0000017bcf869264: d748 b8e0 | 0f1c fffd | 7f00 00ff | d048 8b4c | 2420 4c8b | 4424 28c5 | f877 4883 | c430 e9c4 
  0x0000017bcf869284: cdff fff0 | 8344 24c0 | 0041 803a | 000f 84ec | cdff ff41 | c602 004d | 8b5f 504d | 85db 0f84 
  0x0000017bcf8692a4: 1400 0000 | 4983 eb08 | 4d89 5f50 | 4d03 5f58 | 4d89 13e9 | c7cd ffff | 4883 ec20 | 498b ca49 
  0x0000017bcf8692c4: ;   {runtime_call}
  0x0000017bcf8692c4: 8bd7 48b8 | c00f 1cff | fd7f 0000 | ffd0 c5f8 | 7748 83c4 | 20e9 a5cd | ffff f083 | 4424 c000 
  0x0000017bcf8692e4: 4180 3b00 | 0f84 62d0 | ffff 41c6 | 0300 498b | 7f50 4885 | ff0f 8414 | 0000 0048 | 83ef 0849 
  0x0000017bcf869304: 897f 5049 | 037f 584c | 891f e93d | d0ff ff48 | 83ec 404c | 8954 2438 | 4c89 4424 | 3048 894c 
  0x0000017bcf869324: 2428 4889 | 4424 2049 | 8bcb 498b 

  0x0000017bcf869330: ;   {runtime_call}
  0x0000017bcf869330: d748 b8c0 | 0f1c fffd | 7f00 00ff | d048 8b44 | 2420 488b | 4c24 284c | 8b44 2430 | 4c8b 5424 
  0x0000017bcf869350: 38c5 f877 | 4883 c440 | e9f3 cfff | ff8b 0b48 | c1e1 0348 | 83f9 000f | 8466 d0ff | ff4d 8b47 
  0x0000017bcf869370: 384d 85c0 | 0f84 1400 | 0000 4983 | e808 4d89 | 4738 4d03 | 4740 4989 | 08e9 45d0 | ffff 4883 
  0x0000017bcf869390: ec50 4c89 | 5424 484c | 895c 2440 | 4c89 4c24 | 3848 897c | 2430 4889 | 4424 2849 

  0x0000017bcf8693ac: ;   {runtime_call}
  0x0000017bcf8693ac: 8bd7 48b8 | e00f 1cff | fd7f 0000 | ffd0 488b | 4424 2848 | 8b7c 2430 | 4c8b 4c24 | 384c 8b5c 
  0x0000017bcf8693cc: 2440 4c8b | 5424 48c5 | f877 4883 | c450 e9f4 | cfff fff0 | 8344 24c0 | 0041 8038 | 000f 841b 
  0x0000017bcf8693ec: d0ff ff41 | c600 0049 | 8b4f 5048 | 85c9 0f84 | 1400 0000 | 4883 e908 | 4989 4f50 | 4903 4f58 
  0x0000017bcf86940c: 4c89 01e9 | f6cf ffff | 4883 ec50 | 4c89 5424 | 484c 895c | 2440 4c89 | 4c24 3848 | 897c 2430 
  0x0000017bcf86942c: 4889 4424 | 2849 8bc8 

  0x0000017bcf869434: ;   {runtime_call}
  0x0000017bcf869434: 498b d748 | b8c0 0f1c | fffd 7f00 | 00ff d048 | 8b44 2428 | 488b 7c24 | 304c 8b4c | 2438 4c8b 
  0x0000017bcf869454: 5c24 404c | 8b54 2448 | c5f8 7748 | 83c4 50e9 | a2cf ffff | 458b 1349 | c1e2 0349 | 83fa 000f 
  0x0000017bcf869474: 84a0 cfff | ff4d 8b47 | 384d 85c0 | 0f84 1400 | 0000 4983 | e808 4d89 | 4738 4d03 | 4740 4d89 
  0x0000017bcf869494: 10e9 7fcf | ffff 4883 | ec40 4c89 | 5c24 384c | 894c 2430 | 4889 7c24 | 2848 8944 | 2420 498b 
  0x0000017bcf8694b4: ca49 8bd7 

  0x0000017bcf8694b8: ;   {runtime_call}
  0x0000017bcf8694b8: 48b8 e00f | 1cff fd7f | 0000 ffd0 | 488b 4424 | 2048 8b7c | 2428 4c8b | 4c24 304c | 8b5c 2438 
  0x0000017bcf8694d8: c5f8 7748 | 83c4 40e9 | 35cf ffff | f083 4424 | c000 4180 | 3800 0f84 | 67cf ffff | 41c6 0000 
  0x0000017bcf8694f8: 4d8b 5750 | 4d85 d20f | 8414 0000 | 0049 83ea | 084d 8957 | 504d 0357 | 584d 8902 | e942 cfff 
  0x0000017bcf869518: ff48 83ec | 304c 894c | 2428 4889 | 7c24 2049 | 8bc8 498b 

  0x0000017bcf86952c: ;   {runtime_call}
  0x0000017bcf86952c: d748 b8c0 | 0f1c fffd | 7f00 00ff | d048 8b7c | 2420 4c8b | 4c24 28c5 | f877 4883 | c430 e90c 
  0x0000017bcf86954c: ;   {internal_word}
  0x0000017bcf86954c: cfff ff49 | ba37 6886 | cf7b 0100 | 004d 8997 | e004 0000 

  0x0000017bcf869560: ;   {runtime_call SafepointBlob}
  0x0000017bcf869560: e9fb 8c77 | ff48 83ec | 08c5 fb11 

  0x0000017bcf86956c: ;   {runtime_call Stub::d2l_fixup}
  0x0000017bcf86956c: 0424 e886 | 8072 ff41 | 59e9 b8cb | ffff 4883 | ec08 c5fb 

  0x0000017bcf869580: ;   {runtime_call Stub::d2l_fixup}
  0x0000017bcf869580: 1104 24e8 | 7180 72ff | 4158 e9f0 

  0x0000017bcf86958c: ;   {runtime_call Stub::method_entry_barrier}
  0x0000017bcf86958c: beff ffe8 | 4cd0 75ff | e9b5 b2ff | fff4 f4f4 | f4f4 f4f4 
[Stub Code]
  0x0000017bcf8695a0: ;   {static_stub}
  0x0000017bcf8695a0: 48bb 0000 | 0000 0000 

  0x0000017bcf8695a8: ;   {runtime_call nmethod}
  0x0000017bcf8695a8: 0000 e9fb 

  0x0000017bcf8695ac: ;   {static_stub}
  0x0000017bcf8695ac: ffff ff48 | bb00 0000 | 0000 0000 

  0x0000017bcf8695b8: ;   {runtime_call nmethod}
  0x0000017bcf8695b8: 00e9 fbff 

  0x0000017bcf8695bc: ;   {static_stub}
  0x0000017bcf8695bc: ffff 48bb | 0000 0000 | 0000 0000 

  0x0000017bcf8695c8: ;   {runtime_call nmethod}
  0x0000017bcf8695c8: e9fb ffff 

  0x0000017bcf8695cc: ;   {static_stub}
  0x0000017bcf8695cc: ff48 bb00 | 0000 0000 

  0x0000017bcf8695d4: ;   {runtime_call nmethod}
  0x0000017bcf8695d4: 0000 00e9 | fbff ffff 

  0x0000017bcf8695dc: ;   {static_stub}
  0x0000017bcf8695dc: 48bb 0000 | 0000 0000 

  0x0000017bcf8695e4: ;   {runtime_call nmethod}
  0x0000017bcf8695e4: 0000 e9fb 

  0x0000017bcf8695e8: ;   {static_stub}
  0x0000017bcf8695e8: ffff ff48 | bb00 0000 | 0000 0000 

  0x0000017bcf8695f4: ;   {runtime_call nmethod}
  0x0000017bcf8695f4: 00e9 fbff 

  0x0000017bcf8695f8: ;   {static_stub}
  0x0000017bcf8695f8: ffff 48bb | 0000 0000 | 0000 0000 

  0x0000017bcf869604: ;   {runtime_call nmethod}
  0x0000017bcf869604: e9fb ffff 

  0x0000017bcf869608: ;   {static_stub}
  0x0000017bcf869608: ff48 bb00 | 0000 0000 

  0x0000017bcf869610: ;   {runtime_call nmethod}
  0x0000017bcf869610: 0000 00e9 | fbff ffff 

  0x0000017bcf869618: ;   {static_stub}
  0x0000017bcf869618: 48bb 0000 | 0000 0000 

  0x0000017bcf869620: ;   {runtime_call nmethod}
  0x0000017bcf869620: 0000 e9fb 

  0x0000017bcf869624: ;   {static_stub}
  0x0000017bcf869624: ffff ff48 | bb00 0000 | 0000 0000 

  0x0000017bcf869630: ;   {runtime_call nmethod}
  0x0000017bcf869630: 00e9 fbff 

  0x0000017bcf869634: ;   {static_stub}
  0x0000017bcf869634: ffff 48bb | 0000 0000 | 0000 0000 

  0x0000017bcf869640: ;   {runtime_call nmethod}
  0x0000017bcf869640: e9fb ffff 

  0x0000017bcf869644: ;   {static_stub}
  0x0000017bcf869644: ff48 bb00 | 0000 0000 

  0x0000017bcf86964c: ;   {runtime_call nmethod}
  0x0000017bcf86964c: 0000 00e9 | fbff ffff 

  0x0000017bcf869654: ;   {static_stub}
  0x0000017bcf869654: 48bb 0000 | 0000 0000 

  0x0000017bcf86965c: ;   {runtime_call nmethod}
  0x0000017bcf86965c: 0000 e9fb 

  0x0000017bcf869660: ;   {static_stub}
  0x0000017bcf869660: ffff ff48 | bb00 0000 | 0000 0000 

  0x0000017bcf86966c: ;   {runtime_call nmethod}
  0x0000017bcf86966c: 00e9 fbff 

  0x0000017bcf869670: ;   {static_stub}
  0x0000017bcf869670: ffff 48bb | 0000 0000 | 0000 0000 

  0x0000017bcf86967c: ;   {runtime_call nmethod}
  0x0000017bcf86967c: e9fb ffff 

  0x0000017bcf869680: ;   {static_stub}
  0x0000017bcf869680: ff48 bb00 | 0000 0000 

  0x0000017bcf869688: ;   {runtime_call nmethod}
  0x0000017bcf869688: 0000 00e9 | fbff ffff 

  0x0000017bcf869690: ;   {static_stub}
  0x0000017bcf869690: 48bb 0000 | 0000 0000 

  0x0000017bcf869698: ;   {runtime_call nmethod}
  0x0000017bcf869698: 0000 e9fb 

  0x0000017bcf86969c: ;   {static_stub}
  0x0000017bcf86969c: ffff ff48 | bb00 0000 | 0000 0000 

  0x0000017bcf8696a8: ;   {runtime_call nmethod}
  0x0000017bcf8696a8: 00e9 fbff 

  0x0000017bcf8696ac: ;   {static_stub}
  0x0000017bcf8696ac: ffff 48bb | 0000 0000 | 0000 0000 

  0x0000017bcf8696b8: ;   {runtime_call nmethod}
  0x0000017bcf8696b8: e9fb ffff 

  0x0000017bcf8696bc: ;   {static_stub}
  0x0000017bcf8696bc: ff48 bb00 | 0000 0000 

  0x0000017bcf8696c4: ;   {runtime_call nmethod}
  0x0000017bcf8696c4: 0000 00e9 | fbff ffff 

  0x0000017bcf8696cc: ;   {static_stub}
  0x0000017bcf8696cc: 48bb 0000 | 0000 0000 

  0x0000017bcf8696d4: ;   {runtime_call nmethod}
  0x0000017bcf8696d4: 0000 e9fb 

  0x0000017bcf8696d8: ;   {static_stub}
  0x0000017bcf8696d8: ffff ff48 | bb00 0000 | 0000 0000 

  0x0000017bcf8696e4: ;   {runtime_call nmethod}
  0x0000017bcf8696e4: 00e9 fbff 

  0x0000017bcf8696e8: ;   {static_stub}
  0x0000017bcf8696e8: ffff 48bb | 0000 0000 | 0000 0000 

  0x0000017bcf8696f4: ;   {runtime_call nmethod}
  0x0000017bcf8696f4: e9fb ffff 

  0x0000017bcf8696f8: ;   {static_stub}
  0x0000017bcf8696f8: ff48 bb00 | 0000 0000 

  0x0000017bcf869700: ;   {runtime_call nmethod}
  0x0000017bcf869700: 0000 00e9 | fbff ffff 

  0x0000017bcf869708: ;   {static_stub}
  0x0000017bcf869708: 48bb 0000 | 0000 0000 

  0x0000017bcf869710: ;   {runtime_call nmethod}
  0x0000017bcf869710: 0000 e9fb 

  0x0000017bcf869714: ;   {static_stub}
  0x0000017bcf869714: ffff ff48 | bb00 0000 | 0000 0000 

  0x0000017bcf869720: ;   {runtime_call nmethod}
  0x0000017bcf869720: 00e9 fbff 

  0x0000017bcf869724: ;   {static_stub}
  0x0000017bcf869724: ffff 48bb | 0000 0000 | 0000 0000 

  0x0000017bcf869730: ;   {runtime_call nmethod}
  0x0000017bcf869730: e9fb ffff 

  0x0000017bcf869734: ;   {static_stub}
  0x0000017bcf869734: ff48 bb00 | 0000 0000 

  0x0000017bcf86973c: ;   {runtime_call nmethod}
  0x0000017bcf86973c: 0000 00e9 | fbff ffff 

  0x0000017bcf869744: ;   {static_stub}
  0x0000017bcf869744: 48bb 0000 | 0000 0000 

  0x0000017bcf86974c: ;   {runtime_call nmethod}
  0x0000017bcf86974c: 0000 e9fb 

  0x0000017bcf869750: ;   {static_stub}
  0x0000017bcf869750: ffff ff48 | bb00 0000 | 0000 0000 

  0x0000017bcf86975c: ;   {runtime_call nmethod}
  0x0000017bcf86975c: 00e9 fbff 

  0x0000017bcf869760: ;   {static_stub}
  0x0000017bcf869760: ffff 48bb | 0000 0000 | 0000 0000 

  0x0000017bcf86976c: ;   {runtime_call nmethod}
  0x0000017bcf86976c: e9fb ffff 

  0x0000017bcf869770: ;   {static_stub}
  0x0000017bcf869770: ff48 bb00 | 0000 0000 

  0x0000017bcf869778: ;   {runtime_call nmethod}
  0x0000017bcf869778: 0000 00e9 | fbff ffff 
[Exception Handler]
  0x0000017bcf869780: ;   {runtime_call ExceptionBlob}
  0x0000017bcf869780: e9db 4685 | ffe8 0000 | 0000 4883 

  0x0000017bcf86978c: ;   {runtime_call DeoptimizationBlob}
  0x0000017bcf86978c: 2c24 05e9 | 4c72 77ff | f4f4 f4f4 
[/MachCode]


Compiled method (c2) 81253 3928 %     4       core.Engine::loop @ 108 (245 bytes)
 total in heap  [0x0000017bcf85b408,0x0000017bcf85c250] = 3656
 constants      [0x0000017bcf85b500,0x0000017bcf85b520] = 32
 main code      [0x0000017bcf85b520,0x0000017bcf85c098] = 2936
 stub code      [0x0000017bcf85c098,0x0000017bcf85c158] = 192
 oops           [0x0000017bcf85c158,0x0000017bcf85c250] = 248
 mutable data [0x0000017bee78e8f0,0x0000017bee78edf8] = 1288
 relocation     [0x0000017bee78e8f0,0x0000017bee78eac0] = 464
 metadata       [0x0000017bee78eac0,0x0000017bee78edf8] = 824
 immutable data [0x0000017be4bae220,0x0000017be4baee40] = 3104
 dependencies   [0x0000017be4bae220,0x0000017be4bae310] = 240
 nul chk table  [0x0000017be4bae310,0x0000017be4bae388] = 120
 handler table  [0x0000017be4bae388,0x0000017be4bae490] = 264
 scopes pcs     [0x0000017be4bae490,0x0000017be4bae7c0] = 816
 scopes data    [0x0000017be4bae7c0,0x0000017be4baee40] = 1664


[Constant Pool]
             Address          hex4                    hex8      
  0x0000017bcf85b500:   0x3f800000      0x3e8000003f800000      
  0x0000017bcf85b504:   0x3e800000                              
  0x0000017bcf85b508:   0x447a0000      0xf4f4f4f4447a0000      
  0x0000017bcf85b50c:   0xf4f4f4f4                              
  0x0000017bcf85b510:   0xf4f4f4f4      0xf4f4f4f4f4f4f4f4      
  0x0000017bcf85b514:   0xf4f4f4f4                              
  0x0000017bcf85b518:   0xf4f4f4f4      0xf4f4f4f4f4f4f4f4      
  0x0000017bcf85b51c:   0xf4f4f4f4                              

[MachCode]
[Verified Entry Point]
  # {method} {0x0000017be0423908} 'loop' '()V' in 'core/Engine'
  0x0000017bcf85b520: ;   {other}
  0x0000017bcf85b520: cc66 6666 | 0f1f 8400 | 0000 0000 | 6666 6690 | 8984 2400 | 80ff ff55 | 4883 ec70 | 4181 7f20 
  0x0000017bcf85b540: 0100 0000 | 0f85 420b | 0000 488b | 7a48 c5fb | 1042 38c5 | fb11 4424 | 20c5 fa10 | 4a30 c5fa 
  0x0000017bcf85b560: 114c 2428 | 488b 5a10 | 8b6a 0848 

  0x0000017bcf85b56c: ;   {runtime_call}
  0x0000017bcf85b56c: 8bca 49ba | 904d 24ff | fd7f 0000 

  0x0000017bcf85b578: ;   {post_call_nop}
  0x0000017bcf85b578: 41ff d20f | 1f84 0000 | 0000 0044 

  0x0000017bcf85b584: ;   {metadata('core/Engine')}
  0x0000017bcf85b584: 8b57 0841 | 81fa 0064 | 0401 0f85 | 1009 0000 | 4889 7c24 

  0x0000017bcf85b598: ;   {oop([Z{0x000000070a805138})}
  0x0000017bcf85b598: 3049 ba38 | 5180 0a07 

  0x0000017bcf85b5a0: ;   {oop([Z{0x000000070a805138})}
  0x0000017bcf85b5a0: 0000 0049 | bb38 5180 | 0a07 0000 | 0049 83c3 | 104c 895c 

  0x0000017bcf85b5b4: ;   {oop([Z{0x000000070a804fc8})}
  0x0000017bcf85b5b4: 2438 49ba | c84f 800a | 0700 0000 

  0x0000017bcf85b5c0: ;   {oop([Z{0x000000070a804fc8})}
  0x0000017bcf85b5c0: 49bb c84f | 800a 0700 | 0000 4983 | c310 4c89 | 5c24 40e9 | 1b02 0000 | 488b 4c24 | 3833 d241 
  0x0000017bcf85b5e0: b85d 0100 

  0x0000017bcf85b5e4: ;   {runtime_call Stub::arrayof_jbyte_fill}
  0x0000017bcf85b5e4: 0049 ba80 | 5dfc ce7b | 0100 0041 

  0x0000017bcf85b5f0: ;   {post_call_nop}
  0x0000017bcf85b5f0: ffd2 0f1f | 8400 0000 | 0000 488b | 4c24 4033 | d241 b85d 

  0x0000017bcf85b604: ;   {runtime_call Stub::arrayof_jbyte_fill}
  0x0000017bcf85b604: 0100 0049 | ba80 5dfc | ce7b 0100 | 0041 ffd2 

  0x0000017bcf85b614: ;   {post_call_nop}
  0x0000017bcf85b614: 0f1f 8400 | 0000 0000 

  0x0000017bcf85b61c: ;   {oop(a 'java/lang/Class'{0x0000000704651ad0} = 'input/Input')}
  0x0000017bcf85b61c: 49ba d01a | 6504 0700 | 0000 4d89 | a2b8 0000 

  0x0000017bcf85b62c: ;   {oop([Z{0x000000070a8052a8})}
  0x0000017bcf85b62c: 0049 baa8 | 5280 0a07 | 0000 004d 

  0x0000017bcf85b638: ;   {oop(a 'java/lang/Class'{0x0000000704651ad0} = 'input/Input')}
  0x0000017bcf85b638: 8962 1049 | bad0 1a65 | 0407 0000 | 004d 89a2 | d000 0000 

  0x0000017bcf85b64c: ;   {oop([Z{0x000000070a8052c0})}
  0x0000017bcf85b64c: 49ba c052 | 800a 0700 | 0000 4d89 

  0x0000017bcf85b658: ;   {oop(a 'java/lang/Class'{0x0000000704651ad0} = 'input/Input')}
  0x0000017bcf85b658: 6210 49ba | d01a 6504 | 0700 0000 | 4d89 a2c8 | 0000 004d | 89a2 c000 | 0000 48ba | 607c 8b6b 
  0x0000017bcf85b678: fe7f 0000 

  0x0000017bcf85b67c: ;   {oop(a 'jdk/internal/foreign/abi/NativeEntryPoint'{0x000000070a8052d8})}
  0x0000017bcf85b67c: 49b8 d852 | 800a 0700 

  0x0000017bcf85b684: ;   {oop([Z{0x000000070a804fc8})}
  0x0000017bcf85b684: 0000 48bd | c84f 800a | 0700 0000 

  0x0000017bcf85b690: ;   {oop([Z{0x000000070a805138})}
  0x0000017bcf85b690: 49ba 3851 | 800a 0700 | 0000 4c89 

  0x0000017bcf85b69c: ;   {static_call}
  0x0000017bcf85b69c: 5424 48e8 

  0x0000017bcf85b6a0: ; ImmutableOopMap {rbp=Oop [64]=Derived_oop_rbp [48]=Oop [72]=Oop [56]=Derived_oop_[72] }
                      ;*invokestatic linkToNative {reexecute=0 rethrow=0 return_oop=0}
                      ; - java.lang.invoke.LambdaForm$MH/0x000000008d1db800::invoke@11
                      ; - java.lang.invoke.LambdaForm$MH/0x000000008d1d7c00::invokeExact_MT@19
                      ; - jdk.internal.foreign.abi.DowncallStub/0x000000008d1d6000::invoke@39
                      ; - java.lang.invoke.LambdaForm$DMH/0x000000008d042800::invokeStatic@11
                      ; - java.lang.invoke.LambdaForm$MH/0x000000008d1db400::invoke@40
                      ; - java.lang.invoke.LambdaForm$MH/0x000000008d1d7400::invokeExact_MT@19
                      ; - org.lwjgl.system.JNIBindingsImpl/0x000000008d098000::invokeV@4
                      ; - org.lwjgl.system.JNI::invokeV@7 (line 1718)
                      ; - org.lwjgl.glfw.GLFW::glfwPollEvents@5 (line 1600)
                      ; - core.Engine::loop@238 (line 75)
  0x0000017bcf85b6a0: dcd5 f8ff 

  0x0000017bcf85b6a4: ;   {post_call_nop}
  0x0000017bcf85b6a4: 0f1f 8400 | 9c02 0000 | 4c8b 5424 | 3045 8b52 | 0c4f 8b44 | d410 4d85 | c00f 84dd | 0600 0048 
  0x0000017bcf85b6c4: ba00 888b | 6bfe 7f00 

  0x0000017bcf85b6cc: ;   {oop(a 'jdk/internal/foreign/abi/NativeEntryPoint'{0x000000070a8052f0})}
  0x0000017bcf85b6cc: 0049 b9f0 | 5280 0a07 

  0x0000017bcf85b6d4: ;   {static_call}
  0x0000017bcf85b6d4: 0000 00e8 

  0x0000017bcf85b6d8: ; ImmutableOopMap {rbp=Oop [64]=Derived_oop_rbp [48]=Oop [72]=Oop [56]=Derived_oop_[72] }
                      ;*invokestatic linkToNative {reexecute=0 rethrow=0 return_oop=0}
                      ; - java.lang.invoke.LambdaForm$MH/0x000000008d1da000::invoke@14
                      ; - java.lang.invoke.LambdaForm$MH/0x000000008d19d000::invokeExact_MT@21
                      ; - jdk.internal.foreign.abi.DowncallStub/0x000000008d19ac00::invoke@46
                      ; - java.lang.invoke.LambdaForm$DMH/0x000000008d085800::invokeStatic@14
                      ; - java.lang.invoke.LambdaForm$MH/0x000000008d1d9c00::invoke@45
                      ; - java.lang.invoke.LambdaForm$MH/0x000000008d19c800::invokeExact_MT@21
                      ; - org.lwjgl.system.JNIBindingsImpl/0x000000008d098000::invokePI@5
                      ; - org.lwjgl.system.JNI::invokePI@8 (line 1405)
                      ; - org.lwjgl.glfw.GLFW::glfwWindowShouldClose@17 (line 1049)
                      ; - core.Window::shouldClose@15 (line 141)
                      ; - core.Engine::loop@10 (line 36)
  0x0000017bcf85b6d8: 24f1 f5ff 

  0x0000017bcf85b6dc: ;   {post_call_nop}
  0x0000017bcf85b6dc: 0f1f 8400 | d402 0001 | 85c0 0f85 | dc06 0000 | 48ba 1046 | 8b6b fe7f 

  0x0000017bcf85b6f4: ;   {oop(a 'jdk/internal/foreign/abi/NativeEntryPoint'{0x000000070a805308})}
  0x0000017bcf85b6f4: 0000 49b8 | 0853 800a | 0700 0000 

  0x0000017bcf85b700: ;   {static_call}
  0x0000017bcf85b700: 6666 90e8 

  0x0000017bcf85b704: ; ImmutableOopMap {rbp=Oop [64]=Derived_oop_rbp [48]=Oop [72]=Oop [56]=Derived_oop_[72] }
                      ;*invokestatic linkToNative {reexecute=0 rethrow=0 return_oop=0}
                      ; - java.lang.invoke.LambdaForm$MH/0x000000008d1d9000::invoke@11
                      ; - java.lang.invoke.LambdaForm$MH/0x000000008d1c2800::invokeExact_MT@19
                      ; - jdk.internal.foreign.abi.DowncallStub/0x000000008d1c0000::invoke@39
                      ; - java.lang.invoke.LambdaForm$DMH/0x000000008d1c0400::invokeStatic@11
                      ; - java.lang.invoke.LambdaForm$MH/0x000000008d1d8c00::invoke@40
                      ; - java.lang.invoke.LambdaForm$MH/0x000000008d1c2000::invokeExact_MT@19
                      ; - org.lwjgl.system.JNIBindingsImpl/0x000000008d098000::invokeD@4
                      ; - org.lwjgl.system.JNI::invokeD@7 (line 1377)
                      ; - org.lwjgl.glfw.GLFW::glfwGetTime@5 (line 2283)
                      ; - core.Engine::loop@16 (line 37)
  0x0000017bcf85b704: f813 f8ff 

  0x0000017bcf85b708: ;   {post_call_nop}
  0x0000017bcf85b708: 0f1f 8400 | 0003 0002 | c5fb 5c4c | 2420 c5f3 

  0x0000017bcf85b718: ;   {section_word}
  0x0000017bcf85b718: 5ac9 c5f8 | 2e0d e2fd | ffff 0f87 | bc06 0000 

  0x0000017bcf85b728: ;   {oop(a 'java/lang/Class'{0x000000070a805320} = 'core/Time')}
  0x0000017bcf85b728: 49ba 2053 | 800a 0700 | 0000 458b | 9288 0000 | 0045 85d2 | 0f8e 1904 | 0000 c5e9 | efd2 c4c1 
  0x0000017bcf85b748: ;   {section_word}
  0x0000017bcf85b748: 6a2a d2c5 | fa10 25b5 | fdff ffc5 

  0x0000017bcf85b754: ;   {oop(a 'java/lang/Class'{0x000000070a805320} = 'core/Time')}
  0x0000017bcf85b754: da5e da49 | ba20 5380 | 0a07 0000 | 00c4 c172 | 5892 9400 | 0000 c4c1 | 7a11 9294 | 0000 0045 
  0x0000017bcf85b774: 8b9a 9000 | 0000 41ff | c345 899a | 9000 0000 

  0x0000017bcf85b784: ;   {section_word}
  0x0000017bcf85b784: c5f8 2e15 | 74fd ffff | 0f83 1b04 | 0000 c4c1 | 7a11 8a80 | 0000 00c4 | c17a 119a | 8c00 0000 
  0x0000017bcf85b7a4: c4c1 7a10 | 9a84 0000 | 00c5 f258 | 5424 28c5 | f25a c9c4 | c173 584a | 78c4 c17b | 114a 78c5 
  0x0000017bcf85b7c4: f82e d30f | 839b 0300 

  0x0000017bcf85b7cc: ;   {oop(a 'java/util/ArrayList'{0x0000000704400430})}
  0x0000017bcf85b7cc: 0049 ba30 | 0440 0407 | 0000 0041 | 8b6a 10ff | cdc5 fa11 | 5424 28c5 | fb11 4424 

  0x0000017bcf85b7e8: ;   {oop(a 'java/util/ArrayList'{0x0000000704400430})}
  0x0000017bcf85b7e8: 2048 bb30 | 0440 0407 | 0000 0085 | ed0f 8c19 | 0100 0044 

  0x0000017bcf85b7fc: ;   {metadata('java/util/ArrayList')}
  0x0000017bcf85b7fc: 8b5b 0841 | 81fb 50d4 | 2100 0f85 | 1405 0000 | 4c8b db45 | 8b53 1045 | 85d2 0f8c | 2805 0000 
  0x0000017bcf85b81c: 413b ea0f | 839b 0400 | 0045 8b53 | 1444 8bdd 

  0x0000017bcf85b82c: ; implicit exception: dispatches to 0x0000017bcf85c038
  0x0000017bcf85b82c: 478b 4cd4 | 0c49 c1e2 | 0345 3bd9 | 0f83 b204 | 0000 478b | 449a 1047 | 8b4c c408 | 4f8d 14c4 
  0x0000017bcf85b84c: ;   {metadata('core/Window')}
  0x0000017bcf85b84c: 4181 f920 | 6604 010f | 8567 0600 | 004c 8b44 | 2430 458b | 400c 498b | c848 c1e1 | 034c 3bd1 
  0x0000017bcf85b86c: 0f85 b605 | 0000 41ff | cb66 6666 | 0f1f 8400 | 0000 0000 | 4585 db0f | 8c8b 0000 | 0044 8b4b 
  0x0000017bcf85b88c: ;   {metadata('java/util/ArrayList')}
  0x0000017bcf85b88c: 0841 81f9 | 50d4 2100 | 0f85 8904 | 0000 488b | d344 8b52 | 1045 85d2 | 0f8c 9d04 | 0000 453b 
  0x0000017bcf85b8ac: da0f 8310 | 0400 0044 | 8b52 1441 | 8bfb 478b | 4cd4 0c49 | c1e2 0341 | 3bf9 0f83 | 2a04 0000 
  0x0000017bcf85b8cc: 458b 54ba | 1047 8b5c | d408 49c1 

  0x0000017bcf85b8d8: ;   {metadata('core/Window')}
  0x0000017bcf85b8d8: e203 4181 | fb20 6604 | 010f 85dc | 0500 004c | 3bd1 0f85 | 3b05 0000 | 4d8b 5730 | 448d 5fff 
  0x0000017bcf85b8f8: ;   {oop([Z{0x000000070a805138})}
  0x0000017bcf85b8f8: 49b9 3851 | 800a 0700 

  0x0000017bcf85b900: ;   {oop([Z{0x000000070a804fc8})}
  0x0000017bcf85b900: 0000 48bf | c84f 800a 

  0x0000017bcf85b908: ; ImmutableOopMap {r8=NarrowOop r9=Oop [56]=Derived_oop_r9 rcx=Oop rbx=Oop rdi=Oop [64]=Derived_oop_rdi rdx=Oop [48]=Oop }
                      ;*goto {reexecute=1 rethrow=0 return_oop=0}
                      ; - (reexecute) core.Engine::loop@155 (line 59)
  0x0000017bcf85b908: 0700 0000 

  0x0000017bcf85b90c: ;   {poll}
  0x0000017bcf85b90c: 4185 02e9 | 6cff ffff 

  0x0000017bcf85b914: ;   {oop([Z{0x000000070a804fc8})}
  0x0000017bcf85b914: 48bd c84f | 800a 0700 

  0x0000017bcf85b91c: ;   {oop([Z{0x000000070a805138})}
  0x0000017bcf85b91c: 0000 49ba | 3851 800a | 0700 0000 | 4c89 5424 

  0x0000017bcf85b92c: ;   {static_call}
  0x0000017bcf85b92c: 4866 90e8 

  0x0000017bcf85b930: ; ImmutableOopMap {rbp=Oop [64]=Derived_oop_rbp [48]=Oop [72]=Oop [56]=Derived_oop_[72] }
                      ;*invokestatic update {reexecute=0 rethrow=0 return_oop=0}
                      ; - core.Engine::loop@158 (line 64)
  0x0000017bcf85b930: cc6a feff 

  0x0000017bcf85b934: ;   {post_call_nop}
  0x0000017bcf85b934: 0f1f 8400 | 2c05 0004 | 4c8b 5424 | 3045 8b5a | 1447 8b54 

  0x0000017bcf85b948: ;   {metadata('editor/Editor')}
  0x0000017bcf85b948: dc08 4181 | fa08 4a04 | 010f 8501 | 0300 004b 

  0x0000017bcf85b958: ;   {optimized virtual_call}
  0x0000017bcf85b958: 8d14 dce8 

  0x0000017bcf85b95c: ; ImmutableOopMap {rbp=Oop [64]=Derived_oop_rbp [48]=Oop [72]=Oop [56]=Derived_oop_[72] }
                      ;*invokeinterface update {reexecute=0 rethrow=0 return_oop=0}
                      ; - core.Engine::loop@165 (line 65)
  0x0000017bcf85b95c: 5079 0200 

  0x0000017bcf85b960: ;   {post_call_nop}
  0x0000017bcf85b960: 0f1f 8400 | 5805 0005 | 4c8b 5424 | 3045 8b5a | 1045 85db | 0f84 5702 | 0000 4b8d 

  0x0000017bcf85b97c: ;   {optimized virtual_call}
  0x0000017bcf85b97c: 14dc 90e8 

  0x0000017bcf85b980: ; ImmutableOopMap {rbp=Oop [64]=Derived_oop_rbp [48]=Oop [72]=Oop [56]=Derived_oop_[72] }
                      ;*invokevirtual beginFrame {reexecute=0 rethrow=0 return_oop=0}
                      ; - core.Engine::loop@174 (line 68)
  0x0000017bcf85b980: ac8e 0000 

  0x0000017bcf85b984: ;   {post_call_nop}
  0x0000017bcf85b984: 0f1f 8400 | 7c05 0006 | 4c8b 5424 | 3045 8b52 | 144c 8b5c | 2430 458b | 4310 478b 

  0x0000017bcf85b9a0: ;   {metadata('editor/Editor')}
  0x0000017bcf85b9a0: 5cd4 0841 | 81fb 084a | 0401 0f85 | c402 0000 | 4b8d 14d4 | 49c1 e003 

  0x0000017bcf85b9b8: ;   {optimized virtual_call}
  0x0000017bcf85b9b8: 6666 90e8 

  0x0000017bcf85b9bc: ; ImmutableOopMap {rbp=Oop [64]=Derived_oop_rbp [48]=Oop [72]=Oop [56]=Derived_oop_[72] }
                      ;*invokeinterface render {reexecute=0 rethrow=0 return_oop=0}
                      ; - core.Engine::loop@185 (line 69)
  0x0000017bcf85b9bc: 1002 feff 

  0x0000017bcf85b9c0: ;   {post_call_nop}
  0x0000017bcf85b9c0: 0f1f 8400 | b805 0007 | 4c8b 5424 | 3045 8b52 | 1047 8b54 | d40c 4489 | 5424 2c45 | 85d2 0f84 
  0x0000017bcf85b9e0: 0002 0000 | 49c1 e203 | 4c89 5424 

  0x0000017bcf85b9ec: ;   {oop([Z{0x000000070a805138})}
  0x0000017bcf85b9ec: 4849 ba38 | 5180 0a07 | 0000 004c | 8954 2450 

  0x0000017bcf85b9fc: ;   {static_call}
  0x0000017bcf85b9fc: 6666 90e8 

  0x0000017bcf85ba00: ; ImmutableOopMap {rbp=Oop [64]=Derived_oop_rbp [44]=NarrowOop [48]=Oop [72]=Oop [80]=Oop [56]=Derived_oop_[80] }
                      ;*invokestatic nRender {reexecute=0 rethrow=0 return_oop=0}
                      ; - imgui.ImGui::render@0 (line 271)
                      ; - core.renderer.DebugGui::endFrame@0 (line 91)
                      ; - core.renderer.Renderer::endFrame@4 (line 41)
                      ; - core.Engine::loop@194 (line 70)
  0x0000017bcf85ba00: 8cfe faff 

  0x0000017bcf85ba04: ;   {post_call_nop}
  0x0000017bcf85ba04: 0f1f 8400 | fc05 0008 | 448b 5424 | 2c47 8b5c | d410 4489 

  0x0000017bcf85ba18: ;   {static_call}
  0x0000017bcf85ba18: 5c24 2ce8 

  0x0000017bcf85ba1c: ; ImmutableOopMap {rbp=Oop [64]=Derived_oop_rbp [44]=NarrowOop [48]=Oop [80]=Oop [56]=Derived_oop_[80] }
                      ;*invokestatic nGetDrawData {reexecute=0 rethrow=0 return_oop=0}
                      ; - imgui.ImGui::getDrawData@3 (line 284)
                      ; - core.renderer.DebugGui::endFrame@7 (line 93)
                      ; - core.renderer.Renderer::endFrame@4 (line 41)
                      ; - core.Engine::loop@194 (line 70)
  0x0000017bcf85ba1c: 7001 fbff 

  0x0000017bcf85ba20: ;   {post_call_nop}
  0x0000017bcf85ba20: 0f1f 8400 | 1806 0009 

  0x0000017bcf85ba28: ;   {oop(a 'imgui/ImDrawData'{0x000000070a8053b8})}
  0x0000017bcf85ba28: 49ba b853 | 800a 0700 | 0000 4989 | 4210 448b | 5c24 2c45 | 85db 0f84 | b401 0000 | 4b8d 14dc 
  0x0000017bcf85ba48: ;   {oop(a 'imgui/ImDrawData'{0x000000070a8053b8})}
  0x0000017bcf85ba48: 49b8 b853 | 800a 0700 

  0x0000017bcf85ba50: ;   {optimized virtual_call}
  0x0000017bcf85ba50: 0000 90e8 

  0x0000017bcf85ba54: ; ImmutableOopMap {rbp=Oop [64]=Derived_oop_rbp [48]=Oop [80]=Oop [56]=Derived_oop_[80] }
                      ;*invokevirtual renderDrawData {reexecute=0 rethrow=0 return_oop=0}
                      ; - core.renderer.DebugGui::endFrame@10 (line 93)
                      ; - core.renderer.Renderer::endFrame@4 (line 41)
                      ; - core.Engine::loop@194 (line 70)
  0x0000017bcf85ba54: 3835 0200 

  0x0000017bcf85ba58: ;   {post_call_nop}
  0x0000017bcf85ba58: 0f1f 8400 | 5006 000a 

  0x0000017bcf85ba60: ;   {oop(a 'java/util/ArrayList'{0x0000000704400430})}
  0x0000017bcf85ba60: 49ba 3004 | 4004 0700 | 0000 458b | 4210 4585 | c00f 8e61 | fbff ff45 | 33d2 660f | 1f44 0000 
  0x0000017bcf85ba80: 4585 c00f | 8c0f 0200 | 0045 3bd0 | 0f83 7a01 

  0x0000017bcf85ba90: ;   {oop(a 'java/util/ArrayList'{0x0000000704400430})}
  0x0000017bcf85ba90: 0000 49bb | 3004 4004 | 0700 0000 | 458b 5b14 | 458b ca44 | 894c 2448 

  0x0000017bcf85baa8: ; implicit exception: dispatches to 0x0000017bcf85bfdc
  0x0000017bcf85baa8: 478b 44dc | 0c45 3bc8 | 0f83 7e01 | 0000 4f8d | 14dc 478b | 548a 1047 | 8b44 d408 

  0x0000017bcf85bac4: ;   {metadata('core/Window')}
  0x0000017bcf85bac4: 4181 f820 | 6604 010f | 8517 0400 | 0049 c1e2 | 034d 8b42 | 104d 85c0 | 0f84 9202 | 0000 48ba 
  0x0000017bcf85bae4: 201e 8b6b | fe7f 0000 

  0x0000017bcf85baec: ;   {oop(a 'jdk/internal/foreign/abi/NativeEntryPoint'{0x00000007044a18f8})}
  0x0000017bcf85baec: 49b9 f818 | 4a04 0700 

  0x0000017bcf85baf4: ;   {oop([Z{0x000000070a804fc8})}
  0x0000017bcf85baf4: 0000 48bd | c84f 800a | 0700 0000 

  0x0000017bcf85bb00: ;   {oop([Z{0x000000070a805138})}
  0x0000017bcf85bb00: 49ba 3851 | 800a 0700 | 0000 4c89 

  0x0000017bcf85bb0c: ;   {static_call}
  0x0000017bcf85bb0c: 5424 50e8 

  0x0000017bcf85bb10: ; ImmutableOopMap {rbp=Oop [64]=Derived_oop_rbp [48]=Oop [80]=Oop [56]=Derived_oop_[80] }
                      ;*invokestatic linkToNative {reexecute=0 rethrow=0 return_oop=0}
                      ; - java.lang.invoke.LambdaForm$MH/0x000000008d1d9800::invoke@14
                      ; - java.lang.invoke.LambdaForm$MH/0x000000008d17dc00::invokeExact_MT@21
                      ; - jdk.internal.foreign.abi.DowncallStub/0x000000008d17b000::invoke@46
                      ; - java.lang.invoke.LambdaForm$DMH/0x000000008d17b400::invokeStatic@14
                      ; - java.lang.invoke.LambdaForm$MH/0x000000008d1d9400::invoke@45
                      ; - java.lang.invoke.LambdaForm$MH/0x000000008d17d400::invokeExact_MT@21
                      ; - org.lwjgl.system.JNIBindingsImpl/0x000000008d098000::invokePV@5
                      ; - org.lwjgl.system.JNI::invokePV@8 (line 1736)
                      ; - org.lwjgl.glfw.GLFW::glfwSwapBuffers@17 (line 2337)
                      ; - core.Window::swapBuffers@4 (line 136)
                      ; - core.Engine::loop@226 (line 73)
  0x0000017bcf85bb10: ec88 f4ff 

  0x0000017bcf85bb14: ;   {post_call_nop}
  0x0000017bcf85bb14: 0f1f 8400 | 0c07 000b | 448b 5424 | 4841 ffc2 | 4d8b 5f30 

  0x0000017bcf85bb28: ;   {oop([Z{0x000000070a805138})}
  0x0000017bcf85bb28: 49b8 3851 | 800a 0700 

  0x0000017bcf85bb30: ;   {oop([Z{0x000000070a804fc8})}
  0x0000017bcf85bb30: 0000 49b9 | c84f 800a 

  0x0000017bcf85bb38: ; ImmutableOopMap {r8=Oop [56]=Derived_oop_r8 r9=Oop [64]=Derived_oop_r9 [48]=Oop }
                      ;*goto {reexecute=1 rethrow=0 return_oop=0}
                      ; - (reexecute) core.Engine::loop@232 (line 73)
  0x0000017bcf85bb38: 0700 0000 

  0x0000017bcf85bb3c: ;   {poll}
  0x0000017bcf85bb3c: 4185 0349 | bb30 0440 | 0407 0000 | 0045 8b43 | 1045 3bd0 | 0f8c 2aff | ffff e97d 

  0x0000017bcf85bb58: ;   {section_word}
  0x0000017bcf85bb58: faff ffc5 | fa10 1da5 | f9ff ffe9 | effb ffff | 4c8b 5424 | 3045 8b52 | 1447 8b5c 

  0x0000017bcf85bb74: ;   {metadata('editor/Editor')}
  0x0000017bcf85bb74: d408 4181 | fb08 4a04 | 010f 85d5 | 0200 004d | 8b57 30c5 

  0x0000017bcf85bb88: ;   {oop([Z{0x000000070a805138})}
  0x0000017bcf85bb88: ea5c d349 | bb38 5180 | 0a07 0000 

  0x0000017bcf85bb94: ;   {oop([Z{0x000000070a804fc8})}
  0x0000017bcf85bb94: 0049 b8c8 | 4f80 0a07 

  0x0000017bcf85bb9c: ; ImmutableOopMap {r11=Oop [56]=Derived_oop_r11 r8=Oop [64]=Derived_oop_r8 [48]=Oop }
                      ;*goto {reexecute=1 rethrow=0 return_oop=0}
                      ; - (reexecute) core.Engine::loop@89 (line 54)
                      ;   {poll}
  0x0000017bcf85bb9c: 0000 0041 | 8502 c5f8 | 2ed3 73db | e920 fcff | ff45 899a | 8800 0000 | 4589 a290 

  0x0000017bcf85bbb8: ;   {section_word}
  0x0000017bcf85bbb8: 0000 00c5 | ea5c 153d | f9ff ffc4 | c17a 1192 | 9400 0000 | e9c1 fbff | ffba f6ff 

  0x0000017bcf85bbd4: ;   {runtime_call UncommonTrapBlob}
  0x0000017bcf85bbd4: ffff 90e8 

  0x0000017bcf85bbd8: ; ImmutableOopMap {}
                      ;*invokevirtual beginFrame {reexecute=0 rethrow=0 return_oop=0}
                      ; - core.Engine::loop@174 (line 68)
  0x0000017bcf85bbd8: 841f 86ff 

  0x0000017bcf85bbdc: ;   {post_call_nop}
  0x0000017bcf85bbdc: 0f1f 8400 | d407 000e | baf6 ffff 

  0x0000017bcf85bbe8: ;   {runtime_call UncommonTrapBlob}
  0x0000017bcf85bbe8: ff66 90e8 

  0x0000017bcf85bbec: ; ImmutableOopMap {}
                      ;*invokevirtual endFrame {reexecute=0 rethrow=0 return_oop=0}
                      ; - core.renderer.Renderer::endFrame@4 (line 41)
                      ; - core.Engine::loop@194 (line 70)
  0x0000017bcf85bbec: 701f 86ff 

  0x0000017bcf85bbf0: ;   {post_call_nop}
  0x0000017bcf85bbf0: 0f1f 8400 | e807 000f | baf6 ffff 

  0x0000017bcf85bbfc: ;   {runtime_call UncommonTrapBlob}
  0x0000017bcf85bbfc: ff66 90e8 

  0x0000017bcf85bc00: ; ImmutableOopMap {}
                      ;*invokevirtual renderDrawData {reexecute=0 rethrow=0 return_oop=0}
                      ; - core.renderer.DebugGui::endFrame@10 (line 93)
                      ; - core.renderer.Renderer::endFrame@4 (line 41)
                      ; - core.Engine::loop@194 (line 70)
  0x0000017bcf85bc00: 5c1f 86ff 

  0x0000017bcf85bc04: ;   {post_call_nop}
  0x0000017bcf85bc04: 0f1f 8400 | fc07 0010 | bae4 ffff | ff48 8b6c | 2430 4489 | 5424 3044 | 8954 2434 | 4489 4424 
  0x0000017bcf85bc24: ;   {runtime_call UncommonTrapBlob}
  0x0000017bcf85bc24: 3866 90e8 

  0x0000017bcf85bc28: ; ImmutableOopMap {rbp=Oop }
                      ;*invokestatic checkIndex {reexecute=0 rethrow=0 return_oop=0}
                      ; - java.util.Objects::checkIndex@3 (line 365)
                      ; - java.util.ArrayList::get@5 (line 428)
                      ; - core.Engine::loop@218 (line 73)
  0x0000017bcf85bc28: 341f 86ff 

  0x0000017bcf85bc2c: ;   {post_call_nop}
  0x0000017bcf85bc2c: 0f1f 8400 | 2408 0011 | bae4 ffff | ff48 8b6c | 2430 4489 | 5424 2c44 | 895c 2430 

  0x0000017bcf85bc48: ;   {runtime_call UncommonTrapBlob}
  0x0000017bcf85bc48: 6666 90e8 

  0x0000017bcf85bc4c: ; ImmutableOopMap {rbp=Oop [48]=NarrowOop }
                      ;*aaload {reexecute=0 rethrow=0 return_oop=0}
                      ; - java.util.ArrayList::elementData@5 (line 412)
                      ; - java.util.ArrayList::get@11 (line 429)
                      ; - core.Engine::loop@218 (line 73)
  0x0000017bcf85bc4c: 101f 86ff 

  0x0000017bcf85bc50: ;   {post_call_nop}
  0x0000017bcf85bc50: 0f1f 8400 | 4808 0012 | bade ffff | ff48 8b6c | 2430 4489 

  0x0000017bcf85bc64: ;   {runtime_call UncommonTrapBlob}
  0x0000017bcf85bc64: 5c24 2ce8 

  0x0000017bcf85bc68: ; ImmutableOopMap {rbp=Oop [44]=NarrowOop }
                      ;*invokeinterface update {reexecute=0 rethrow=0 return_oop=0}
                      ; - core.Engine::loop@165 (line 65)
  0x0000017bcf85bc68: f41e 86ff 

  0x0000017bcf85bc6c: ;   {post_call_nop}
  0x0000017bcf85bc6c: 0f1f 8400 | 6408 0013 | bade ffff | ff48 8b6c | 2430 4489 | 5424 2c44 | 8944 2430 

  0x0000017bcf85bc88: ;   {runtime_call UncommonTrapBlob}
  0x0000017bcf85bc88: 6666 90e8 

  0x0000017bcf85bc8c: ; ImmutableOopMap {rbp=Oop [44]=NarrowOop [48]=NarrowOop }
                      ;*invokeinterface render {reexecute=0 rethrow=0 return_oop=0}
                      ; - core.Engine::loop@185 (line 69)
  0x0000017bcf85bc8c: d01e 86ff 

  0x0000017bcf85bc90: ;   {post_call_nop}
  0x0000017bcf85bc90: 0f1f 8400 | 8808 0014 | bacc ffff | ff48 8b6c | 2430 4489 | 5424 3044 | 8954 2434 | 4489 4424 
  0x0000017bcf85bcb0: ;   {runtime_call UncommonTrapBlob}
  0x0000017bcf85bcb0: 3866 90e8 

  0x0000017bcf85bcb4: ; ImmutableOopMap {rbp=Oop }
                      ;*invokestatic checkIndex {reexecute=0 rethrow=0 return_oop=0}
                      ; - java.util.Objects::checkIndex@3 (line 365)
                      ; - java.util.ArrayList::get@5 (line 428)
                      ; - core.Engine::loop@218 (line 73)
  0x0000017bcf85bcb4: a81e 86ff 

  0x0000017bcf85bcb8: ;   {post_call_nop}
  0x0000017bcf85bcb8: 0f1f 8400 | b008 0015 | 448b ddba | e4ff ffff | 488b 6c24 | 3048 895c | 2438 4489 | 5c24 4044 
  0x0000017bcf85bcd8: 895c 2444 | 4489 5424 

  0x0000017bcf85bce0: ;   {runtime_call UncommonTrapBlob}
  0x0000017bcf85bce0: 4866 90e8 

  0x0000017bcf85bce4: ; ImmutableOopMap {rbp=Oop [56]=Oop }
                      ;*invokestatic checkIndex {reexecute=0 rethrow=0 return_oop=0}
                      ; - java.util.Objects::checkIndex@3 (line 365)
                      ; - java.util.ArrayList::get@5 (line 428)
                      ; - core.Engine::loop@117 (line 60)
  0x0000017bcf85bce4: 781e 86ff 

  0x0000017bcf85bce8: ;   {post_call_nop}
  0x0000017bcf85bce8: 0f1f 8400 | e008 0016 | 418b fb44 | 8bdd bae4 | ffff ff48 | 8b6c 2430 | 4889 5c24 | 3044 895c 
  0x0000017bcf85bd08: 242c 4c89 | 5424 3889 

  0x0000017bcf85bd10: ;   {runtime_call UncommonTrapBlob}
  0x0000017bcf85bd10: 7c24 40e8 

  0x0000017bcf85bd14: ; ImmutableOopMap {rbp=Oop [48]=Oop [56]=Oop }
                      ;*aaload {reexecute=0 rethrow=0 return_oop=0}
                      ; - java.util.ArrayList::elementData@5 (line 412)
                      ; - java.util.ArrayList::get@11 (line 429)
                      ; - core.Engine::loop@117 (line 60)
  0x0000017bcf85bd14: 481e 86ff 

  0x0000017bcf85bd18: ;   {post_call_nop}
  0x0000017bcf85bd18: 0f1f 8400 | 1009 0017 | 448b ddba | deff ffff | 488b 6c24 | 3048 895c | 2438 4489 

  0x0000017bcf85bd34: ;   {runtime_call UncommonTrapBlob}
  0x0000017bcf85bd34: 5c24 40e8 

  0x0000017bcf85bd38: ; ImmutableOopMap {rbp=Oop [56]=Oop }
                      ;*invokeinterface get {reexecute=0 rethrow=0 return_oop=0}
                      ; - core.Engine::loop@117 (line 60)
  0x0000017bcf85bd38: 241e 86ff 

  0x0000017bcf85bd3c: ;   {post_call_nop}
  0x0000017bcf85bd3c: 0f1f 8400 | 3409 0018 | 448b ddba | ccff ffff | 488b 6c24 | 3048 895c | 2438 4489 | 5c24 4044 
  0x0000017bcf85bd5c: 895c 2444 | 4489 5424 

  0x0000017bcf85bd64: ;   {runtime_call UncommonTrapBlob}
  0x0000017bcf85bd64: 4866 90e8 

  0x0000017bcf85bd68: ; ImmutableOopMap {rbp=Oop [56]=Oop }
                      ;*invokestatic checkIndex {reexecute=0 rethrow=0 return_oop=0}
                      ; - java.util.Objects::checkIndex@3 (line 365)
                      ; - java.util.ArrayList::get@5 (line 428)
                      ; - core.Engine::loop@117 (line 60)
  0x0000017bcf85bd68: f41d 86ff 

  0x0000017bcf85bd6c: ;   {post_call_nop}
  0x0000017bcf85bd6c: 0f1f 8400 | 6409 0019 | 4533 d24d | 3bc2 bdff | ffff ff7c | 0840 0f95 | c540 0fb6 | edba 45ff 
  0x0000017bcf85bd8c: ffff 4c89 

  0x0000017bcf85bd90: ;   {runtime_call UncommonTrapBlob}
  0x0000017bcf85bd90: 4424 38e8 

  0x0000017bcf85bd94: ; ImmutableOopMap {[48]=Oop }
                      ;*ifne {reexecute=1 rethrow=0 return_oop=0}
                      ; - (reexecute) org.lwjgl.system.Checks::check@3 (line 187)
                      ; - org.lwjgl.glfw.GLFW::glfwSwapBuffers@11 (line 2335)
                      ; - core.Window::swapBuffers@4 (line 136)
                      ; - core.Engine::loop@226 (line 73)
  0x0000017bcf85bd94: c81d 86ff 

  0x0000017bcf85bd98: ;   {post_call_nop}
  0x0000017bcf85bd98: 0f1f 8400 | 9009 001a | 4533 d24d | 3bc2 bdff | ffff ff7c | 0840 0f95 | c540 0fb6 | edba 45ff 
  0x0000017bcf85bdb8: ;   {runtime_call UncommonTrapBlob}
  0x0000017bcf85bdb8: ffff 90e8 

  0x0000017bcf85bdbc: ; ImmutableOopMap {[48]=Oop }
                      ;*ifne {reexecute=1 rethrow=0 return_oop=0}
                      ; - (reexecute) core.Window::shouldClose@6 (line 140)
                      ; - core.Engine::loop@10 (line 36)
  0x0000017bcf85bdbc: a01d 86ff 

  0x0000017bcf85bdc0: ;   {post_call_nop}
  0x0000017bcf85bdc0: 0f1f 8400 | b809 001b | ba45 ffff | ff48 8b6c | 2430 8944 

  0x0000017bcf85bdd4: ;   {runtime_call UncommonTrapBlob}
  0x0000017bcf85bdd4: 242c 90e8 

  0x0000017bcf85bdd8: ; ImmutableOopMap {rbp=Oop }
                      ;*ifeq {reexecute=1 rethrow=0 return_oop=0}
                      ; - (reexecute) org.lwjgl.glfw.GLFW::glfwWindowShouldClose@20 (line 1049)
                      ; - core.Window::shouldClose@15 (line 141)
                      ; - core.Engine::loop@10 (line 36)
  0x0000017bcf85bdd8: 841d 86ff 

  0x0000017bcf85bddc: ;   {post_call_nop}
  0x0000017bcf85bddc: 0f1f 8400 | d409 001c 

  0x0000017bcf85bde4: ;   {section_word}
  0x0000017bcf85bde4: c5f8 2e0d | 18f7 ffff | bdff ffff | ff0f 8a0e | 0000 000f | 8208 0000 | 0040 0f95 | c540 0fb6 
  0x0000017bcf85be04: edba 45ff | ffff 4c8b | 5424 304c | 8954 2420 | c5fb 1144 

  0x0000017bcf85be18: ;   {runtime_call UncommonTrapBlob}
  0x0000017bcf85be18: 2430 90e8 

  0x0000017bcf85be1c: ; ImmutableOopMap {[32]=Oop }
                      ;*ifle {reexecute=1 rethrow=0 return_oop=0}
                      ; - (reexecute) core.Engine::loop@36 (line 42)
  0x0000017bcf85be1c: 401d 86ff 

  0x0000017bcf85be20: ;   {post_call_nop}
  0x0000017bcf85be20: 0f1f 8400 | 180a 001d | 418b fbba | 45ff ffff | 488b 6c24 | 3048 895c | 2430 897c | 242c 4c89 
  0x0000017bcf85be40: 5424 4044 | 8944 2448 

  0x0000017bcf85be48: ;   {runtime_call UncommonTrapBlob}
  0x0000017bcf85be48: 6666 90e8 

  0x0000017bcf85be4c: ; ImmutableOopMap {rbp=Oop [48]=Oop [64]=Oop [72]=NarrowOop }
                      ;*if_acmpeq {reexecute=1 rethrow=0 return_oop=0}
                      ; - (reexecute) core.Engine::loop@133 (line 61)
  0x0000017bcf85be4c: 101d 86ff 

  0x0000017bcf85be50: ;   {post_call_nop}
  0x0000017bcf85be50: 0f1f 8400 | 480a 001e | c5f8 28ca | c5f8 2ecb | bdff ffff | ff0f 8a0e | 0000 000f | 8208 0000 
  0x0000017bcf85be70: 0040 0f95 | c540 0fb6 | edba 6eff | ffff 4c8b | 5424 304c | 8954 2420 | c5fb 1144 | 2428 c5fa 
  0x0000017bcf85be90: 1154 2430 

  0x0000017bcf85be94: ;   {runtime_call UncommonTrapBlob}
  0x0000017bcf85be94: 6666 90e8 

  0x0000017bcf85be98: ; ImmutableOopMap {[32]=Oop }
                      ;*iflt {reexecute=1 rethrow=0 return_oop=0}
                      ; - (reexecute) core.Engine::loop@71 (line 52)
  0x0000017bcf85be98: c41c 86ff 

  0x0000017bcf85be9c: ;   {post_call_nop}
  0x0000017bcf85be9c: 0f1f 8400 | 940a 001f | ba85 ffff | ff48 897c | 2430 4889 

  0x0000017bcf85beb0: ;   {runtime_call UncommonTrapBlob}
  0x0000017bcf85beb0: 5c24 38e8 

  0x0000017bcf85beb4: ; ImmutableOopMap {[48]=Oop [56]=Oop }
                      ;*iload {reexecute=0 rethrow=0 return_oop=0}
                      ; - core.Engine::loop@108 (line 59)
  0x0000017bcf85beb4: a81c 86ff 

  0x0000017bcf85beb8: ;   {post_call_nop}
  0x0000017bcf85beb8: 0f1f 8400 | b00a 0020 | 418b fbba | deff ffff | 488b 6c24 | 3048 895c | 2430 897c | 242c 4c89 
  0x0000017bcf85bed8: ;   {runtime_call UncommonTrapBlob}
  0x0000017bcf85bed8: 5424 38e8 

  0x0000017bcf85bedc: ; ImmutableOopMap {rbp=Oop [48]=Oop [56]=Oop }
                      ;*checkcast {reexecute=0 rethrow=0 return_oop=0}
                      ; - core.Engine::loop@122 (line 60)
  0x0000017bcf85bedc: 801c 86ff 

  0x0000017bcf85bee0: ;   {post_call_nop}
  0x0000017bcf85bee0: 0f1f 8400 | d80a 0021 | bade ffff | ff48 8b6c | 2430 4489 

  0x0000017bcf85bef4: ;   {runtime_call UncommonTrapBlob}
  0x0000017bcf85bef4: 5424 30e8 

  0x0000017bcf85bef8: ; ImmutableOopMap {rbp=Oop [48]=NarrowOop }
                      ;*checkcast {reexecute=0 rethrow=0 return_oop=0}
                      ; - core.Engine::loop@223 (line 73)
  0x0000017bcf85bef8: 641c 86ff 

  0x0000017bcf85befc: ;   {post_call_nop}
  0x0000017bcf85befc: 0f1f 8400 | f40a 0022 | 488b d0eb | 1648 8bd0 | eb11 488b | d0eb 0c48 | 8bd0 eb07 | eb02 eb00 
  0x0000017bcf85bf1c: 488b d048 | 83c4 705d 

  0x0000017bcf85bf24: ;   {runtime_call C2 Runtime rethrow}
  0x0000017bcf85bf24: e9b7 a88f | ffba 95ff | ffff 488b | 6c24 3048 | 8944 2430 

  0x0000017bcf85bf38: ;   {runtime_call UncommonTrapBlob}
  0x0000017bcf85bf38: 6666 90e8 

  0x0000017bcf85bf3c: ; ImmutableOopMap {rbp=Oop [48]=Oop }
                      ;*aload {reexecute=0 rethrow=0 return_oop=0}
                      ; - jdk.internal.foreign.abi.DowncallStub/0x000000008d17b000::invoke@70
                      ; - java.lang.invoke.LambdaForm$DMH/0x000000008d17b400::invokeStatic@14
                      ; - java.lang.invoke.LambdaForm$MH/0x000000008d1d9400::invoke@45
                      ; - java.lang.invoke.LambdaForm$MH/0x000000008d17d400::invokeExact_MT@21
                      ; - org.lwjgl.system.JNIBindingsImpl/0x000000008d098000::invokePV@5
                      ; - org.lwjgl.system.JNI::invokePV@8 (line 1736)
                      ; - org.lwjgl.glfw.GLFW::glfwSwapBuffers@17 (line 2337)
                      ; - core.Window::swapBuffers@4 (line 136)
                      ; - core.Engine::loop@226 (line 73)
  0x0000017bcf85bf3c: 201c 86ff 

  0x0000017bcf85bf40: ;   {post_call_nop}
  0x0000017bcf85bf40: 0f1f 8400 | 380b 0023 | ba95 ffff | ff48 8b6c | 2430 4889 

  0x0000017bcf85bf54: ;   {runtime_call UncommonTrapBlob}
  0x0000017bcf85bf54: 4424 30e8 

  0x0000017bcf85bf58: ; ImmutableOopMap {rbp=Oop [48]=Oop }
                      ;*aload {reexecute=0 rethrow=0 return_oop=0}
                      ; - jdk.internal.foreign.abi.DowncallStub/0x000000008d1d6000::invoke@63
                      ; - java.lang.invoke.LambdaForm$DMH/0x000000008d042800::invokeStatic@11
                      ; - java.lang.invoke.LambdaForm$MH/0x000000008d1db400::invoke@40
                      ; - java.lang.invoke.LambdaForm$MH/0x000000008d1d7400::invokeExact_MT@19
                      ; - org.lwjgl.system.JNIBindingsImpl/0x000000008d098000::invokeV@4
                      ; - org.lwjgl.system.JNI::invokeV@7 (line 1718)
                      ; - org.lwjgl.glfw.GLFW::glfwPollEvents@5 (line 1600)
                      ; - core.Engine::loop@238 (line 75)
  0x0000017bcf85bf58: 041c 86ff 

  0x0000017bcf85bf5c: ;   {post_call_nop}
  0x0000017bcf85bf5c: 0f1f 8400 | 540b 0024 | ba95 ffff | ff48 8b6c | 2430 4889 

  0x0000017bcf85bf70: ;   {runtime_call UncommonTrapBlob}
  0x0000017bcf85bf70: 4424 30e8 

  0x0000017bcf85bf74: ; ImmutableOopMap {rbp=Oop [48]=Oop }
                      ;*aload {reexecute=0 rethrow=0 return_oop=0}
                      ; - jdk.internal.foreign.abi.DowncallStub/0x000000008d19ac00::invoke@74
                      ; - java.lang.invoke.LambdaForm$DMH/0x000000008d085800::invokeStatic@14
                      ; - java.lang.invoke.LambdaForm$MH/0x000000008d1d9c00::invoke@45
                      ; - java.lang.invoke.LambdaForm$MH/0x000000008d19c800::invokeExact_MT@21
                      ; - org.lwjgl.system.JNIBindingsImpl/0x000000008d098000::invokePI@5
                      ; - org.lwjgl.system.JNI::invokePI@8 (line 1405)
                      ; - org.lwjgl.glfw.GLFW::glfwWindowShouldClose@17 (line 1049)
                      ; - core.Window::shouldClose@15 (line 141)
                      ; - core.Engine::loop@10 (line 36)
  0x0000017bcf85bf74: e81b 86ff 

  0x0000017bcf85bf78: ;   {post_call_nop}
  0x0000017bcf85bf78: 0f1f 8400 | 700b 0025 | ba95 ffff | ff48 8b6c | 2430 4889 

  0x0000017bcf85bf8c: ;   {runtime_call UncommonTrapBlob}
  0x0000017bcf85bf8c: 4424 30e8 

  0x0000017bcf85bf90: ; ImmutableOopMap {rbp=Oop [48]=Oop }
                      ;*aload {reexecute=0 rethrow=0 return_oop=0}
                      ; - jdk.internal.foreign.abi.DowncallStub/0x000000008d1c0000::invoke@67
                      ; - java.lang.invoke.LambdaForm$DMH/0x000000008d1c0400::invokeStatic@11
                      ; - java.lang.invoke.LambdaForm$MH/0x000000008d1d8c00::invoke@40
                      ; - java.lang.invoke.LambdaForm$MH/0x000000008d1c2000::invokeExact_MT@19
                      ; - org.lwjgl.system.JNIBindingsImpl/0x000000008d098000::invokeD@4
                      ; - org.lwjgl.system.JNI::invokeD@7 (line 1377)
                      ; - org.lwjgl.glfw.GLFW::glfwGetTime@5 (line 2283)
                      ; - core.Engine::loop@16 (line 37)
  0x0000017bcf85bf90: cc1b 86ff 

  0x0000017bcf85bf94: ;   {post_call_nop}
  0x0000017bcf85bf94: 0f1f 8400 | 8c0b 0026 | baf6 ffff 

  0x0000017bcf85bfa0: ;   {runtime_call UncommonTrapBlob}
  0x0000017bcf85bfa0: ff66 90e8 

  0x0000017bcf85bfa4: ; ImmutableOopMap {}
                      ;*invokeinterface update {reexecute=0 rethrow=0 return_oop=0}
                      ; - core.Engine::loop@165 (line 65)
  0x0000017bcf85bfa4: b81b 86ff 

  0x0000017bcf85bfa8: ;   {post_call_nop}
  0x0000017bcf85bfa8: 0f1f 8400 | a00b 0027 | baf6 ffff | ff41 8be8 

  0x0000017bcf85bfb8: ;   {runtime_call UncommonTrapBlob}
  0x0000017bcf85bfb8: 6666 90e8 

  0x0000017bcf85bfbc: ; ImmutableOopMap {rbp=NarrowOop }
                      ;*invokeinterface render {reexecute=0 rethrow=0 return_oop=0}
                      ; - core.Engine::loop@185 (line 69)
  0x0000017bcf85bfbc: a01b 86ff 

  0x0000017bcf85bfc0: ;   {post_call_nop}
  0x0000017bcf85bfc0: 0f1f 8400 | b80b 0028 | baf6 ffff 

  0x0000017bcf85bfcc: ;   {runtime_call UncommonTrapBlob}
  0x0000017bcf85bfcc: ff66 90e8 

  0x0000017bcf85bfd0: ; ImmutableOopMap {}
                      ;*invokevirtual endFrame {reexecute=0 rethrow=0 return_oop=0}
                      ; - core.Engine::loop@194 (line 70)
  0x0000017bcf85bfd0: 8c1b 86ff 

  0x0000017bcf85bfd4: ;   {post_call_nop}
  0x0000017bcf85bfd4: 0f1f 8400 | cc0b 0029 | baf6 ffff | ff41 8be9 

  0x0000017bcf85bfe4: ;   {runtime_call UncommonTrapBlob}
  0x0000017bcf85bfe4: 6666 90e8 

  0x0000017bcf85bfe8: ; ImmutableOopMap {}
                      ;*aaload {reexecute=0 rethrow=0 return_oop=0}
                      ; - java.util.ArrayList::elementData@5 (line 412)
                      ; - java.util.ArrayList::get@11 (line 429)
                      ; - core.Engine::loop@218 (line 73)
  0x0000017bcf85bfe8: 741b 86ff 

  0x0000017bcf85bfec: ;   {post_call_nop}
  0x0000017bcf85bfec: 0f1f 8400 | e40b 002a | baf4 ffff | ff48 8b6c 

  0x0000017bcf85bffc: ;   {runtime_call UncommonTrapBlob}
  0x0000017bcf85bffc: 2430 90e8 

  0x0000017bcf85c000: ; ImmutableOopMap {rbp=Oop }
                      ;*checkcast {reexecute=0 rethrow=0 return_oop=0}
                      ; - core.Engine::loop@223 (line 73)
  0x0000017bcf85c000: 5c1b 86ff 

  0x0000017bcf85c004: ;   {post_call_nop}
  0x0000017bcf85c004: 0f1f 8400 | fc0b 002b | baf6 ffff 

  0x0000017bcf85c010: ;   {runtime_call UncommonTrapBlob}
  0x0000017bcf85c010: ff66 90e8 

  0x0000017bcf85c014: ; ImmutableOopMap {}
                      ;*invokevirtual shouldClose {reexecute=0 rethrow=0 return_oop=0}
                      ; - core.Engine::loop@10 (line 36)
  0x0000017bcf85c014: 481b 86ff 

  0x0000017bcf85c018: ;   {post_call_nop}
  0x0000017bcf85c018: 0f1f 8400 | 100c 002c | 448b ddba | f6ff ffff 

  0x0000017bcf85c028: ;   {runtime_call UncommonTrapBlob}
  0x0000017bcf85c028: 418b ebe8 

  0x0000017bcf85c02c: ; ImmutableOopMap {}
                      ;*invokeinterface get {reexecute=0 rethrow=0 return_oop=0}
                      ; - core.Engine::loop@117 (line 60)
  0x0000017bcf85c02c: 301b 86ff 

  0x0000017bcf85c030: ;   {post_call_nop}
  0x0000017bcf85c030: 0f1f 8400 | 280c 002d | 418b fbba | f6ff ffff 

  0x0000017bcf85c040: ;   {runtime_call UncommonTrapBlob}
  0x0000017bcf85c040: 8bef 90e8 

  0x0000017bcf85c044: ; ImmutableOopMap {}
                      ;*aaload {reexecute=0 rethrow=0 return_oop=0}
                      ; - java.util.ArrayList::elementData@5 (line 412)
                      ; - java.util.ArrayList::get@11 (line 429)
                      ; - core.Engine::loop@117 (line 60)
  0x0000017bcf85c044: 181b 86ff 

  0x0000017bcf85c048: ;   {post_call_nop}
  0x0000017bcf85c048: 0f1f 8400 | 400c 002e | 418b fbba | f4ff ffff | 488b 6c24 | 3048 895c | 2430 897c 

  0x0000017bcf85c064: ;   {runtime_call UncommonTrapBlob}
  0x0000017bcf85c064: 242c 90e8 

  0x0000017bcf85c068: ; ImmutableOopMap {rbp=Oop [48]=Oop }
                      ;*checkcast {reexecute=0 rethrow=0 return_oop=0}
                      ; - core.Engine::loop@122 (line 60)
  0x0000017bcf85c068: f41a 86ff 

  0x0000017bcf85c06c: ;   {post_call_nop}
  0x0000017bcf85c06c: 0f1f 8400 | 640c 002f | ba6e ffff | ff48 895c 

  0x0000017bcf85c07c: ;   {runtime_call UncommonTrapBlob}
  0x0000017bcf85c07c: 2430 90e8 

  0x0000017bcf85c080: ; ImmutableOopMap {[48]=Oop }
                      ;*iload {reexecute=0 rethrow=0 return_oop=0}
                      ; - core.Engine::loop@108 (line 59)
  0x0000017bcf85c080: dc1a 86ff 

  0x0000017bcf85c084: ;   {post_call_nop}
  0x0000017bcf85c084: 0f1f 8400 | 7c0c 0030 

  0x0000017bcf85c08c: ;   {runtime_call Stub::method_entry_barrier}
  0x0000017bcf85c08c: e84f a576 | ffe9 b4f4 | ffff f4f4 
[Stub Code]
  0x0000017bcf85c098: ;   {static_stub}
  0x0000017bcf85c098: 48bb 28c1 | 40e0 7b01 

  0x0000017bcf85c0a0: ;   {runtime_call I2C/C2I adapters}
  0x0000017bcf85c0a0: 0000 e90b 

  0x0000017bcf85c0a4: ;   {static_stub}
  0x0000017bcf85c0a4: 6d78 ff48 | bb30 1341 | e07b 0100 

  0x0000017bcf85c0b0: ;   {runtime_call I2C/C2I adapters}
  0x0000017bcf85c0b0: 00e9 fc6c 

  0x0000017bcf85c0b4: ;   {static_stub}
  0x0000017bcf85c0b4: 78ff 48bb | 0000 0000 | 0000 0000 

  0x0000017bcf85c0c0: ;   {runtime_call nmethod}
  0x0000017bcf85c0c0: e9fb ffff 

  0x0000017bcf85c0c4: ;   {static_stub}
  0x0000017bcf85c0c4: ff48 bbe8 | e3b3 e07b 

  0x0000017bcf85c0cc: ;   {runtime_call I2C/C2I adapters}
  0x0000017bcf85c0cc: 0100 00e9 | e2ba 78ff 

  0x0000017bcf85c0d4: ;   {static_stub}
  0x0000017bcf85c0d4: 48bb 0000 | 0000 0000 

  0x0000017bcf85c0dc: ;   {runtime_call nmethod}
  0x0000017bcf85c0dc: 0000 e9fb 

  0x0000017bcf85c0e0: ;   {static_stub}
  0x0000017bcf85c0e0: ffff ff48 | bb00 0000 | 0000 0000 

  0x0000017bcf85c0ec: ;   {runtime_call nmethod}
  0x0000017bcf85c0ec: 00e9 fbff 

  0x0000017bcf85c0f0: ;   {static_stub}
  0x0000017bcf85c0f0: ffff 48bb | 0000 0000 | 0000 0000 

  0x0000017bcf85c0fc: ;   {runtime_call nmethod}
  0x0000017bcf85c0fc: e9fb ffff 

  0x0000017bcf85c100: ;   {static_stub}
  0x0000017bcf85c100: ff48 bb00 | 0000 0000 

  0x0000017bcf85c108: ;   {runtime_call nmethod}
  0x0000017bcf85c108: 0000 00e9 | fbff ffff 

  0x0000017bcf85c110: ;   {static_stub}
  0x0000017bcf85c110: 48bb 0000 | 0000 0000 

  0x0000017bcf85c118: ;   {runtime_call nmethod}
  0x0000017bcf85c118: 0000 e9fb 

  0x0000017bcf85c11c: ;   {static_stub}
  0x0000017bcf85c11c: ffff ff48 | bb00 0000 | 0000 0000 

  0x0000017bcf85c128: ;   {runtime_call nmethod}
  0x0000017bcf85c128: 00e9 fbff 

  0x0000017bcf85c12c: ;   {static_stub}
  0x0000017bcf85c12c: ffff 48bb | 0000 0000 | 0000 0000 

  0x0000017bcf85c138: ;   {runtime_call nmethod}
  0x0000017bcf85c138: e9fb ffff 

  0x0000017bcf85c13c: ;   {runtime_call ExceptionBlob}
  0x0000017bcf85c13c: ffe9 1e1d | 86ff e800 | 0000 0048 | 832c 2405 

  0x0000017bcf85c14c: ;   {runtime_call DeoptimizationBlob}
  0x0000017bcf85c14c: e98f 4878 | fff4 f4f4 | f4f4 f4f4 
[/MachCode]


---------------  P R O C E S S  ---------------

Threads class SMR info:
_java_thread_list=0x0000017be4c843c0, length=17, elements={
0x0000017bbf0310c0, 0x0000017bdec4b5a0, 0x0000017bdec4beb0, 0x0000017bdec4fa60,
0x0000017bdec50df0, 0x0000017bdec51810, 0x0000017bdec5ff60, 0x0000017bdec62a60,
0x0000017bdec68290, 0x0000017bdf570c70, 0x0000017bdec5e530, 0x0000017bdec5f4d0,
0x0000017be46c8510, 0x0000017be46c9c80, 0x0000017be46c7570, 0x0000017be46c6da0,
0x0000017be7863450
}

Java Threads: ( => current thread )
=>0x0000017bbf0310c0 JavaThread "main"                              [_thread_in_native, id=18000, stack(0x0000005eff700000,0x0000005eff800000) (1024K)]
  0x0000017bdec4b5a0 JavaThread "Reference Handler"          daemon [_thread_blocked, id=17288, stack(0x0000005e80200000,0x0000005e80300000) (1024K)]
  0x0000017bdec4beb0 JavaThread "Finalizer"                  daemon [_thread_blocked, id=19764, stack(0x0000005e80300000,0x0000005e80400000) (1024K)]
  0x0000017bdec4fa60 JavaThread "Signal Dispatcher"          daemon [_thread_blocked, id=17380, stack(0x0000005e80400000,0x0000005e80500000) (1024K)]
  0x0000017bdec50df0 JavaThread "Attach Listener"            daemon [_thread_blocked, id=7576, stack(0x0000005e80500000,0x0000005e80600000) (1024K)]
  0x0000017bdec51810 JavaThread "Service Thread"             daemon [_thread_blocked, id=14400, stack(0x0000005e80600000,0x0000005e80700000) (1024K)]
  0x0000017bdec5ff60 JavaThread "Monitor Deflation Thread"   daemon [_thread_blocked, id=6872, stack(0x0000005e80700000,0x0000005e80800000) (1024K)]
  0x0000017bdec62a60 JavaThread "C2 CompilerThread0"         daemon [_thread_blocked, id=21716, stack(0x0000005e80800000,0x0000005e80900000) (1024K)]
  0x0000017bdec68290 JavaThread "C1 CompilerThread0"         daemon [_thread_blocked, id=7264, stack(0x0000005e80900000,0x0000005e80a00000) (1024K)]
  0x0000017bdf570c70 JavaThread "Common-Cleaner"             daemon [_thread_blocked, id=10212, stack(0x0000005e80b00000,0x0000005e80c00000) (1024K)]
  0x0000017bdec5e530 JavaThread "Monitor Ctrl-Break"         daemon [_thread_in_native, id=14140, stack(0x0000005e81100000,0x0000005e81200000) (1024K)]
  0x0000017bdec5f4d0 JavaThread "Notification Thread"        daemon [_thread_blocked, id=9872, stack(0x0000005e81200000,0x0000005e81300000) (1024K)]
  0x0000017be46c8510 JavaThread "RMI TCP Accept-0"           daemon [_thread_in_native, id=21912, stack(0x0000005e81400000,0x0000005e81500000) (1024K)]
  0x0000017be46c9c80 JavaThread "RMI TCP Connection(idle)"   daemon [_thread_blocked, id=9364, stack(0x0000005e81500000,0x0000005e81600000) (1024K)]
  0x0000017be46c7570 JavaThread "RMI Scheduler(0)"           daemon [_thread_blocked, id=6548, stack(0x0000005e81600000,0x0000005e81700000) (1024K)]
  0x0000017be46c6da0 JavaThread "JMX server connection timeout 40" daemon [_thread_blocked, id=15184, stack(0x0000005e81700000,0x0000005e81800000) (1024K)]
  0x0000017be7863450 JavaThread "RMI TCP Connection(2)-192.168.1.136" daemon [_thread_in_native, id=21316, stack(0x0000005e80a00000,0x0000005e80b00000) (1024K)]
Total: 17

Other Threads:
  0x0000017bdec38db0 VMThread "VM Thread"                           [id=2628, stack(0x0000005e80100000,0x0000005e80200000) (1024K)]
  0x0000017bdec2ab70 WatcherThread "VM Periodic Task Thread"        [id=15800, stack(0x0000005e80000000,0x0000005e80100000) (1024K)]
  0x0000017bbf0a0f50 WorkerThread "GC Thread#0"                     [id=11328, stack(0x0000005eff800000,0x0000005eff900000) (1024K)]
  0x0000017be7713900 WorkerThread "GC Thread#1"                     [id=3716, stack(0x0000005e80f00000,0x0000005e81000000) (1024K)]
  0x0000017be7714e90 WorkerThread "GC Thread#2"                     [id=16952, stack(0x0000005e81000000,0x0000005e81100000) (1024K)]
  0x0000017be7716420 WorkerThread "GC Thread#3"                     [id=22260, stack(0x0000005e81300000,0x0000005e81400000) (1024K)]
  0x0000017be7716870 WorkerThread "GC Thread#4"                     [id=18944, stack(0x0000005e81f00000,0x0000005e82000000) (1024K)]
  0x0000017be7716cc0 WorkerThread "GC Thread#5"                     [id=7448, stack(0x0000005e82000000,0x0000005e82100000) (1024K)]
  0x0000017be7714a40 WorkerThread "GC Thread#6"                     [id=10988, stack(0x0000005e82100000,0x0000005e82200000) (1024K)]
  0x0000017bf07b4a00 WorkerThread "GC Thread#7"                     [id=13384, stack(0x0000005e80c00000,0x0000005e80d00000) (1024K)]
  0x0000017bf07b4e50 WorkerThread "GC Thread#8"                     [id=8540, stack(0x0000005e80d00000,0x0000005e80e00000) (1024K)]
  0x0000017bf07b5f90 WorkerThread "GC Thread#9"                     [id=5392, stack(0x0000005e80e00000,0x0000005e80f00000) (1024K)]
  0x0000017bf07b52a0 WorkerThread "GC Thread#10"                    [id=21628, stack(0x0000005e82200000,0x0000005e82300000) (1024K)]
  0x0000017bbf0b9bc0 ConcurrentGCThread "G1 Main Marker"            [id=9480, stack(0x0000005eff900000,0x0000005effa00000) (1024K)]
  0x0000017bbf0bdb70 WorkerThread "G1 Conc#0"                       [id=15552, stack(0x0000005effa00000,0x0000005effb00000) (1024K)]
  0x0000017bdeaf4ea0 ConcurrentGCThread "G1 Refine#0"               [id=8644, stack(0x0000005effb00000,0x0000005effc00000) (1024K)]
  0x0000017bdeaf5360 ConcurrentGCThread "G1 Service"                [id=2908, stack(0x0000005effc00000,0x0000005effd00000) (1024K)]
Total: 17

Threads with active compile tasks:
Total: 0

VM state: not at safepoint (normal execution)

VM Mutex/Monitor currently owned by a thread: None

Heap address: 0x0000000704400000, size: 4028 MB, Compressed Oops mode: Zero based, Oop shift amount: 3

CDS archive(s) mapped at: [0x000000008c000000-0x000000008cdb0000-0x000000008cdb0000), size 14352384, SharedBaseAddress: 0x000000008c000000, ArchiveRelocationMode: 1.
Compressed class space mapped at: 0x000000008d000000-0x00000000cd000000, reserved size: 1073741824
UseCompressedClassPointers 1, UseCompactObjectHeaders 0
Narrow klass pointer bits 32, Max shift 3
Narrow klass base: 0x000000008c000000, Narrow klass shift: 0
Encoding Range: [0x000000008c000000 - 0x000000018c000000), (4294967296 bytes)
Klass Range:    [0x000000008c010000 - 0x00000000cd000000), (1090453504 bytes)
Klass ID Range:  [65536 - 1090519033) (1090453497)
Protection zone: [0x000000008c000000 - 0x000000008c010000), (65536 bytes)

GC Precious Log:
 CardTable entry size: 512
 Card Set container configuration: InlinePtr #cards 4 size 8 Array Of Cards #cards 16 size 48 Howl #buckets 8 coarsen threshold 3686 Howl Bitmap #cards 512 size 80 coarsen threshold 460 Card regions per heap region 1 cards per card region 4096
 CPUs: 16 total, 16 available
 Memory: 16106M
 Large Page Support: Disabled
 NUMA Support: Disabled
 Compressed Oops: Enabled (Zero based)
 Heap Region Size: 2M
 Heap Min Capacity: 8M
 Heap Initial Capacity: 252M
 Heap Max Capacity: 4028M
 Pre-touch: Disabled
 Parallel Workers: 13
 Concurrent Workers: 3
 Concurrent Refinement Workers: 13
 Periodic GC: Disabled
 G1 Time-Based Heap Sizing enabled (uncommit-only)
 Evaluation Interval: 60s, Uncommit Delay: 300s, Min Regions To Uncommit: 10

Heap:
 garbage-first heap   total reserved 4124672K, committed 260096K, used 91160K [0x0000000704400000, 0x0000000800000000)
  region size 2048K, 44 young (90112K), 6 survivors (12288K)

Heap Regions: E=young(eden), S=young(survivor), O=old, HS=humongous(starts), HC=humongous(continues), CS=collection set, F=free, TAMS=top-at-mark-start, PB=parsable bottom
|   0|0x0000000704400000, 0x0000000704600000, 0x0000000704600000|100%| O|  |TAMS 0x0000000704400000| PB 0x0000000704400000| Untracked |  0
|   1|0x0000000704600000, 0x0000000704792ba8, 0x0000000704800000| 78%| O|  |TAMS 0x0000000704600000| PB 0x0000000704600000| Untracked |  0
|   2|0x0000000704800000, 0x0000000704800000, 0x0000000704a00000|  0%| F|  |TAMS 0x0000000704800000| PB 0x0000000704800000| Untracked |  0
|   3|0x0000000704a00000, 0x0000000704a00000, 0x0000000704c00000|  0%| F|  |TAMS 0x0000000704a00000| PB 0x0000000704a00000| Untracked |  0
|   4|0x0000000704c00000, 0x0000000704c00000, 0x0000000704e00000|  0%| F|  |TAMS 0x0000000704c00000| PB 0x0000000704c00000| Untracked |  0
|   5|0x0000000704e00000, 0x0000000704e00000, 0x0000000705000000|  0%| F|  |TAMS 0x0000000704e00000| PB 0x0000000704e00000| Untracked |  0
|   6|0x0000000705000000, 0x0000000705000000, 0x0000000705200000|  0%| F|  |TAMS 0x0000000705000000| PB 0x0000000705000000| Untracked |  0
|   7|0x0000000705200000, 0x0000000705200000, 0x0000000705400000|  0%| F|  |TAMS 0x0000000705200000| PB 0x0000000705200000| Untracked |  0
|   8|0x0000000705400000, 0x0000000705400000, 0x0000000705600000|  0%| F|  |TAMS 0x0000000705400000| PB 0x0000000705400000| Untracked |  0
|   9|0x0000000705600000, 0x0000000705600000, 0x0000000705800000|  0%| F|  |TAMS 0x0000000705600000| PB 0x0000000705600000| Untracked |  0
|  10|0x0000000705800000, 0x0000000705800000, 0x0000000705a00000|  0%| F|  |TAMS 0x0000000705800000| PB 0x0000000705800000| Untracked |  0
|  11|0x0000000705a00000, 0x0000000705a00000, 0x0000000705c00000|  0%| F|  |TAMS 0x0000000705a00000| PB 0x0000000705a00000| Untracked |  0
|  12|0x0000000705c00000, 0x0000000705c00000, 0x0000000705e00000|  0%| F|  |TAMS 0x0000000705c00000| PB 0x0000000705c00000| Untracked |  0
|  13|0x0000000705e00000, 0x0000000705e00000, 0x0000000706000000|  0%| F|  |TAMS 0x0000000705e00000| PB 0x0000000705e00000| Untracked |  0
|  14|0x0000000706000000, 0x0000000706000000, 0x0000000706200000|  0%| F|  |TAMS 0x0000000706000000| PB 0x0000000706000000| Untracked |  0
|  15|0x0000000706200000, 0x0000000706200000, 0x0000000706400000|  0%| F|  |TAMS 0x0000000706200000| PB 0x0000000706200000| Untracked |  0
|  16|0x0000000706400000, 0x0000000706400000, 0x0000000706600000|  0%| F|  |TAMS 0x0000000706400000| PB 0x0000000706400000| Untracked |  0
|  17|0x0000000706600000, 0x0000000706600000, 0x0000000706800000|  0%| F|  |TAMS 0x0000000706600000| PB 0x0000000706600000| Untracked |  0
|  18|0x0000000706800000, 0x0000000706800000, 0x0000000706a00000|  0%| F|  |TAMS 0x0000000706800000| PB 0x0000000706800000| Untracked |  0
|  19|0x0000000706a00000, 0x0000000706a00000, 0x0000000706c00000|  0%| F|  |TAMS 0x0000000706a00000| PB 0x0000000706a00000| Untracked |  0
|  20|0x0000000706c00000, 0x0000000706c00000, 0x0000000706e00000|  0%| F|  |TAMS 0x0000000706c00000| PB 0x0000000706c00000| Untracked |  0
|  21|0x0000000706e00000, 0x0000000706e00000, 0x0000000707000000|  0%| F|  |TAMS 0x0000000706e00000| PB 0x0000000706e00000| Untracked |  0
|  22|0x0000000707000000, 0x0000000707000000, 0x0000000707200000|  0%| F|  |TAMS 0x0000000707000000| PB 0x0000000707000000| Untracked |  0
|  23|0x0000000707200000, 0x0000000707200000, 0x0000000707400000|  0%| F|  |TAMS 0x0000000707200000| PB 0x0000000707200000| Untracked |  0
|  24|0x0000000707400000, 0x0000000707400000, 0x0000000707600000|  0%| F|  |TAMS 0x0000000707400000| PB 0x0000000707400000| Untracked |  0
|  25|0x0000000707600000, 0x0000000707600000, 0x0000000707800000|  0%| F|  |TAMS 0x0000000707600000| PB 0x0000000707600000| Untracked |  0
|  26|0x0000000707800000, 0x0000000707800000, 0x0000000707a00000|  0%| F|  |TAMS 0x0000000707800000| PB 0x0000000707800000| Untracked |  0
|  27|0x0000000707a00000, 0x0000000707a00000, 0x0000000707c00000|  0%| F|  |TAMS 0x0000000707a00000| PB 0x0000000707a00000| Untracked |  0
|  28|0x0000000707c00000, 0x0000000707c00000, 0x0000000707e00000|  0%| F|  |TAMS 0x0000000707c00000| PB 0x0000000707c00000| Untracked |  0
|  29|0x0000000707e00000, 0x0000000707e00000, 0x0000000708000000|  0%| F|  |TAMS 0x0000000707e00000| PB 0x0000000707e00000| Untracked |  0
|  30|0x0000000708000000, 0x0000000708000000, 0x0000000708200000|  0%| F|  |TAMS 0x0000000708000000| PB 0x0000000708000000| Untracked |  0
|  31|0x0000000708200000, 0x0000000708200000, 0x0000000708400000|  0%| F|  |TAMS 0x0000000708200000| PB 0x0000000708200000| Untracked |  0
|  32|0x0000000708400000, 0x0000000708400000, 0x0000000708600000|  0%| F|  |TAMS 0x0000000708400000| PB 0x0000000708400000| Untracked |  0
|  33|0x0000000708600000, 0x0000000708600000, 0x0000000708800000|  0%| F|  |TAMS 0x0000000708600000| PB 0x0000000708600000| Untracked |  0
|  34|0x0000000708800000, 0x0000000708800000, 0x0000000708a00000|  0%| F|  |TAMS 0x0000000708800000| PB 0x0000000708800000| Untracked |  0
|  35|0x0000000708a00000, 0x0000000708a00000, 0x0000000708c00000|  0%| F|  |TAMS 0x0000000708a00000| PB 0x0000000708a00000| Untracked |  0
|  36|0x0000000708c00000, 0x0000000708c00000, 0x0000000708e00000|  0%| F|  |TAMS 0x0000000708c00000| PB 0x0000000708c00000| Untracked |  0
|  37|0x0000000708e00000, 0x0000000708e00000, 0x0000000709000000|  0%| F|  |TAMS 0x0000000708e00000| PB 0x0000000708e00000| Untracked |  0
|  38|0x0000000709000000, 0x0000000709000000, 0x0000000709200000|  0%| F|  |TAMS 0x0000000709000000| PB 0x0000000709000000| Untracked |  0
|  39|0x0000000709200000, 0x0000000709200000, 0x0000000709400000|  0%| F|  |TAMS 0x0000000709200000| PB 0x0000000709200000| Untracked |  0
|  40|0x0000000709400000, 0x0000000709400000, 0x0000000709600000|  0%| F|  |TAMS 0x0000000709400000| PB 0x0000000709400000| Untracked |  0
|  41|0x0000000709600000, 0x0000000709600000, 0x0000000709800000|  0%| F|  |TAMS 0x0000000709600000| PB 0x0000000709600000| Untracked |  0
|  42|0x0000000709800000, 0x0000000709800000, 0x0000000709a00000|  0%| F|  |TAMS 0x0000000709800000| PB 0x0000000709800000| Untracked |  0
|  43|0x0000000709a00000, 0x0000000709a00000, 0x0000000709c00000|  0%| F|  |TAMS 0x0000000709a00000| PB 0x0000000709a00000| Untracked |  0
|  44|0x0000000709c00000, 0x0000000709c00000, 0x0000000709e00000|  0%| F|  |TAMS 0x0000000709c00000| PB 0x0000000709c00000| Untracked |  0
|  45|0x0000000709e00000, 0x0000000709e4dea8, 0x000000070a000000| 15%| S|CS|TAMS 0x0000000709e00000| PB 0x0000000709e00000| Complete |  0
|  46|0x000000070a000000, 0x000000070a200000, 0x000000070a200000|100%| S|CS|TAMS 0x000000070a000000| PB 0x000000070a000000| Complete |  0
|  47|0x000000070a200000, 0x000000070a400000, 0x000000070a400000|100%| S|CS|TAMS 0x000000070a200000| PB 0x000000070a200000| Complete |  0
|  48|0x000000070a400000, 0x000000070a600000, 0x000000070a600000|100%| S|CS|TAMS 0x000000070a400000| PB 0x000000070a400000| Complete |  0
|  49|0x000000070a600000, 0x000000070a800000, 0x000000070a800000|100%| S|CS|TAMS 0x000000070a600000| PB 0x000000070a600000| Complete |  0
|  50|0x000000070a800000, 0x000000070aa00000, 0x000000070aa00000|100%| S|CS|TAMS 0x000000070a800000| PB 0x000000070a800000| Complete |  0
|  51|0x000000070aa00000, 0x000000070aa00000, 0x000000070ac00000|  0%| F|  |TAMS 0x000000070aa00000| PB 0x000000070aa00000| Untracked |  0
|  52|0x000000070ac00000, 0x000000070ac00000, 0x000000070ae00000|  0%| F|  |TAMS 0x000000070ac00000| PB 0x000000070ac00000| Untracked |  0
|  53|0x000000070ae00000, 0x000000070ae00000, 0x000000070b000000|  0%| F|  |TAMS 0x000000070ae00000| PB 0x000000070ae00000| Untracked |  0
|  54|0x000000070b000000, 0x000000070b000000, 0x000000070b200000|  0%| F|  |TAMS 0x000000070b000000| PB 0x000000070b000000| Untracked |  0
|  55|0x000000070b200000, 0x000000070b200000, 0x000000070b400000|  0%| F|  |TAMS 0x000000070b200000| PB 0x000000070b200000| Untracked |  0
|  56|0x000000070b400000, 0x000000070b400000, 0x000000070b600000|  0%| F|  |TAMS 0x000000070b400000| PB 0x000000070b400000| Untracked |  0
|  57|0x000000070b600000, 0x000000070b600000, 0x000000070b800000|  0%| F|  |TAMS 0x000000070b600000| PB 0x000000070b600000| Untracked |  0
|  58|0x000000070b800000, 0x000000070b800000, 0x000000070ba00000|  0%| F|  |TAMS 0x000000070b800000| PB 0x000000070b800000| Untracked |  0
|  59|0x000000070ba00000, 0x000000070ba00000, 0x000000070bc00000|  0%| F|  |TAMS 0x000000070ba00000| PB 0x000000070ba00000| Untracked |  0
|  60|0x000000070bc00000, 0x000000070bc00000, 0x000000070be00000|  0%| F|  |TAMS 0x000000070bc00000| PB 0x000000070bc00000| Untracked |  0
|  61|0x000000070be00000, 0x000000070be00000, 0x000000070c000000|  0%| F|  |TAMS 0x000000070be00000| PB 0x000000070be00000| Untracked |  0
|  62|0x000000070c000000, 0x000000070c000000, 0x000000070c200000|  0%| F|  |TAMS 0x000000070c000000| PB 0x000000070c000000| Untracked |  0
|  63|0x000000070c200000, 0x000000070c200000, 0x000000070c400000|  0%| F|  |TAMS 0x000000070c200000| PB 0x000000070c200000| Untracked |  0
|  64|0x000000070c400000, 0x000000070c400000, 0x000000070c600000|  0%| F|  |TAMS 0x000000070c400000| PB 0x000000070c400000| Untracked |  0
|  65|0x000000070c600000, 0x000000070c600000, 0x000000070c800000|  0%| F|  |TAMS 0x000000070c600000| PB 0x000000070c600000| Untracked |  0
|  66|0x000000070c800000, 0x000000070c800000, 0x000000070ca00000|  0%| F|  |TAMS 0x000000070c800000| PB 0x000000070c800000| Untracked |  0
|  67|0x000000070ca00000, 0x000000070ca00000, 0x000000070cc00000|  0%| F|  |TAMS 0x000000070ca00000| PB 0x000000070ca00000| Untracked |  0
|  68|0x000000070cc00000, 0x000000070cc00000, 0x000000070ce00000|  0%| F|  |TAMS 0x000000070cc00000| PB 0x000000070cc00000| Untracked |  0
|  69|0x000000070ce00000, 0x000000070ce00000, 0x000000070d000000|  0%| F|  |TAMS 0x000000070ce00000| PB 0x000000070ce00000| Untracked |  0
|  70|0x000000070d000000, 0x000000070d000000, 0x000000070d200000|  0%| F|  |TAMS 0x000000070d000000| PB 0x000000070d000000| Untracked |  0
|  71|0x000000070d200000, 0x000000070d200000, 0x000000070d400000|  0%| F|  |TAMS 0x000000070d200000| PB 0x000000070d200000| Untracked |  0
|  72|0x000000070d400000, 0x000000070d400000, 0x000000070d600000|  0%| F|  |TAMS 0x000000070d400000| PB 0x000000070d400000| Untracked |  0
|  73|0x000000070d600000, 0x000000070d600000, 0x000000070d800000|  0%| F|  |TAMS 0x000000070d600000| PB 0x000000070d600000| Untracked |  0
|  74|0x000000070d800000, 0x000000070d800000, 0x000000070da00000|  0%| F|  |TAMS 0x000000070d800000| PB 0x000000070d800000| Untracked |  0
|  75|0x000000070da00000, 0x000000070da00000, 0x000000070dc00000|  0%| F|  |TAMS 0x000000070da00000| PB 0x000000070da00000| Untracked |  0
|  76|0x000000070dc00000, 0x000000070dc00000, 0x000000070de00000|  0%| F|  |TAMS 0x000000070dc00000| PB 0x000000070dc00000| Untracked |  0
|  77|0x000000070de00000, 0x000000070de00000, 0x000000070e000000|  0%| F|  |TAMS 0x000000070de00000| PB 0x000000070de00000| Untracked |  0
|  78|0x000000070e000000, 0x000000070e000000, 0x000000070e200000|  0%| F|  |TAMS 0x000000070e000000| PB 0x000000070e000000| Untracked |  0
|  79|0x000000070e200000, 0x000000070e200000, 0x000000070e400000|  0%| F|  |TAMS 0x000000070e200000| PB 0x000000070e200000| Untracked |  0
|  80|0x000000070e400000, 0x000000070e400000, 0x000000070e600000|  0%| F|  |TAMS 0x000000070e400000| PB 0x000000070e400000| Untracked |  0
|  81|0x000000070e600000, 0x000000070e600000, 0x000000070e800000|  0%| F|  |TAMS 0x000000070e600000| PB 0x000000070e600000| Untracked |  0
|  82|0x000000070e800000, 0x000000070e800000, 0x000000070ea00000|  0%| F|  |TAMS 0x000000070e800000| PB 0x000000070e800000| Untracked |  0
|  83|0x000000070ea00000, 0x000000070ea00000, 0x000000070ec00000|  0%| F|  |TAMS 0x000000070ea00000| PB 0x000000070ea00000| Untracked |  0
|  84|0x000000070ec00000, 0x000000070ec00000, 0x000000070ee00000|  0%| F|  |TAMS 0x000000070ec00000| PB 0x000000070ec00000| Untracked |  0
|  85|0x000000070ee00000, 0x000000070ee00000, 0x000000070f000000|  0%| F|  |TAMS 0x000000070ee00000| PB 0x000000070ee00000| Untracked |  0
|  86|0x000000070f000000, 0x000000070f000000, 0x000000070f200000|  0%| F|  |TAMS 0x000000070f000000| PB 0x000000070f000000| Untracked |  0
|  87|0x000000070f200000, 0x000000070f200000, 0x000000070f400000|  0%| F|  |TAMS 0x000000070f200000| PB 0x000000070f200000| Untracked |  0
|  88|0x000000070f400000, 0x000000070f500000, 0x000000070f600000| 50%| E|  |TAMS 0x000000070f400000| PB 0x000000070f400000| Complete |  0
|  89|0x000000070f600000, 0x000000070f800000, 0x000000070f800000|100%| E|CS|TAMS 0x000000070f600000| PB 0x000000070f600000| Complete |  0
|  90|0x000000070f800000, 0x000000070fa00000, 0x000000070fa00000|100%| E|CS|TAMS 0x000000070f800000| PB 0x000000070f800000| Complete |  0
|  91|0x000000070fa00000, 0x000000070fc00000, 0x000000070fc00000|100%| E|CS|TAMS 0x000000070fa00000| PB 0x000000070fa00000| Complete |  0
|  92|0x000000070fc00000, 0x000000070fe00000, 0x000000070fe00000|100%| E|CS|TAMS 0x000000070fc00000| PB 0x000000070fc00000| Complete |  0
|  93|0x000000070fe00000, 0x0000000710000000, 0x0000000710000000|100%| E|CS|TAMS 0x000000070fe00000| PB 0x000000070fe00000| Complete |  0
|  94|0x0000000710000000, 0x0000000710200000, 0x0000000710200000|100%| E|CS|TAMS 0x0000000710000000| PB 0x0000000710000000| Complete |  0
|  95|0x0000000710200000, 0x0000000710400000, 0x0000000710400000|100%| E|CS|TAMS 0x0000000710200000| PB 0x0000000710200000| Complete |  0
|  96|0x0000000710400000, 0x0000000710600000, 0x0000000710600000|100%| E|CS|TAMS 0x0000000710400000| PB 0x0000000710400000| Complete |  0
|  97|0x0000000710600000, 0x0000000710800000, 0x0000000710800000|100%| E|CS|TAMS 0x0000000710600000| PB 0x0000000710600000| Complete |  0
|  98|0x0000000710800000, 0x0000000710a00000, 0x0000000710a00000|100%| E|CS|TAMS 0x0000000710800000| PB 0x0000000710800000| Complete |  0
|  99|0x0000000710a00000, 0x0000000710c00000, 0x0000000710c00000|100%| E|CS|TAMS 0x0000000710a00000| PB 0x0000000710a00000| Complete |  0
| 100|0x0000000710c00000, 0x0000000710e00000, 0x0000000710e00000|100%| E|CS|TAMS 0x0000000710c00000| PB 0x0000000710c00000| Complete |  0
| 101|0x0000000710e00000, 0x0000000711000000, 0x0000000711000000|100%| E|CS|TAMS 0x0000000710e00000| PB 0x0000000710e00000| Complete |  0
| 102|0x0000000711000000, 0x0000000711200000, 0x0000000711200000|100%| E|CS|TAMS 0x0000000711000000| PB 0x0000000711000000| Complete |  0
| 103|0x0000000711200000, 0x0000000711400000, 0x0000000711400000|100%| E|CS|TAMS 0x0000000711200000| PB 0x0000000711200000| Complete |  0
| 104|0x0000000711400000, 0x0000000711600000, 0x0000000711600000|100%| E|CS|TAMS 0x0000000711400000| PB 0x0000000711400000| Complete |  0
| 105|0x0000000711600000, 0x0000000711800000, 0x0000000711800000|100%| E|CS|TAMS 0x0000000711600000| PB 0x0000000711600000| Complete |  0
| 106|0x0000000711800000, 0x0000000711a00000, 0x0000000711a00000|100%| E|CS|TAMS 0x0000000711800000| PB 0x0000000711800000| Complete |  0
| 107|0x0000000711a00000, 0x0000000711c00000, 0x0000000711c00000|100%| E|CS|TAMS 0x0000000711a00000| PB 0x0000000711a00000| Complete |  0
| 108|0x0000000711c00000, 0x0000000711e00000, 0x0000000711e00000|100%| E|CS|TAMS 0x0000000711c00000| PB 0x0000000711c00000| Complete |  0
| 109|0x0000000711e00000, 0x0000000712000000, 0x0000000712000000|100%| E|CS|TAMS 0x0000000711e00000| PB 0x0000000711e00000| Complete |  0
| 110|0x0000000712000000, 0x0000000712200000, 0x0000000712200000|100%| E|CS|TAMS 0x0000000712000000| PB 0x0000000712000000| Complete |  0
| 111|0x0000000712200000, 0x0000000712400000, 0x0000000712400000|100%| E|CS|TAMS 0x0000000712200000| PB 0x0000000712200000| Complete |  0
| 112|0x0000000712400000, 0x0000000712600000, 0x0000000712600000|100%| E|CS|TAMS 0x0000000712400000| PB 0x0000000712400000| Complete |  0
| 113|0x0000000712600000, 0x0000000712800000, 0x0000000712800000|100%| E|CS|TAMS 0x0000000712600000| PB 0x0000000712600000| Complete |  0
| 114|0x0000000712800000, 0x0000000712a00000, 0x0000000712a00000|100%| E|CS|TAMS 0x0000000712800000| PB 0x0000000712800000| Complete |  0
| 115|0x0000000712a00000, 0x0000000712c00000, 0x0000000712c00000|100%| E|CS|TAMS 0x0000000712a00000| PB 0x0000000712a00000| Complete |  0
| 116|0x0000000712c00000, 0x0000000712e00000, 0x0000000712e00000|100%| E|CS|TAMS 0x0000000712c00000| PB 0x0000000712c00000| Complete |  0
| 117|0x0000000712e00000, 0x0000000713000000, 0x0000000713000000|100%| E|CS|TAMS 0x0000000712e00000| PB 0x0000000712e00000| Complete |  0
| 118|0x0000000713000000, 0x0000000713200000, 0x0000000713200000|100%| E|CS|TAMS 0x0000000713000000| PB 0x0000000713000000| Complete |  0
| 119|0x0000000713200000, 0x0000000713400000, 0x0000000713400000|100%| E|CS|TAMS 0x0000000713200000| PB 0x0000000713200000| Complete |  0
| 120|0x0000000713400000, 0x0000000713600000, 0x0000000713600000|100%| E|CS|TAMS 0x0000000713400000| PB 0x0000000713400000| Complete |  0
| 121|0x0000000713600000, 0x0000000713800000, 0x0000000713800000|100%| E|CS|TAMS 0x0000000713600000| PB 0x0000000713600000| Complete |  0
| 122|0x0000000713800000, 0x0000000713a00000, 0x0000000713a00000|100%| E|CS|TAMS 0x0000000713800000| PB 0x0000000713800000| Complete |  0
| 123|0x0000000713a00000, 0x0000000713c00000, 0x0000000713c00000|100%| E|CS|TAMS 0x0000000713a00000| PB 0x0000000713a00000| Complete |  0
| 124|0x0000000713c00000, 0x0000000713e00000, 0x0000000713e00000|100%| E|CS|TAMS 0x0000000713c00000| PB 0x0000000713c00000| Complete |  0
| 125|0x0000000713e00000, 0x0000000714000000, 0x0000000714000000|100%| E|CS|TAMS 0x0000000713e00000| PB 0x0000000713e00000| Complete |  0
|2013|0x00000007ffe00000, 0x00000007fff25860, 0x0000000800000000| 57%| O|  |TAMS 0x00000007ffe00000| PB 0x00000007ffe00000| Untracked |  0

Card table byte_map: [0x0000017bd7cb0000,0x0000017bd8490000] _byte_map_base: 0x0000017bd448e000

Marking Bits: (CMBitMap*) 0x0000017bbf0a16e0
 Bits: [0x0000017bd8490000, 0x0000017bdc380000)

Polling page: 0x0000017bbe800000

Metaspace:
Metaspace        used 17443K, committed 18176K, reserved 1114112K
 class space     used 1475K, committed 1792K, reserved 1048576K

Usage:
  Non-class:     15.59 MB used.
      Class:      1.44 MB used.
       Both:     17.03 MB used.

Virtual space:
  Non-class space:       64.00 MB reserved,      16.00 MB ( 25%) committed,  1 nodes.
      Class space:        1.00 GB reserved,       1.75 MB ( <1%) committed,  1 nodes.
             Both:        1.06 GB reserved,      17.75 MB (  2%) committed. 

Chunk freelists:
   Non-Class:  15.88 MB
       Class:  14.13 MB
        Both:  30.01 MB

MaxMetaspaceSize: unlimited
CompressedClassSpaceSize: 1.00 GB
Initial GC threshold: 21.00 MB
Current GC threshold: 21.00 MB
CDS: on
 - commit_granule_bytes: 65536.
 - commit_granule_words: 8192.
 - virtual_space_node_default_size: 8388608.
 - enlarge_chunks_in_place: 1.
UseCompressedClassPointers 1, UseCompactObjectHeaders 0
Narrow klass pointer bits 32, Max shift 3
Narrow klass base: 0x000000008c000000, Narrow klass shift: 0
Encoding Range: [0x000000008c000000 - 0x000000018c000000), (4294967296 bytes)
Klass Range:    [0x000000008c010000 - 0x00000000cd000000), (1090453504 bytes)
Klass ID Range:  [65536 - 1090519033) (1090453497)
Protection zone: [0x000000008c000000 - 0x000000008c010000), (65536 bytes)


Internal statistics:

num_allocs_failed_limit: 0.
num_arena_births: 1036.
num_arena_deaths: 0.
num_vsnodes_births: 2.
num_vsnodes_deaths: 0.
num_space_committed: 283.
num_space_uncommitted: 0.
num_chunks_returned_to_freelist: 0.
num_chunks_taken_from_freelist: 1634.
num_chunk_merges: 0.
num_chunk_splits: 1105.
num_chunks_enlarged: 660.
num_inconsistent_stats: 0.

CodeHeap 'non-profiled nmethods': size=119168Kb used=1681Kb max_used=1681Kb free=117486Kb
 bounds [0x0000017bcf6e0000, 0x0000017bcf950000, 0x0000017bd6b40000]
CodeHeap 'profiled nmethods': size=119168Kb used=5950Kb max_used=5950Kb free=113218Kb
 bounds [0x0000017bc7b30000, 0x0000017bc8100000, 0x0000017bcef90000]
CodeHeap 'non-nmethods': size=7488Kb used=3299Kb max_used=5122Kb free=4188Kb
 bounds [0x0000017bcef90000, 0x0000017bcf4a0000, 0x0000017bcf6e0000]
CodeCache: size=245824Kb, used=10930Kb, max_used=12753Kb, free=234892Kb
 total_blobs=6101, nmethods=4149, adapters=1830, full_count=0
Compilation: enabled, stopped_count=0, restarted_count=0

Compilation events (20 events):
Event: 80.638 Thread 0x0000017bdec68290 4140       3       sun.rmi.server.MarshalInputStream::readLocation (5 bytes)
Event: 80.638 Thread 0x0000017bdec68290 nmethod 4140 0x0000017bc80fba88 code [0x0000017bc80fbb80, 0x0000017bc80fbd98]
Event: 80.638 Thread 0x0000017bdec68290 4141       3       java.rmi.server.RMIClassLoader::loadClass (10 bytes)
Event: 80.639 Thread 0x0000017bdec68290 nmethod 4141 0x0000017bc80fbe08 code [0x0000017bc80fbf00, 0x0000017bc80fc088]
Event: 80.639 Thread 0x0000017bdec68290 4142       3       java.rmi.server.RMIClassLoader$1::loadClass (7 bytes)
Event: 80.639 Thread 0x0000017bdec68290 nmethod 4142 0x0000017bc80fc108 code [0x0000017bc80fc200, 0x0000017bc80fc338]
Event: 80.639 Thread 0x0000017bdec68290 4143   !   3       sun.rmi.server.LoaderHandler::loadClass (129 bytes)
Event: 80.639 Thread 0x0000017bdec68290 nmethod 4143 0x0000017bc80fc408 code [0x0000017bc80fc500, 0x0000017bc80fd7c0]
Event: 80.639 Thread 0x0000017bdec68290 4144  s    3       sun.rmi.server.LoaderHandler::getDefaultCodebaseURLs (35 bytes)
Event: 80.639 Thread 0x0000017bdec68290 nmethod 4144 0x0000017bc80fd808 code [0x0000017bc80fd900, 0x0000017bc80fdd88]
Event: 80.639 Thread 0x0000017bdec68290 4145       3       java.io.ObjectStreamClass::classNamesEqual (59 bytes)
Event: 80.640 Thread 0x0000017bdec68290 nmethod 4145 0x0000017bc80fde08 code [0x0000017bc80fdf00, 0x0000017bc80ff060]
Event: 80.661 Thread 0x0000017bdec62a60 4146       4       java.io.ObjectStreamClass::requireInitialized (19 bytes)
Event: 80.662 Thread 0x0000017bdec62a60 nmethod 4146 0x0000017bcf883e88 code [0x0000017bcf883f80, 0x0000017bcf884018]
Event: 80.662 Thread 0x0000017bdec68290 4147       3       sun.rmi.transport.ObjectEndpoint::hashCode (27 bytes)
Event: 80.662 Thread 0x0000017bdec62a60 4149       4       java.io.ObjectOutputStream$BlockDataOutputStream::writeShort (47 bytes)
Event: 80.662 Thread 0x0000017bdec68290 nmethod 4147 0x0000017bc80ff088 code [0x0000017bc80ff180, 0x0000017bc80ff488]
Event: 80.662 Thread 0x0000017bdec68290 4148       3       java.rmi.server.ObjID::hashCode (6 bytes)
Event: 80.662 Thread 0x0000017bdec68290 nmethod 4148 0x0000017bc80ff508 code [0x0000017bc80ff600, 0x0000017bc80ff710]
Event: 80.663 Thread 0x0000017bdec62a60 nmethod 4149 0x0000017bcf884188 code [0x0000017bcf884280, 0x0000017bcf8843b8]

GC Heap Usage History (18 events):
Event: 0.531 {heap Before GC invocations=0 (full 0):
 garbage-first heap   total reserved 4124672K, committed 260096K, used 50326K [0x0000000704400000, 0x0000000800000000)
  region size 2048K, 24 young (49152K), 0 survivors (0K)
}
Event: 0.534 {heap After GC invocations=1 (full 0):
 garbage-first heap   total reserved 4124672K, committed 260096K, used 5009K [0x0000000704400000, 0x0000000800000000)
  region size 2048K, 2 young (4096K), 2 survivors (4096K)
}
Event: 6.057 {heap Before GC invocations=1 (full 0):
 garbage-first heap   total reserved 4124672K, committed 260096K, used 131985K [0x0000000704400000, 0x0000000800000000)
  region size 2048K, 58 young (118784K), 2 survivors (4096K)
}
Event: 6.064 {heap After GC invocations=2 (full 0):
 garbage-first heap   total reserved 4124672K, committed 260096K, used 14851K [0x0000000704400000, 0x0000000800000000)
  region size 2048K, 7 young (14336K), 7 survivors (14336K)
}
Event: 16.623 {heap Before GC invocations=2 (full 0):
 garbage-first heap   total reserved 4124672K, committed 260096K, used 154115K [0x0000000704400000, 0x0000000800000000)
  region size 2048K, 75 young (153600K), 7 survivors (14336K)
}
Event: 16.628 {heap After GC invocations=3 (full 0):
 garbage-first heap   total reserved 4124672K, committed 260096K, used 15416K [0x0000000704400000, 0x0000000800000000)
  region size 2048K, 6 young (12288K), 6 survivors (12288K)
}
Event: 27.345 {heap Before GC invocations=3 (full 0):
 garbage-first heap   total reserved 4124672K, committed 260096K, used 156728K [0x0000000704400000, 0x0000000800000000)
  region size 2048K, 75 young (153600K), 6 survivors (12288K)
}
Event: 27.348 {heap After GC invocations=4 (full 0):
 garbage-first heap   total reserved 4124672K, committed 260096K, used 15073K [0x0000000704400000, 0x0000000800000000)
  region size 2048K, 5 young (10240K), 5 survivors (10240K)
}
Event: 38.178 {heap Before GC invocations=4 (full 0):
 garbage-first heap   total reserved 4124672K, committed 260096K, used 158433K [0x0000000704400000, 0x0000000800000000)
  region size 2048K, 75 young (153600K), 5 survivors (10240K)
}
Event: 38.181 {heap After GC invocations=5 (full 0):
 garbage-first heap   total reserved 4124672K, committed 260096K, used 14898K [0x0000000704400000, 0x0000000800000000)
  region size 2048K, 5 young (10240K), 5 survivors (10240K)
}
Event: 48.361 {heap Before GC invocations=5 (full 0):
 garbage-first heap   total reserved 4124672K, committed 260096K, used 158258K [0x0000000704400000, 0x0000000800000000)
  region size 2048K, 75 young (153600K), 5 survivors (10240K)
}
Event: 48.364 {heap After GC invocations=6 (full 0):
 garbage-first heap   total reserved 4124672K, committed 260096K, used 15073K [0x0000000704400000, 0x0000000800000000)
  region size 2048K, 5 young (10240K), 5 survivors (10240K)
}
Event: 56.261 {heap Before GC invocations=6 (full 0):
 garbage-first heap   total reserved 4124672K, committed 260096K, used 158433K [0x0000000704400000, 0x0000000800000000)
  region size 2048K, 75 young (153600K), 5 survivors (10240K)
}
Event: 56.264 {heap After GC invocations=7 (full 0):
 garbage-first heap   total reserved 4124672K, committed 260096K, used 14901K [0x0000000704400000, 0x0000000800000000)
  region size 2048K, 5 young (10240K), 5 survivors (10240K)
}
Event: 64.195 {heap Before GC invocations=7 (full 0):
 garbage-first heap   total reserved 4124672K, committed 260096K, used 158261K [0x0000000704400000, 0x0000000800000000)
  region size 2048K, 75 young (153600K), 5 survivors (10240K)
}
Event: 64.197 {heap After GC invocations=8 (full 0):
 garbage-first heap   total reserved 4124672K, committed 260096K, used 15073K [0x0000000704400000, 0x0000000800000000)
  region size 2048K, 5 young (10240K), 5 survivors (10240K)
}
Event: 74.461 {heap Before GC invocations=8 (full 0):
 garbage-first heap   total reserved 4124672K, committed 260096K, used 158433K [0x0000000704400000, 0x0000000800000000)
  region size 2048K, 75 young (153600K), 5 survivors (10240K)
}
Event: 74.464 {heap After GC invocations=9 (full 0):
 garbage-first heap   total reserved 4124672K, committed 260096K, used 15384K [0x0000000704400000, 0x0000000800000000)
  region size 2048K, 6 young (12288K), 6 survivors (12288K)
}

Metaspace Usage History (18 events):
Event: 0.531 {metaspace Before GC invocations=0 (full 0):
 Metaspace       used 11361K, committed 11904K, reserved 1114112K
  class space    used 1199K, committed 1408K, reserved 1048576K
}
Event: 0.534 {metaspace After GC invocations=1 (full 0):
 Metaspace       used 11361K, committed 11904K, reserved 1114112K
  class space    used 1199K, committed 1408K, reserved 1048576K
}
Event: 6.057 {metaspace Before GC invocations=1 (full 0):
 Metaspace       used 17167K, committed 17920K, reserved 1114112K
  class space    used 1467K, committed 1792K, reserved 1048576K
}
Event: 6.064 {metaspace After GC invocations=2 (full 0):
 Metaspace       used 17167K, committed 17920K, reserved 1114112K
  class space    used 1467K, committed 1792K, reserved 1048576K
}
Event: 16.623 {metaspace Before GC invocations=2 (full 0):
 Metaspace       used 17240K, committed 17984K, reserved 1114112K
  class space    used 1467K, committed 1792K, reserved 1048576K
}
Event: 16.628 {metaspace After GC invocations=3 (full 0):
 Metaspace       used 17240K, committed 17984K, reserved 1114112K
  class space    used 1467K, committed 1792K, reserved 1048576K
}
Event: 27.345 {metaspace Before GC invocations=3 (full 0):
 Metaspace       used 17285K, committed 18048K, reserved 1114112K
  class space    used 1468K, committed 1792K, reserved 1048576K
}
Event: 27.348 {metaspace After GC invocations=4 (full 0):
 Metaspace       used 17285K, committed 18048K, reserved 1114112K
  class space    used 1468K, committed 1792K, reserved 1048576K
}
Event: 38.178 {metaspace Before GC invocations=4 (full 0):
 Metaspace       used 17321K, committed 18048K, reserved 1114112K
  class space    used 1468K, committed 1792K, reserved 1048576K
}
Event: 38.181 {metaspace After GC invocations=5 (full 0):
 Metaspace       used 17321K, committed 18048K, reserved 1114112K
  class space    used 1468K, committed 1792K, reserved 1048576K
}
Event: 48.361 {metaspace Before GC invocations=5 (full 0):
 Metaspace       used 17366K, committed 18112K, reserved 1114112K
  class space    used 1469K, committed 1792K, reserved 1048576K
}
Event: 48.364 {metaspace After GC invocations=6 (full 0):
 Metaspace       used 17366K, committed 18112K, reserved 1114112K
  class space    used 1469K, committed 1792K, reserved 1048576K
}
Event: 56.261 {metaspace Before GC invocations=6 (full 0):
 Metaspace       used 17376K, committed 18112K, reserved 1114112K
  class space    used 1471K, committed 1792K, reserved 1048576K
}
Event: 56.264 {metaspace After GC invocations=7 (full 0):
 Metaspace       used 17376K, committed 18112K, reserved 1114112K
  class space    used 1471K, committed 1792K, reserved 1048576K
}
Event: 64.195 {metaspace Before GC invocations=7 (full 0):
 Metaspace       used 17393K, committed 18112K, reserved 1114112K
  class space    used 1472K, committed 1792K, reserved 1048576K
}
Event: 64.197 {metaspace After GC invocations=8 (full 0):
 Metaspace       used 17393K, committed 18112K, reserved 1114112K
  class space    used 1472K, committed 1792K, reserved 1048576K
}
Event: 74.461 {metaspace Before GC invocations=8 (full 0):
 Metaspace       used 17414K, committed 18112K, reserved 1114112K
  class space    used 1475K, committed 1792K, reserved 1048576K
}
Event: 74.464 {metaspace After GC invocations=9 (full 0):
 Metaspace       used 17414K, committed 18112K, reserved 1114112K
  class space    used 1475K, committed 1792K, reserved 1048576K
}

Dll operation events (20 events):
Event: 0.110 Attempting to load shared library C:\Users\canay\.jdks\ms-25.0.4\bin\zip.dll
Event: 0.110 Loaded shared library C:\Users\canay\.jdks\ms-25.0.4\bin\zip.dll
Event: 0.111 Attempting to load shared library C:\Users\canay\.jdks\ms-25.0.4\bin\instrument.dll
Event: 0.111 Loaded shared library C:\Users\canay\.jdks\ms-25.0.4\bin\instrument.dll
Event: 0.126 Attempting to load shared library C:\Users\canay\.jdks\ms-25.0.4\bin\verify.dll
Event: 0.126 Loaded shared library C:\Users\canay\.jdks\ms-25.0.4\bin\verify.dll
Event: 0.137 Attempting to load shared library C:\Users\canay\.jdks\ms-25.0.4\bin\jimage.dll
Event: 0.137 Loaded shared library C:\Users\canay\.jdks\ms-25.0.4\bin\jimage.dll
Event: 0.149 Attempting to load shared library C:\Users\canay\.jdks\ms-25.0.4\bin\management.dll
Event: 0.150 Loaded shared library C:\Users\canay\.jdks\ms-25.0.4\bin\management.dll
Event: 0.155 Attempting to load shared library C:\Users\canay\.jdks\ms-25.0.4\bin\management_ext.dll
Event: 0.155 Loaded shared library C:\Users\canay\.jdks\ms-25.0.4\bin\management_ext.dll
Event: 0.157 Attempting to load shared library C:\Users\canay\AppData\Local\Temp\lwjgl_canay\3.4.2+13\x64\lwjgl.dll
Event: 0.157 Loaded shared library C:\Users\canay\AppData\Local\Temp\lwjgl_canay\3.4.2+13\x64\lwjgl.dll
Event: 0.519 Attempting to load shared library C:\Users\canay\AppData\Local\Temp\lwjgl_canay\3.4.2+13\x64\lwjgl_opengl.dll
Event: 0.519 Loaded shared library C:\Users\canay\AppData\Local\Temp\lwjgl_canay\3.4.2+13\x64\lwjgl_opengl.dll
Event: 0.618 Attempting to load shared library C:\Users\canay\AppData\Local\Temp\imgui-java-natives\1.89.0\imgui-java64.dll
Event: 0.674 Loaded shared library C:\Users\canay\AppData\Local\Temp\imgui-java-natives\1.89.0\imgui-java64.dll
Event: 0.936 Attempting to load shared library C:\Users\canay\AppData\Local\Temp\lwjgl_canay\3.4.2+13\x64\lwjgl_stb.dll
Event: 0.937 Loaded shared library C:\Users\canay\AppData\Local\Temp\lwjgl_canay\3.4.2+13\x64\lwjgl_stb.dll

Deoptimization events (20 events):
Event: 54.062 Thread 0x0000017bbf0310c0 Uncommon trap: trap_request=0xffffff45 fr.pc=0x0000017bcf870640 relative=0x0000000000001a20
Event: 54.062 Thread 0x0000017bbf0310c0 Uncommon trap: reason=unstable_if action=reinterpret pc=0x0000017bcf870640 method=editor.Editor.update()V @ 30 c2
Event: 54.062 Thread 0x0000017bbf0310c0 DEOPT PACKING pc=0x0000017bcf870640 sp=0x0000005eff7ff5c0
Event: 54.062 Thread 0x0000017bbf0310c0 DEOPT UNPACKING pc=0x0000017bcf0bdc02 sp=0x0000005eff7ff5a8 mode 2
Event: 57.543 Thread 0x0000017bbf0310c0 Uncommon trap: trap_request=0xffffff45 fr.pc=0x0000017bcf8745e8 relative=0x0000000000000248
Event: 57.543 Thread 0x0000017bbf0310c0 Uncommon trap: reason=unstable_if action=reinterpret pc=0x0000017bcf8745e8 method=editor.Editor.update()V @ 66 c2
Event: 57.543 Thread 0x0000017bbf0310c0 DEOPT PACKING pc=0x0000017bcf8745e8 sp=0x0000005eff7ff610
Event: 57.543 Thread 0x0000017bbf0310c0 DEOPT UNPACKING pc=0x0000017bcf0bdc02 sp=0x0000005eff7ff5a8 mode 2
Event: 67.803 Thread 0x0000017bbf0310c0 Uncommon trap: trap_request=0xffffff45 fr.pc=0x0000017bcf878d04 relative=0x00000000000002e4
Event: 67.803 Thread 0x0000017bbf0310c0 Uncommon trap: reason=unstable_if action=reinterpret pc=0x0000017bcf878d04 method=editor.Editor.update()V @ 84 c2
Event: 67.803 Thread 0x0000017bbf0310c0 DEOPT PACKING pc=0x0000017bcf878d04 sp=0x0000005eff7ff610
Event: 67.803 Thread 0x0000017bbf0310c0 DEOPT UNPACKING pc=0x0000017bcf0bdc02 sp=0x0000005eff7ff5a8 mode 2
Event: 67.803 Thread 0x0000017bbf0310c0 Uncommon trap: trap_request=0xffffff45 fr.pc=0x0000017bcf878718 relative=0x00000000000003f8
Event: 67.803 Thread 0x0000017bbf0310c0 Uncommon trap: reason=unstable_if action=reinterpret pc=0x0000017bcf878718 method=core.renderer.Camera.move(Lcore/renderer/Camera$Direction;)V @ 27 c2
Event: 67.803 Thread 0x0000017bbf0310c0 DEOPT PACKING pc=0x0000017bcf878718 sp=0x0000005eff7ff5a0
Event: 67.803 Thread 0x0000017bbf0310c0 DEOPT UNPACKING pc=0x0000017bcf0bdc02 sp=0x0000005eff7ff538 mode 2
Event: 69.609 Thread 0x0000017bbf0310c0 Uncommon trap: trap_request=0xffffff45 fr.pc=0x0000017bcf830a10 relative=0x0000000000001e90
Event: 69.609 Thread 0x0000017bbf0310c0 Uncommon trap: reason=unstable_if action=reinterpret pc=0x0000017bcf830a10 method=imgui.ImDrawData.getCmdListVtxBufferData(I)Ljava/nio/ByteBuffer; @ 17 c2
Event: 69.609 Thread 0x0000017bbf0310c0 DEOPT PACKING pc=0x0000017bcf830a10 sp=0x0000005eff7ff5a0
Event: 69.609 Thread 0x0000017bbf0310c0 DEOPT UNPACKING pc=0x0000017bcf0bdc02 sp=0x0000005eff7ff478 mode 2

Classes loaded (20 events):
Event: 0.631 Loading class javax/management/openmbean/CompositeDataSupport
Event: 0.631 Loading class javax/management/openmbean/CompositeDataSupport done
Event: 0.631 Loading class javax/management/openmbean/OpenDataException
Event: 0.631 Loading class javax/management/openmbean/OpenDataException done
Event: 0.632 Loading class java/lang/SecurityException
Event: 0.632 Loading class java/lang/SecurityException done
Event: 0.633 Loading class java/io/ObjectStreamException
Event: 0.633 Loading class java/io/ObjectStreamException done
Event: 0.925 Loading class java/lang/IO
Event: 0.925 Loading class java/lang/IO done
Event: 1.453 Loading class java/lang/invoke/TypeConvertingMethodAdapter$1
Event: 1.453 Loading class java/lang/invoke/TypeConvertingMethodAdapter$1 done
Event: 1.453 Loading class java/lang/invoke/TypeConvertingMethodAdapter$BoxHolder
Event: 1.453 Loading class java/lang/invoke/TypeConvertingMethodAdapter$BoxHolder done
Event: 1.456 Loading class sun/util/resources/LocaleData$CommonResourceBundleProvider
Event: 1.456 Loading class sun/util/resources/LocaleData$LocaleDataResourceBundleProvider
Event: 1.456 Loading class java/util/spi/ResourceBundleProvider
Event: 1.456 Loading class java/util/spi/ResourceBundleProvider done
Event: 1.456 Loading class sun/util/resources/LocaleData$LocaleDataResourceBundleProvider done
Event: 1.456 Loading class sun/util/resources/LocaleData$CommonResourceBundleProvider done

Classes unloaded (0 events):
No events

Classes redefined (0 events):
No events

Internal exceptions (20 events):
Event: 0.936 Thread 0x0000017bbf0310c0 Exception <a 'sun/nio/fs/WindowsException'{0x0000000713277b48}> (0x0000000713277b48) 
thrown [s\src\hotspot\share\prims\jni.cpp, line 516]
Event: 0.936 Thread 0x0000017bbf0310c0 Exception <a 'sun/nio/fs/WindowsException'{0x0000000713277ec8}> (0x0000000713277ec8) 
thrown [s\src\hotspot\share\prims\jni.cpp, line 516]
Event: 0.937 Thread 0x0000017bbf0310c0 Exception <a 'sun/nio/fs/WindowsException'{0x000000071327a290}> (0x000000071327a290) 
thrown [s\src\hotspot\share\prims\jni.cpp, line 516]
Event: 0.938 Thread 0x0000017bbf0310c0 Exception <a 'sun/nio/fs/WindowsException'{0x000000071327aa60}> (0x000000071327aa60) 
thrown [s\src\hotspot\share\prims\jni.cpp, line 516]
Event: 1.451 Thread 0x0000017bbf0310c0 Exception <a 'java/lang/NoSuchMethodError'{0x0000000711155fa8}: 'double java.lang.invoke.DirectMethodHandle$Holder.invokeStatic(java.lang.Object, java.lang.Object, java.lang.Object)'> (0x0000000711155fa8) 
thrown [s\src\hotspot\share\interpreter\linkResolver.cpp, line 804]
Event: 1.451 Thread 0x0000017bbf0310c0 Exception <a 'java/lang/NoSuchMethodError'{0x000000071115e0f8}: 'double java.lang.invoke.DirectMethodHandle$Holder.invokeStaticInit(java.lang.Object, java.lang.Object, java.lang.Object)'> (0x000000071115e0f8) 
thrown [s\src\hotspot\share\interpreter\linkResolver.cpp, line 804]
Event: 1.451 Thread 0x0000017bbf0310c0 Exception <a 'java/lang/NoSuchMethodError'{0x000000071116a3b0}: 'double java.lang.invoke.DelegatingMethodHandle$Holder.reinvoke_L(java.lang.Object, java.lang.Object, java.lang.Object)'> (0x000000071116a3b0) 
thrown [s\src\hotspot\share\interpreter\linkResolver.cpp, line 804]
Event: 1.452 Thread 0x0000017bbf0310c0 Exception <a 'java/lang/NoSuchMethodError'{0x000000071118edb0}: 'double java.lang.invoke.Invokers$Holder.invokeExact_MT(java.lang.Object, java.lang.Object, java.lang.Object)'> (0x000000071118edb0) 
thrown [s\src\hotspot\share\interpreter\linkResolver.cpp, line 804]
Event: 1.454 Thread 0x0000017bbf0310c0 Exception <a 'java/lang/NoSuchMethodError'{0x00000007111bdc30}: 'int java.lang.invoke.DirectMethodHandle$Holder.invokeStatic(java.lang.Object, long, java.lang.Object)'> (0x00000007111bdc30) 
thrown [s\src\hotspot\share\interpreter\linkResolver.cpp, line 804]
Event: 1.469 Thread 0x0000017bbf0310c0 Exception <a 'java/lang/IllegalAccessError'{0x0000000710b906c8}: class org.joml.MemUtil$MemUtilInternalUnsafe (in module org.joml) cannot access class jdk.internal.misc.Unsafe (in module java.base) because module java.base does not export jdk.internal.misc to module org.joml> (0x0000000710b906c8) 
thrown [s\src\hotspot\share\interpreter\linkResolver.cpp, line 342]
Event: 1.469 Thread 0x0000017bbf0310c0 Exception <a 'java/lang/IllegalAccessError'{0x0000000710b906c8}> (0x0000000710b906c8) 
thrown [s\src\hotspot\share\oops\instanceKlass.cpp, line 1347]
Event: 1.508 Thread 0x0000017bbf0310c0 Exception <a 'java/lang/NoSuchMethodError'{0x0000000710976618}: 'void java.lang.invoke.DirectMethodHandle$Holder.invokeStaticInit(java.lang.Object, java.lang.Object, java.lang.Object, long, long)'> (0x0000000710976618) 
thrown [s\src\hotspot\share\interpreter\linkResolver.cpp, line 804]
Event: 1.509 Thread 0x0000017bbf0310c0 Exception <a 'java/lang/NoSuchMethodError'{0x0000000710986a98}: 'void java.lang.invoke.DelegatingMethodHandle$Holder.reinvoke_L(java.lang.Object, java.lang.Object, java.lang.Object, long, long)'> (0x0000000710986a98) 
thrown [s\src\hotspot\share\interpreter\linkResolver.cpp, line 804]
Event: 1.509 Thread 0x0000017bbf0310c0 Exception <a 'java/lang/NoSuchMethodError'{0x00000007109a7ae0}: 'void java.lang.invoke.DirectMethodHandle$Holder.invokeSpecial(java.lang.Object, java.lang.Object, java.lang.Object, long, long)'> (0x00000007109a7ae0) 
thrown [s\src\hotspot\share\interpreter\linkResolver.cpp, line 804]
Event: 1.514 Thread 0x0000017bbf0310c0 Exception <a 'java/lang/NoSuchMethodError'{0x00000007109e1ec0}: 'int java.lang.invoke.DirectMethodHandle$Holder.invokeStaticInit(java.lang.Object, java.lang.Object, java.lang.Object, int)'> (0x00000007109e1ec0) 
thrown [s\src\hotspot\share\interpreter\linkResolver.cpp, line 804]
Event: 1.515 Thread 0x0000017bbf0310c0 Exception <a 'java/lang/NoSuchMethodError'{0x00000007106132e0}: 'int java.lang.invoke.DirectMethodHandle$Holder.invokeSpecial(java.lang.Object, java.lang.Object, long, int)'> (0x00000007106132e0) 
thrown [s\src\hotspot\share\interpreter\linkResolver.cpp, line 804]
Event: 1.602 Thread 0x0000017bbf0310c0 Exception <a 'java/lang/NoSuchMethodError'{0x000000071066e438}: 'void java.lang.invoke.DirectMethodHandle$Holder.invokeStaticInit(java.lang.Object, java.lang.Object, java.lang.Object)'> (0x000000071066e438) 
thrown [s\src\hotspot\share\interpreter\linkResolver.cpp, line 804]
Event: 1.603 Thread 0x0000017bbf0310c0 Exception <a 'java/lang/NoSuchMethodError'{0x000000071068e790}: 'void java.lang.invoke.Invokers$Holder.invokeExact_MT(java.lang.Object, java.lang.Object, java.lang.Object)'> (0x000000071068e790) 
thrown [s\src\hotspot\share\interpreter\linkResolver.cpp, line 804]
Event: 1.603 Thread 0x0000017bbf0310c0 Exception <a 'java/lang/NoSuchMethodError'{0x0000000710696ef8}: 'void java.lang.invoke.DirectMethodHandle$Holder.invokeSpecial(java.lang.Object, java.lang.Object, long)'> (0x0000000710696ef8) 
thrown [s\src\hotspot\share\interpreter\linkResolver.cpp, line 804]
Event: 1.603 Thread 0x0000017bbf0310c0 Exception <a 'java/lang/NoSuchMethodError'{0x000000071069eb10}: 'void java.lang.invoke.Invokers$Holder.invokeExact_MT(java.lang.Object, long, java.lang.Object)'> (0x000000071069eb10) 
thrown [s\src\hotspot\share\interpreter\linkResolver.cpp, line 804]

VM Operations (20 events):
Event: 6.057 Executing safepoint VM operation: G1CollectForAllocation (G1 Evacuation Pause)
Event: 6.064 Executing safepoint VM operation: G1CollectForAllocation (G1 Evacuation Pause) done
Event: 16.623 Executing safepoint VM operation: G1CollectForAllocation (G1 Evacuation Pause)
Event: 16.628 Executing safepoint VM operation: G1CollectForAllocation (G1 Evacuation Pause) done
Event: 27.345 Executing safepoint VM operation: G1CollectForAllocation (G1 Evacuation Pause)
Event: 27.348 Executing safepoint VM operation: G1CollectForAllocation (G1 Evacuation Pause) done
Event: 38.178 Executing safepoint VM operation: G1CollectForAllocation (G1 Evacuation Pause)
Event: 38.181 Executing safepoint VM operation: G1CollectForAllocation (G1 Evacuation Pause) done
Event: 48.361 Executing safepoint VM operation: G1CollectForAllocation (G1 Evacuation Pause)
Event: 48.364 Executing safepoint VM operation: G1CollectForAllocation (G1 Evacuation Pause) done
Event: 56.261 Executing safepoint VM operation: G1CollectForAllocation (G1 Evacuation Pause)
Event: 56.264 Executing safepoint VM operation: G1CollectForAllocation (G1 Evacuation Pause) done
Event: 60.148 Executing non-safepoint VM operation: HandshakeAllThreads (HandshakeForDeflation)
Event: 60.148 Executing non-safepoint VM operation: HandshakeAllThreads (HandshakeForDeflation) done
Event: 60.148 Executing non-safepoint VM operation: RendezvousGCThreads
Event: 60.148 Executing non-safepoint VM operation: RendezvousGCThreads done
Event: 64.195 Executing safepoint VM operation: G1CollectForAllocation (G1 Evacuation Pause)
Event: 64.197 Executing safepoint VM operation: G1CollectForAllocation (G1 Evacuation Pause) done
Event: 74.461 Executing safepoint VM operation: G1CollectForAllocation (G1 Evacuation Pause)
Event: 74.464 Executing safepoint VM operation: G1CollectForAllocation (G1 Evacuation Pause) done

Memory protections (0 events):
No events

Nmethod flushes (0 events):
No events

Events (20 events):
Event: 0.489 Thread 0x0000017bdec62a60 Thread added: 0x0000017be4e29c20
Event: 0.679 Thread 0x0000017be4e29c20 Thread exited: 0x0000017be4e29c20
Event: 1.250 Thread 0x0000017bdec62a60 Thread added: 0x0000017be4e2c470
Event: 1.250 Thread 0x0000017bdec62a60 Thread added: 0x0000017be4e2dca0
Event: 1.411 Thread 0x0000017be4e2dca0 Thread exited: 0x0000017be4e2dca0
Event: 2.158 Thread 0x0000017be4e2c470 Thread exited: 0x0000017be4e2c470
Event: 2.712 Thread 0x0000017bdec62a60 Thread added: 0x0000017be4e2dca0
Event: 3.190 Thread 0x0000017bdf5de1d0 Thread exited: 0x0000017bdf5de1d0
Event: 3.191 Thread 0x0000017bdf5790d0 Thread exited: 0x0000017bdf5790d0
Event: 3.229 Thread 0x0000017bdf4a04a0 Thread exited: 0x0000017bdf4a04a0
Event: 3.682 Thread 0x0000017be4e2dca0 Thread exited: 0x0000017be4e2dca0
Event: 4.811 Thread 0x0000017bdec62a60 Thread added: 0x0000017be4e2dca0
Event: 4.811 Thread 0x0000017bdec62a60 Thread added: 0x0000017be4e2f4d0
Event: 5.720 Thread 0x0000017be4e2f4d0 Thread exited: 0x0000017be4e2f4d0
Event: 5.847 Thread 0x0000017be4e2dca0 Thread exited: 0x0000017be4e2dca0
Event: 5.850 Thread 0x0000017be46c8510 Thread added: 0x0000017be7863450
Event: 8.036 Thread 0x0000017bdec62a60 Thread added: 0x0000017be4e273d0
Event: 8.167 Thread 0x0000017bdec62a60 Thread added: 0x0000017be4e2dca0
Event: 8.960 Thread 0x0000017be4e273d0 Thread exited: 0x0000017be4e273d0
Event: 8.960 Thread 0x0000017be4e2dca0 Thread exited: 0x0000017be4e2dca0


Dynamic libraries:
0x00007ff771cc0000 - 0x00007ff771cce000 	C:\Users\canay\.jdks\ms-25.0.4\bin\java.exe
0x00007ffea2e00000 - 0x00007ffea3066000 	C:\WINDOWS\SYSTEM32\ntdll.dll
0x00007ffea24b0000 - 0x00007ffea2579000 	C:\WINDOWS\System32\KERNEL32.DLL
0x00007ffea0040000 - 0x00007ffea043f000 	C:\WINDOWS\System32\KERNELBASE.dll
0x00007ffea0910000 - 0x00007ffea0a5c000 	C:\WINDOWS\System32\ucrtbase.dll
0x00007ffe961a0000 - 0x00007ffe961be000 	C:\Users\canay\.jdks\ms-25.0.4\bin\VCRUNTIME140.dll
0x00007ffe96180000 - 0x00007ffe96197000 	C:\Users\canay\.jdks\ms-25.0.4\bin\jli.dll
0x00007ffea2120000 - 0x00007ffea22e6000 	C:\WINDOWS\System32\USER32.dll
0x00007ffea0010000 - 0x00007ffea0037000 	C:\WINDOWS\System32\win32u.dll
0x00007ffe7e260000 - 0x00007ffe7e4f1000 	C:\WINDOWS\WinSxS\amd64_microsoft.windows.common-controls_6595b64144ccf1df_6.0.26100.8972_none_3e0da176e32f9d4b\COMCTL32.dll
0x00007ffea1070000 - 0x00007ffea109b000 	C:\WINDOWS\System32\GDI32.dll
0x00007ffea2010000 - 0x00007ffea20b9000 	C:\WINDOWS\System32\msvcrt.dll
0x00007ffea0720000 - 0x00007ffea0849000 	C:\WINDOWS\System32\gdi32full.dll
0x00007ffea04e0000 - 0x00007ffea0583000 	C:\WINDOWS\System32\msvcp_win.dll
0x00007ffea2a60000 - 0x00007ffea2a92000 	C:\WINDOWS\System32\IMM32.DLL
0x00007ffe96110000 - 0x00007ffe9611c000 	C:\Users\canay\.jdks\ms-25.0.4\bin\vcruntime140_1.dll
0x00007ffe746c0000 - 0x00007ffe74749000 	C:\Users\canay\.jdks\ms-25.0.4\bin\msvcp140.dll
0x00007ffdfee00000 - 0x00007ffdffd38000 	C:\Users\canay\.jdks\ms-25.0.4\bin\server\jvm.dll
0x00007ffea2cf0000 - 0x00007ffea2dac000 	C:\WINDOWS\System32\ADVAPI32.dll
0x00007ffea2900000 - 0x00007ffea29aa000 	C:\WINDOWS\System32\sechost.dll
0x00007ffea0f50000 - 0x00007ffea1068000 	C:\WINDOWS\System32\RPCRT4.dll
0x00007ffea29b0000 - 0x00007ffea2a32000 	C:\WINDOWS\System32\WS2_32.dll
0x00007ffe9eb30000 - 0x00007ffe9eb8e000 	C:\WINDOWS\SYSTEM32\POWRPROF.dll
0x00007ffe8f9a0000 - 0x00007ffe8f9d6000 	C:\WINDOWS\SYSTEM32\WINMM.dll
0x00007ffe953c0000 - 0x00007ffe953cb000 	C:\WINDOWS\SYSTEM32\VERSION.dll
0x00007ffe9eb10000 - 0x00007ffe9eb25000 	C:\WINDOWS\SYSTEM32\UMPDC.dll
0x00007ffe9ee00000 - 0x00007ffe9ee1b000 	C:\WINDOWS\SYSTEM32\kernel.appcore.dll
0x00007ffe96100000 - 0x00007ffe9610a000 	C:\Users\canay\.jdks\ms-25.0.4\bin\jimage.dll
0x00007ffe9d590000 - 0x00007ffe9d7d2000 	C:\WINDOWS\SYSTEM32\DBGHELP.DLL
0x00007ffea0bc0000 - 0x00007ffea0f45000 	C:\WINDOWS\System32\combase.dll
0x00007ffea1720000 - 0x00007ffea17f9000 	C:\WINDOWS\System32\OLEAUT32.dll
0x00007ffe7cd40000 - 0x00007ffe7cd7b000 	C:\WINDOWS\SYSTEM32\dbgcore.DLL
0x00007ffea0a70000 - 0x00007ffea0b1c000 	C:\WINDOWS\System32\bcryptPrimitives.dll
0x00007ffe7d0f0000 - 0x00007ffe7d100000 	C:\Users\canay\.jdks\ms-25.0.4\bin\instrument.dll
0x00007ffe7d100000 - 0x00007ffe7d11f000 	C:\Users\canay\.jdks\ms-25.0.4\bin\java.dll
0x00007ffea2580000 - 0x00007ffea2719000 	C:\WINDOWS\System32\ole32.dll
0x00007ffea1860000 - 0x00007ffea1fe8000 	C:\WINDOWS\System32\SHELL32.dll
0x00007ffe9daa0000 - 0x00007ffe9e33b000 	C:\WINDOWS\SYSTEM32\windows.storage.dll
0x00007ffea2bf0000 - 0x00007ffea2ce9000 	C:\WINDOWS\System32\SHCORE.dll
0x00007ffea2ac0000 - 0x00007ffea2b26000 	C:\WINDOWS\System32\shlwapi.dll
0x00007ffe9ff30000 - 0x00007ffe9ff59000 	C:\WINDOWS\SYSTEM32\profapi.dll
0x00007ffe7c090000 - 0x00007ffe7c0a2000 	C:\Users\canay\.jdks\ms-25.0.4\bin\net.dll
0x00007ffe9f3d0000 - 0x00007ffe9f43c000 	C:\WINDOWS\system32\mswsock.dll
0x00007ffe746a0000 - 0x00007ffe746b6000 	C:\Users\canay\.jdks\ms-25.0.4\bin\nio.dll
0x00007ffe74680000 - 0x00007ffe74696000 	C:\Users\canay\.jdks\ms-25.0.4\bin\zip.dll
0x00007ffe7d0e0000 - 0x00007ffe7d0f0000 	C:\Users\canay\.jdks\ms-25.0.4\bin\verify.dll
0x00007ffe9e7a0000 - 0x00007ffe9e8f8000 	C:\WINDOWS\SYSTEM32\DNSAPI.dll
0x00007ffe9f1d0000 - 0x00007ffe9f1dd000 	C:\WINDOWS\SYSTEM32\DSPARSE.dll
0x00007ffe9e700000 - 0x00007ffe9e733000 	C:\WINDOWS\SYSTEM32\IPHLPAPI.DLL
0x00007ffea2000000 - 0x00007ffea200a000 	C:\WINDOWS\System32\NSI.dll
0x00007ffe95ac0000 - 0x00007ffe95acb000 	C:\Windows\System32\rasadhlp.dll
0x00007ffe985c0000 - 0x00007ffe98646000 	C:\WINDOWS\System32\fwpuclnt.dll
0x00007ffe77520000 - 0x00007ffe7752a000 	C:\Users\canay\.jdks\ms-25.0.4\bin\management.dll
0x00007ffe74670000 - 0x00007ffe7467c000 	C:\Users\canay\.jdks\ms-25.0.4\bin\management_ext.dll
0x00007ffea1850000 - 0x00007ffea1858000 	C:\WINDOWS\System32\PSAPI.DLL
0x00007ffe6bba0000 - 0x00007ffe6bc26000 	C:\Users\canay\AppData\Local\Temp\lwjgl_canay\3.4.2+13\x64\lwjgl.dll
0x00007ffe6b8b0000 - 0x00007ffe6b93a000 	C:\Users\canay\AppData\Local\Temp\lwjgl_canay\3.4.2+13\x64\glfw.dll
0x00007ffe9f6e0000 - 0x00007ffe9f6fb000 	C:\WINDOWS\SYSTEM32\CRYPTSP.dll
0x00007ffe9ed50000 - 0x00007ffe9ed89000 	C:\WINDOWS\system32\rsaenh.dll
0x00007ffe9f480000 - 0x00007ffe9f4b2000 	C:\WINDOWS\SYSTEM32\USERENV.dll
0x00007ffe9ff00000 - 0x00007ffe9ff2a000 	C:\WINDOWS\SYSTEM32\bcrypt.dll
0x00007ffe9f6c0000 - 0x00007ffe9f6cc000 	C:\WINDOWS\SYSTEM32\CRYPTBASE.dll
0x00007ffe547a0000 - 0x00007ffe547b8000 	C:\WINDOWS\system32\napinsp.dll
0x00007ffe54780000 - 0x00007ffe54793000 	C:\WINDOWS\System32\winrnr.dll
0x00007ffe54530000 - 0x00007ffe54552000 	C:\WINDOWS\system32\nlansp_c.dll
0x00007ffe946c0000 - 0x00007ffe946d6000 	C:\WINDOWS\system32\wshbth.dll
0x00007ffe02770000 - 0x00007ffe027bb000 	C:\WINDOWS\SYSTEM32\dinput8.dll
0x00007ffe17cf0000 - 0x00007ffe17d0b000 	C:\WINDOWS\SYSTEM32\xinput1_4.dll
0x00007ffe9fcd0000 - 0x00007ffe9fcff000 	C:\WINDOWS\SYSTEM32\DEVOBJ.dll
0x00007ffe9fc50000 - 0x00007ffe9fca2000 	C:\WINDOWS\SYSTEM32\cfgmgr32.dll
0x00007ffe9a580000 - 0x00007ffe9a5af000 	C:\WINDOWS\SYSTEM32\dwmapi.dll
0x00007ffe78140000 - 0x00007ffe78323000 	C:\WINDOWS\SYSTEM32\inputhost.dll
0x00007ffe982d0000 - 0x00007ffe983fb000 	C:\WINDOWS\SYSTEM32\CoreMessaging.dll
0x00007ffe986d0000 - 0x00007ffe98728000 	C:\WINDOWS\SYSTEM32\pdh.dll
0x00007ffe9a280000 - 0x00007ffe9a328000 	C:\WINDOWS\system32\uxtheme.dll
0x00007ffea15b0000 - 0x00007ffea170d000 	C:\WINDOWS\System32\MSCTF.dll
0x00007ffe7cf00000 - 0x00007ffe7d00c000 	C:\WINDOWS\SYSTEM32\opengl32.dll
0x00007ffe8f0f0000 - 0x00007ffe8f11d000 	C:\WINDOWS\SYSTEM32\GLU32.dll
0x00007ffe9cd60000 - 0x00007ffe9cda5000 	C:\WINDOWS\SYSTEM32\dxcore.dll
0x00007ffe93e50000 - 0x00007ffe93eaf000 	C:\WINDOWS\SYSTEM32\directxdatabasehelper.dll
0x00007ffe881d0000 - 0x00007ffe881ef000 	C:\WINDOWS\SYSTEM32\windows.staterepositorycore.dll
0x00007ffdfd340000 - 0x00007ffdfe5c5000 	C:\WINDOWS\System32\DriverStore\FileRepository\iigd_dch.inf_amd64_f63934308f6cc308\igxelpicd64.dll
0x00007ffe9a420000 - 0x00007ffe9a55a000 	C:\WINDOWS\system32\dxgi.dll
0x00007ffdfcfe0000 - 0x00007ffdfd334000 	C:\WINDOWS\System32\DriverStore\FileRepository\iigd_dch.inf_amd64_f63934308f6cc308\igdml64.dll
0x00007ffe83b70000 - 0x00007ffe83fae000 	C:\WINDOWS\System32\DriverStore\FileRepository\iigd_dch.inf_amd64_f63934308f6cc308\igdgmm64.dll
0x00007ffe7f0f0000 - 0x00007ffe83132000 	C:\WINDOWS\System32\DriverStore\FileRepository\iigd_dch.inf_amd64_f63934308f6cc308\igc64.dll
0x00007ffe6b850000 - 0x00007ffe6b8ae000 	C:\Users\canay\AppData\Local\Temp\lwjgl_canay\3.4.2+13\x64\lwjgl_opengl.dll
0x00007ffe98920000 - 0x00007ffe98932000 	C:\WINDOWS\System32\perfproc.dll
0x00007ffe78a50000 - 0x00007ffe78b96000 	C:\WINDOWS\SYSTEM32\textinputframework.dll
0x00007ffe877a0000 - 0x00007ffe87a84000 	C:\WINDOWS\SYSTEM32\CoreUIComponents.dll
0x00007ffe98d50000 - 0x00007ffe98eba000 	C:\WINDOWS\SYSTEM32\wintypes.dll
0x00007ffe7e200000 - 0x00007ffe7e211000 	C:\WINDOWS\System32\perfos.dll
0x00007ffe9e360000 - 0x00007ffe9e372000 	C:\WINDOWS\SYSTEM32\pfclient.dll
0x00007ffdfc530000 - 0x00007ffdfcd24000 	C:\Users\canay\AppData\Local\Temp\imgui-java-natives\1.89.0\imgui-java64.dll
0x00007ffe62b00000 - 0x00007ffe62c83000 	C:\Users\canay\AppData\Local\Temp\lwjgl_canay\3.4.2+13\x64\draco.dll
0x00007ffdfbf20000 - 0x00007ffdfc52d000 	C:\Users\canay\AppData\Local\Temp\lwjgl_canay\3.4.2+13\x64\assimp.dll
0x00007ffe62a00000 - 0x00007ffe62a9a000 	C:\Users\canay\AppData\Local\Temp\lwjgl_canay\3.4.2+13\x64\lwjgl_stb.dll
0x00007ffe9e340000 - 0x00007ffe9e34f000 	C:\WINDOWS\SYSTEM32\HID.DLL
0x00007ffea1120000 - 0x00007ffea15a7000 	C:\WINDOWS\System32\SETUPAPI.DLL
0x00007ffea0450000 - 0x00007ffea04d3000 	C:\WINDOWS\System32\WINTRUST.dll
0x00007ffea0590000 - 0x00007ffea070e000 	C:\WINDOWS\System32\CRYPT32.dll
0x00007ffe9f740000 - 0x00007ffe9f753000 	C:\WINDOWS\SYSTEM32\MSASN1.dll

JVMTI agents:
C:\Program Files\JetBrains\IntelliJ IDEA 2026.2.0.1\lib\idea_rt.jar path:C:\Users\canay\.jdks\ms-25.0.4\bin\instrument.dll, loaded, initialized, instrumentlib options:60581

dbghelp: loaded successfully - version: 4.0.5 - missing functions: none
symbol engine: initialized successfully - sym options: 0x614 - pdb path: .;C:\Users\canay\.jdks\ms-25.0.4\bin;C:\WINDOWS\SYSTEM32;C:\WINDOWS\WinSxS\amd64_microsoft.windows.common-controls_6595b64144ccf1df_6.0.26100.8972_none_3e0da176e32f9d4b;C:\Users\canay\.jdks\ms-25.0.4\bin\server;C:\Users\canay\AppData\Local\Temp\lwjgl_canay\3.4.2+13\x64;C:\WINDOWS\System32\DriverStore\FileRepository\iigd_dch.inf_amd64_f63934308f6cc308;C:\Users\canay\AppData\Local\Temp\imgui-java-natives\1.89.0

VM Arguments:
jvm_args: --enable-native-access=org.lwjgl,org.lwjgl.opengl,org.lwjgl.stb -Dorg.lwjgl.system.allocator=system -Xcheck:jni -javaagent:C:\Program Files\JetBrains\IntelliJ IDEA 2026.2.0.1\lib\idea_rt.jar=60581 -Dfile.encoding=UTF-8 -Dsun.stdout.encoding=UTF-8 -Dsun.stderr.encoding=UTF-8 --module-path=C:\Users\canay\.m2\repository\org\lwjgl\lwjgl-opengl\3.4.2\lwjgl-opengl-3.4.2.jar;C:\Users\canay\.m2\repository\org\lwjgl\lwjgl-assimp\3.4.2\lwjgl-assimp-3.4.2.jar;C:\Users\canay\Documents\Java\LWJGLEngine\engine-editor\target\classes;C:\Users\canay\Documents\Java\LWJGLEngine\engine-core\target\classes;C:\Users\canay\.m2\repository\org\projectlombok\lombok\1.18.46\lombok-1.18.46.jar;C:\Users\canay\.m2\repository\io\github\spair\imgui-java-binding\1.89.0\imgui-java-binding-1.89.0.jar;C:\Users\canay\.m2\repository\org\lwjgl\lwjgl-glfw\3.4.2\lwjgl-glfw-3.4.2.jar;C:\Users\canay\.m2\repository\org\joml\joml\1.10.9\joml-1.10.9.jar;C:\Users\canay\.m2\repository\io\github\spair\imgui-java-lwjgl3\1.89.0\imgui-java-lwjgl3-1.89.0.jar;C:\Users\canay\.m2\repository\org\lwjgl\lwjgl\3.4.2\lwjgl-3.4.2.jar;C:\Users\canay\.m2\repository\org\lwjgl\lwjgl-stb\3.4.2\lwjgl-stb-3.4.2.jar -Djdk.module.main=engine.editor 
java_command: engine.editor/editor.Editor
java_class_path (initial): C:\Users\canay\Documents\Java\LWJGLEngine\engine-api\target\classes;C:\Users\canay\.m2\repository\org\lwjgl\lwjgl-openal\3.4.2\lwjgl-openal-3.4.2.jar;C:\Users\canay\.m2\repository\org\lwjgl\lwjgl\3.4.2\lwjgl-3.4.2-natives-windows.jar;C:\Users\canay\.m2\repository\org\lwjgl\lwjgl-assimp\3.4.2\lwjgl-assimp-3.4.2-natives-windows.jar;C:\Users\canay\.m2\repository\org\lwjgl\lwjgl-glfw\3.4.2\lwjgl-glfw-3.4.2-natives-windows.jar;C:\Users\canay\.m2\repository\org\lwjgl\lwjgl-openal\3.4.2\lwjgl-openal-3.4.2-natives-windows.jar;C:\Users\canay\.m2\repository\org\lwjgl\lwjgl-opengl\3.4.2\lwjgl-opengl-3.4.2-natives-windows.jar;C:\Users\canay\.m2\repository\org\lwjgl\lwjgl-stb\3.4.2\lwjgl-stb-3.4.2-natives-windows.jar;C:\Users\canay\.m2\repository\io\github\spair\imgui-java-natives-windows\1.89.0\imgui-java-natives-windows-1.89.0.jar
Launcher Type: SUN_STANDARD

[Global flags]
     intx CICompilerCount                          = 12                                        {product} {ergonomic}
     uint ConcGCThreads                            = 3                                         {product} {ergonomic}
     uint G1ConcRefinementThreads                  = 13                                        {product} {ergonomic}
   size_t G1HeapRegionSize                         = 2097152                                   {product} {ergonomic}
   size_t InitialHeapSize                          = 264241152                                 {product} {ergonomic}
   size_t MarkStackSize                            = 4194304                                   {product} {ergonomic}
   size_t MarkStackSizeMax                         = 536870912                                 {product} {ergonomic}
   size_t MaxHeapSize                              = 4223664128                                {product} {ergonomic}
   size_t MaxNewSize                               = 2533359616                                {product} {ergonomic}
   size_t MinHeapDeltaBytes                        = 2097152                                   {product} {ergonomic}
   size_t MinHeapSize                              = 8388608                                   {product} {ergonomic}
    uintx NonNMethodCodeHeapSize                   = 7667712                                {pd product} {ergonomic}
    uintx NonProfiledCodeHeapSize                  = 122028032                              {pd product} {ergonomic}
    uintx ProfiledCodeHeapSize                     = 122028032                              {pd product} {ergonomic}
    uintx ReservedCodeCacheSize                    = 251723776                              {pd product} {ergonomic}
     bool SegmentedCodeCache                       = true                                      {product} {ergonomic}
   size_t SoftMaxHeapSize                          = 4223664128                             {manageable} {ergonomic}
     bool UseCompressedOops                        = true                           {product lp64_product} {ergonomic}
     bool UseG1GC                                  = true                                      {product} {ergonomic}
     bool UseLargePagesIndividualAllocation        = false                                  {pd product} {ergonomic}

Logging:
Log output configuration:
 #0: stdout all=warning uptime,level,tags foldmultilines=false
 #1: stderr all=off uptime,level,tags foldmultilines=false

Release file:
IMPLEMENTOR="Microsoft" 
IMPLEMENTOR_VERSION="Microsoft-14670760" 
JAVA_RUNTIME_VERSION="25.0.4+7-LTS" 
JAVA_VERSION="25.0.4" 
JAVA_VERSION_DATE="2026-07-21" 
LIBC="default" 
MODULES="java.base java.compiler java.datatransfer java.xml java.prefs java.desktop java.instrument java.logging java.management java.security.sasl java.naming java.rmi java.management.rmi java.net.http java.scripting java.security.jgss java.transaction.xa java.sql java.sql.rowset java.xml.crypto java.se java.smartcardio jdk.accessibility jdk.internal.jvmstat jdk.attach jdk.charsets jdk.internal.opt jdk.zipfs jdk.compiler jdk.crypto.cryptoki jdk.crypto.ec jdk.crypto.mscapi jdk.dynalink jdk.internal.ed jdk.editpad jdk.internal.vm.ci jdk.graal.compiler jdk.graal.compiler.management jdk.hotspot.agent jdk.httpserver jdk.incubator.vector jdk.internal.le jdk.internal.md jdk.jartool jdk.javadoc jdk.jcmd jdk.management jdk.management.agent jdk.jconsole jdk.jdeps jdk.jdwp.agent jdk.jdi jdk.jfr jdk.jlink jdk.jpackage jdk.jshell jdk.jsobject jdk.jstatd jdk.localedata jdk.management.jfr jdk.naming.dns jdk.naming.rmi jdk.net jdk.nio.mapmode jdk.sctp jdk.security.auth jdk.security.jgss jdk.unsupported jdk.unsupported.desktop jdk.xml.dom" 
OS_ARCH="x86_64" 
OS_NAME="Windows" 
SOURCE=".:git:02f2f8ab961b" 

Environment Variables:
PATH=C:\WINDOWS\system32;C:\WINDOWS;C:\WINDOWS\System32\Wbem;C:\WINDOWS\System32\WindowsPowerShell\v1.0\;C:\WINDOWS\System32\OpenSSH\;C:\Program Files (x86)\NVIDIA Corporation\PhysX\Common;C:\Users\canay\AppData\Local\Microsoft\WindowsApps;C:\Program Files\JetBrains\IntelliJ IDEA 2026.2.0.1\bin
USERNAME=canay
OS=Windows_NT
PROCESSOR_IDENTIFIER=Intel64 Family 6 Model 141 Stepping 1, GenuineIntel
TMP=C:\Users\canay\AppData\Local\Temp
TEMP=C:\Users\canay\AppData\Local\Temp




Compilation memory statistics disabled.

Periodic native trim disabled

---------------  S Y S T E M  ---------------

OS:
 Windows 11 , 64 bit Build 26100 (10.0.26100.9168)
OS uptime: 9 days 1:01 hours
Hyper-V role detected

CPU: total 16 (initial active 16) (8 cores per cpu, 2 threads per core) family 6 model 141 stepping 1 microcode 0x34, cx8, cmov, fxsr, ht, mmx, 3dnowpref, sse, sse2, sse3, ssse3, sse4.1, sse4.2, popcnt, lzcnt, tsc, tscinvbit, avx, avx2, aes, erms, clmul, bmi1, bmi2, adx, avx512f, avx512dq, avx512cd, avx512bw, avx512vl, sha, fma, vzeroupper, avx512_vpopcntdq, avx512_vpclmulqdq, avx512_vaes, avx512_vnni, clflush, clflushopt, clwb, avx512_vbmi2, avx512_vbmi, hv, rdtscp, rdpid, fsrm, gfni, avx512_bitalg, f16c, cet_ibt, cet_ss, avx512_ifma
Processor Information for the first 16 processors :
  Max Mhz: 2304, Current Mhz: 2304, Mhz Limit: 2304

Memory: 4k page, system-wide physical 16106M (4019M free)
TotalPageFile size 24810M (AvailPageFile size 12138M)
current process WorkingSet (physical memory assigned to process): 663M, peak: 1021M
current process commit charge ("private bytes"): 762M, peak: 1176M

vm_info: OpenJDK 64-Bit Server VM (25.0.4+7-LTS) for windows-amd64 JRE (25.0.4+7-LTS), built on 2026-07-15T23:16:56Z with MS VC++ 17.14 (VS2022)

END.
